{"type": "FeatureCollection", "features": [{"type": "Feature", "properties": {"weight": "heavy", "source": "R-10434.2"}, "geometry": {"type": "LineString", "coordinates": [[-122.45788565, 37.80275944], [-122.45877454, 37.80249789]]}}, {"type": "Feature", "properties": {"weight": "heavy", "source": "R-10434.2"}, "geometry": {"type": "LineString", "coordinates": [[-122.45877454, 37.80249789], [-122.45877629, 37.80250609]]}}, {"type": "Feature", "properties": {"weight": "heavy", "source": "R-10434.2"}, "geometry": {"type": "LineString", "coordinates": [[-122.45877629, 37.80250609], [-122.45891641, 37.80246495]]}}, {"type": "Feature", "properties": {"weight": "heavy", "source": "R-10434.2"}, "geometry": {"type": "LineString", "coordinates": [[-122.45891641, 37.80246495], [-122.45890854, 37.80242507]]}}, {"type": "Feature", "properties": {"weight": "heavy", "source": "R-10434.2"}, "geometry": {"type": "LineString", "coordinates": [[-122.45890854, 37.80242507], [-122.45938236, 37.80236468]]}}, {"type": "Feature", "properties": {"weight": "heavy", "source": "R-10434.2"}, "geometry": {"type": "LineString", "coordinates": [[-122.45938236, 37.80236468], [-122.4595762, 37.80230988]]}}, {"type": "Feature", "properties": {"weight": "heavy", "source": "R-10434.2"}, "geometry": {"type": "LineString", "coordinates": [[-122.4595762, 37.80230988], [-122.45964151, 37.80231998]]}}, {"type": "Feature", "properties": {"weight": "heavy", "source": "R-10434.2"}, "geometry": {"type": "LineString", "coordinates": [[-122.45964151, 37.80231998], [-122.4601567, 37.80220181]]}}, {"type": "Feature", "properties": {"weight": "heavy", "source": "R-10434.2"}, "geometry": {"type": "LineString", "coordinates": [[-122.4601567, 37.80220181], [-122.46022125, 37.80218446]]}}, {"type": "Feature", "properties": {"weight": "heavy", "source": "R-10434.2"}, "geometry": {"type": "LineString", "coordinates": [[-122.46022125, 37.80218446], [-122.46028612, 37.80216779]]}}, {"type": "Feature", "properties": {"weight": "heavy", "source": "R-10434.2"}, "geometry": {"type": "LineString", "coordinates": [[-122.46028612, 37.80216779], [-122.4603516, 37.80215225]]}}, {"type": "Feature", "properties": {"weight": "heavy", "source": "R-10434.2"}, "geometry": {"type": "LineString", "coordinates": [[-122.4603516, 37.80215225], [-122.46041712, 37.8021374]]}}, {"type": "Feature", "properties": {"weight": "heavy", "source": "R-10434.2"}, "geometry": {"type": "LineString", "coordinates": [[-122.46041712, 37.8021374], [-122.46048295, 37.80212345]]}}, {"type": "Feature", "properties": {"weight": "heavy", "source": "R-10434.2"}, "geometry": {"type": "LineString", "coordinates": [[-122.46048295, 37.80212345], [-122.46054912, 37.80211064]]}}, {"type": "Feature", "properties": {"weight": "heavy", "source": "R-10434.2"}, "geometry": {"type": "LineString", "coordinates": [[-122.46054912, 37.80211064], [-122.4606156, 37.80209851]]}}, {"type": "Feature", "properties": {"weight": "heavy", "source": "R-10434.2"}, "geometry": {"type": "LineString", "coordinates": [[-122.4606156, 37.80209851], [-122.46068241, 37.80208728]]}}, {"type": "Feature", "properties": {"weight": "heavy", "source": "R-10434.2"}, "geometry": {"type": "LineString", "coordinates": [[-122.46068241, 37.80208728], [-122.46074926, 37.8020772]]}}, {"type": "Feature", "properties": {"weight": "heavy", "source": "R-10434.2"}, "geometry": {"type": "LineString", "coordinates": [[-122.46074926, 37.8020772], [-122.46081642, 37.8020678]]}}, {"type": "Feature", "properties": {"weight": "heavy", "source": "R-10434.2"}, "geometry": {"type": "LineString", "coordinates": [[-122.46081642, 37.8020678], [-122.46088363, 37.80205955]]}}, {"type": "Feature", "properties": {"weight": "heavy", "source": "R-10434.2"}, "geometry": {"type": "LineString", "coordinates": [[-122.46088363, 37.80205955], [-122.46095115, 37.80205197]]}}, {"type": "Feature", "properties": {"weight": "heavy", "source": "R-10434.2"}, "geometry": {"type": "LineString", "coordinates": [[-122.46095115, 37.80205197], [-122.4610963, 37.80197658]]}}, {"type": "Feature", "properties": {"weight": "heavy", "source": "R-10434.2"}, "geometry": {"type": "LineString", "coordinates": [[-122.4610963, 37.80197658], [-122.46117236, 37.80189782]]}}, {"type": "Feature", "properties": {"weight": "heavy", "source": "R-10434.2"}, "geometry": {"type": "LineString", "coordinates": [[-122.46117236, 37.80189782], [-122.46136403, 37.80187696]]}}, {"type": "Feature", "properties": {"weight": "heavy", "source": "R-10434.2"}, "geometry": {"type": "LineString", "coordinates": [[-122.46136403, 37.80187696], [-122.4613853, 37.80187461]]}}, {"type": "Feature", "properties": {"weight": "heavy", "source": "R-10434.2"}, "geometry": {"type": "LineString", "coordinates": [[-122.4613853, 37.80187461], [-122.46146032, 37.80186708]]}}, {"type": "Feature", "properties": {"weight": "heavy", "source": "R-10434.2"}, "geometry": {"type": "LineString", "coordinates": [[-122.46146032, 37.80186708], [-122.46153538, 37.80186047]]}}, {"type": "Feature", "properties": {"weight": "heavy", "source": "R-10434.2"}, "geometry": {"type": "LineString", "coordinates": [[-122.46153538, 37.80186047], [-122.46161077, 37.80185476]]}}, {"type": "Feature", "properties": {"weight": "heavy", "source": "R-10434.2"}, "geometry": {"type": "LineString", "coordinates": [[-122.46161077, 37.80185476], [-122.46168619, 37.80184997]]}}, {"type": "Feature", "properties": {"weight": "heavy", "source": "R-10434.2"}, "geometry": {"type": "LineString", "coordinates": [[-122.46168619, 37.80184997], [-122.46176134, 37.80184587]]}}, {"type": "Feature", "properties": {"weight": "heavy", "source": "R-10434.2"}, "geometry": {"type": "LineString", "coordinates": [[-122.46176134, 37.80184587], [-122.46183683, 37.80184291]]}}, {"type": "Feature", "properties": {"weight": "heavy", "source": "R-10434.2"}, "geometry": {"type": "LineString", "coordinates": [[-122.46183683, 37.80184291], [-122.46191235, 37.80184064]]}}, {"type": "Feature", "properties": {"weight": "heavy", "source": "R-10434.2"}, "geometry": {"type": "LineString", "coordinates": [[-122.46191235, 37.80184064], [-122.46198791, 37.80183951]]}}, {"type": "Feature", "properties": {"weight": "heavy", "source": "R-10434.2"}, "geometry": {"type": "LineString", "coordinates": [[-122.46198791, 37.80183951], [-122.46206349, 37.80183906]]}}, {"type": "Feature", "properties": {"weight": "heavy", "source": "R-10434.2"}, "geometry": {"type": "LineString", "coordinates": [[-122.46206349, 37.80183906], [-122.46213912, 37.80183953]]}}, {"type": "Feature", "properties": {"weight": "heavy", "source": "R-10434.2"}, "geometry": {"type": "LineString", "coordinates": [[-122.46213912, 37.80183953], [-122.46221477, 37.80184091]]}}, {"type": "Feature", "properties": {"weight": "heavy", "source": "R-10434.2"}, "geometry": {"type": "LineString", "coordinates": [[-122.46221477, 37.80184091], [-122.46229017, 37.80184322]]}}, {"type": "Feature", "properties": {"weight": "heavy", "source": "R-10434.2"}, "geometry": {"type": "LineString", "coordinates": [[-122.46229017, 37.80184322], [-122.46236561, 37.80184644]]}}, {"type": "Feature", "properties": {"weight": "heavy", "source": "R-10434.2"}, "geometry": {"type": "LineString", "coordinates": [[-122.46236561, 37.80184644], [-122.46244107, 37.80185035]]}}, {"type": "Feature", "properties": {"weight": "heavy", "source": "R-10434.2"}, "geometry": {"type": "LineString", "coordinates": [[-122.46244107, 37.80185035], [-122.46251629, 37.80185541]]}}, {"type": "Feature", "properties": {"weight": "heavy", "source": "R-10434.2"}, "geometry": {"type": "LineString", "coordinates": [[-122.46251629, 37.80185541], [-122.46259154, 37.80186115]]}}, {"type": "Feature", "properties": {"weight": "heavy", "source": "R-10434.2"}, "geometry": {"type": "LineString", "coordinates": [[-122.46259154, 37.80186115], [-122.46266682, 37.80186781]]}}, {"type": "Feature", "properties": {"weight": "heavy", "source": "R-10434.2"}, "geometry": {"type": "LineString", "coordinates": [[-122.46266682, 37.80186781], [-122.46274157, 37.80187563]]}}, {"type": "Feature", "properties": {"weight": "heavy", "source": "R-10434.2"}, "geometry": {"type": "LineString", "coordinates": [[-122.46274157, 37.80187563], [-122.46281633, 37.8018839]]}}, {"type": "Feature", "properties": {"weight": "heavy", "source": "R-10434.2"}, "geometry": {"type": "LineString", "coordinates": [[-122.46281633, 37.8018839], [-122.46289114, 37.80189332]]}}, {"type": "Feature", "properties": {"weight": "heavy", "source": "R-10434.2"}, "geometry": {"type": "LineString", "coordinates": [[-122.46289114, 37.80189332], [-122.4629657, 37.80190366]]}}, {"type": "Feature", "properties": {"weight": "heavy", "source": "R-10434.2"}, "geometry": {"type": "LineString", "coordinates": [[-122.4629657, 37.80190366], [-122.4630397, 37.8019147]]}}, {"type": "Feature", "properties": {"weight": "heavy", "source": "R-10434.2"}, "geometry": {"type": "LineString", "coordinates": [[-122.4630397, 37.8019147], [-122.46311374, 37.80192666]]}}, {"type": "Feature", "properties": {"weight": "heavy", "source": "R-10434.2"}, "geometry": {"type": "LineString", "coordinates": [[-122.46311374, 37.80192666], [-122.46318782, 37.80193953]]}}, {"type": "Feature", "properties": {"weight": "heavy", "source": "R-10434.2"}, "geometry": {"type": "LineString", "coordinates": [[-122.46318782, 37.80193953], [-122.46326135, 37.80195333]]}}, {"type": "Feature", "properties": {"weight": "heavy", "source": "R-10434.2"}, "geometry": {"type": "LineString", "coordinates": [[-122.46326135, 37.80195333], [-122.46333463, 37.80196805]]}}, {"type": "Feature", "properties": {"weight": "heavy", "source": "R-10434.2"}, "geometry": {"type": "LineString", "coordinates": [[-122.46333463, 37.80196805], [-122.46407221, 37.80211949]]}}, {"type": "Feature", "properties": {"weight": "heavy", "source": "R-10434.2"}, "geometry": {"type": "LineString", "coordinates": [[-122.46409159, 37.80212063], [-122.46697618, 37.8027119]]}}, {"type": "Feature", "properties": {"weight": "heavy", "source": "R-10434.2"}, "geometry": {"type": "LineString", "coordinates": [[-122.46697618, 37.8027119], [-122.46758083, 37.80285783]]}}, {"type": "Feature", "properties": {"weight": "heavy", "source": "R-10434.2"}, "geometry": {"type": "LineString", "coordinates": [[-122.46758083, 37.80285783], [-122.46755901, 37.80296619]]}}, {"type": "Feature", "properties": {"weight": "heavy", "source": "R-10434.2"}, "geometry": {"type": "LineString", "coordinates": [[-122.46755901, 37.80296619], [-122.46800358, 37.80310659]]}}, {"type": "Feature", "properties": {"weight": "heavy", "source": "R-10434.2"}, "geometry": {"type": "LineString", "coordinates": [[-122.46800358, 37.80310659], [-122.46810793, 37.80305851]]}}, {"type": "Feature", "properties": {"weight": "heavy", "source": "R-10434.2"}, "geometry": {"type": "LineString", "coordinates": [[-122.46810793, 37.80305851], [-122.46813375, 37.80300179]]}}, {"type": "Feature", "properties": {"weight": "heavy", "source": "R-10434.2"}, "geometry": {"type": "LineString", "coordinates": [[-122.46813375, 37.80300179], [-122.46824024, 37.80303219]]}}, {"type": "Feature", "properties": {"weight": "heavy", "source": "R-10434.2"}, "geometry": {"type": "LineString", "coordinates": [[-122.46824024, 37.80303219], [-122.46832429, 37.80305672]]}}, {"type": "Feature", "properties": {"weight": "heavy", "source": "R-10434.2"}, "geometry": {"type": "LineString", "coordinates": [[-122.46479455, 37.801812], [-122.46495037, 37.80184213]]}}, {"type": "Feature", "properties": {"weight": "heavy", "source": "R-10434.2"}, "geometry": {"type": "LineString", "coordinates": [[-122.46495037, 37.80184213], [-122.46495937, 37.80181352]]}}, {"type": "Feature", "properties": {"weight": "heavy", "source": "R-10434.2"}, "geometry": {"type": "LineString", "coordinates": [[-122.46495937, 37.80181352], [-122.46566025, 37.80194821]]}}, {"type": "Feature", "properties": {"weight": "heavy", "source": "R-10434.2"}, "geometry": {"type": "LineString", "coordinates": [[-122.46566025, 37.80194821], [-122.46564589, 37.80199526]]}}, {"type": "Feature", "properties": {"weight": "heavy", "source": "R-10434.2"}, "geometry": {"type": "LineString", "coordinates": [[-122.46564589, 37.80199526], [-122.46617379, 37.80209656]]}}, {"type": "Feature", "properties": {"weight": "heavy", "source": "R-10434.2"}, "geometry": {"type": "LineString", "coordinates": [[-122.46617379, 37.80209656], [-122.46716075, 37.8022493]]}}, {"type": "Feature", "properties": {"weight": "heavy", "source": "R-10434.2"}, "geometry": {"type": "LineString", "coordinates": [[-122.46716075, 37.8022493], [-122.46810194, 37.80235963]]}}, {"type": "Feature", "properties": {"weight": "heavy", "source": "R-10434.2"}, "geometry": {"type": "LineString", "coordinates": [[-122.46810194, 37.80235963], [-122.46813294, 37.80236278]]}}, {"type": "Feature", "properties": {"weight": "heavy", "source": "R-10434.2"}, "geometry": {"type": "LineString", "coordinates": [[-122.46813294, 37.80236278], [-122.46816419, 37.802365]]}}, {"type": "Feature", "properties": {"weight": "heavy", "source": "R-10434.2"}, "geometry": {"type": "LineString", "coordinates": [[-122.46816419, 37.802365], [-122.4681954, 37.80236631]]}}, {"type": "Feature", "properties": {"weight": "heavy", "source": "R-10434.2"}, "geometry": {"type": "LineString", "coordinates": [[-122.4681954, 37.80236631], [-122.46822659, 37.80236693]]}}, {"type": "Feature", "properties": {"weight": "heavy", "source": "R-10434.2"}, "geometry": {"type": "LineString", "coordinates": [[-122.46822659, 37.80236693], [-122.46825802, 37.8023664]]}}, {"type": "Feature", "properties": {"weight": "heavy", "source": "R-10434.2"}, "geometry": {"type": "LineString", "coordinates": [[-122.46825802, 37.8023664], [-122.46828913, 37.80236496]]}}, {"type": "Feature", "properties": {"weight": "heavy", "source": "R-10434.2"}, "geometry": {"type": "LineString", "coordinates": [[-122.46828913, 37.80236496], [-122.46829776, 37.8023643]]}}, {"type": "Feature", "properties": {"weight": "heavy", "source": "R-10434.2"}, "geometry": {"type": "LineString", "coordinates": [[-122.46475599, 37.80181499], [-122.46443216, 37.80175273]]}}, {"type": "Feature", "properties": {"weight": "heavy", "source": "R-10434.2"}, "geometry": {"type": "LineString", "coordinates": [[-122.46440694, 37.80175745], [-122.46424357, 37.80172613]]}}, {"type": "Feature", "properties": {"weight": "heavy", "source": "R-10434.2"}, "geometry": {"type": "LineString", "coordinates": [[-122.46424357, 37.80172613], [-122.46418019, 37.80174368]]}}, {"type": "Feature", "properties": {"weight": "heavy", "source": "R-10434.2"}, "geometry": {"type": "LineString", "coordinates": [[-122.46418019, 37.80174368], [-122.46415977, 37.80173799]]}}, {"type": "Feature", "properties": {"weight": "heavy", "source": "R-10434.2"}, "geometry": {"type": "LineString", "coordinates": [[-122.46415977, 37.80173799], [-122.46402689, 37.80171166]]}}, {"type": "Feature", "properties": {"weight": "heavy", "source": "R-10434.2"}, "geometry": {"type": "LineString", "coordinates": [[-122.46402689, 37.80171166], [-122.46377963, 37.80163702]]}}, {"type": "Feature", "properties": {"weight": "heavy", "source": "R-10434.2"}, "geometry": {"type": "LineString", "coordinates": [[-122.46377963, 37.80163702], [-122.46339848, 37.80156262]]}}, {"type": "Feature", "properties": {"weight": "heavy", "source": "R-10434.2"}, "geometry": {"type": "LineString", "coordinates": [[-122.46339848, 37.80156262], [-122.46332635, 37.80154032]]}}, {"type": "Feature", "properties": {"weight": "heavy", "source": "R-10434.2"}, "geometry": {"type": "LineString", "coordinates": [[-122.46332635, 37.80154032], [-122.46285572, 37.80144999]]}}, {"type": "Feature", "properties": {"weight": "heavy", "source": "R-10434.2"}, "geometry": {"type": "LineString", "coordinates": [[-122.46285572, 37.80144999], [-122.46265301, 37.80141618]]}}, {"type": "Feature", "properties": {"weight": "heavy", "source": "R-10434.2"}, "geometry": {"type": "LineString", "coordinates": [[-122.46265262, 37.80141646], [-122.46264554, 37.80141652], [-122.46263846, 37.80141661], [-122.46263138, 37.80141672], [-122.4626243, 37.80141687], [-122.46261722, 37.80141704], [-122.46261015, 37.80141724], [-122.46260307, 37.80141747], [-122.462596, 37.80141773], [-122.46258893, 37.80141802], [-122.46258186, 37.80141834], [-122.46257479, 37.80141868]]}}, {"type": "Feature", "properties": {"weight": "heavy", "source": "R-10434.2"}, "geometry": {"type": "LineString", "coordinates": [[-122.46257519, 37.80141851], [-122.46250619, 37.80141009]]}}, {"type": "Feature", "properties": {"weight": "heavy", "source": "R-10434.2"}, "geometry": {"type": "LineString", "coordinates": [[-122.46250619, 37.80141009], [-122.46243722, 37.80140237]]}}, {"type": "Feature", "properties": {"weight": "heavy", "source": "R-10434.2"}, "geometry": {"type": "LineString", "coordinates": [[-122.46243722, 37.80140237], [-122.46236828, 37.80139555]]}}, {"type": "Feature", "properties": {"weight": "heavy", "source": "R-10434.2"}, "geometry": {"type": "LineString", "coordinates": [[-122.46236828, 37.80139555], [-122.46228451, 37.80140055]]}}, {"type": "Feature", "properties": {"weight": "heavy", "source": "R-10434.2"}, "geometry": {"type": "LineString", "coordinates": [[-122.4619101, 37.80136948], [-122.46194335, 37.8013767], [-122.46197683, 37.80138306], [-122.46201053, 37.80138854], [-122.46204442, 37.80139315], [-122.46207846, 37.80139687], [-122.46211263, 37.80139972], [-122.4621469, 37.80140168], [-122.46218126, 37.80140275], [-122.46221565, 37.80140294], [-122.46225008, 37.80140224], [-122.46228449, 37.80140064]]}}, {"type": "Feature", "properties": {"weight": "heavy", "source": "R-10434.2"}, "geometry": {"type": "LineString", "coordinates": [[-122.4619102, 37.80136926], [-122.46183716, 37.80136827]]}}, {"type": "Feature", "properties": {"weight": "heavy", "source": "R-10434.2"}, "geometry": {"type": "LineString", "coordinates": [[-122.46183716, 37.80136827], [-122.46176443, 37.80136796]]}}, {"type": "Feature", "properties": {"weight": "heavy", "source": "R-10434.2"}, "geometry": {"type": "LineString", "coordinates": [[-122.46173022, 37.80135619], [-122.46130584, 37.80136594]]}}, {"type": "Feature", "properties": {"weight": "heavy", "source": "R-10434.2"}, "geometry": {"type": "LineString", "coordinates": [[-122.46130584, 37.80136594], [-122.46129195, 37.80124424]]}}, {"type": "Feature", "properties": {"weight": "heavy", "source": "R-10434.2"}, "geometry": {"type": "LineString", "coordinates": [[-122.46129195, 37.80124424], [-122.45997307, 37.80149645]]}}, {"type": "Feature", "properties": {"weight": "heavy", "source": "R-10434.2"}, "geometry": {"type": "LineString", "coordinates": [[-122.45997307, 37.80149645], [-122.4600092, 37.8015661]]}}, {"type": "Feature", "properties": {"weight": "heavy", "source": "R-10434.2"}, "geometry": {"type": "LineString", "coordinates": [[-122.4600092, 37.8015661], [-122.45972998, 37.80165204]]}}, {"type": "Feature", "properties": {"weight": "heavy", "source": "R-10434.2"}, "geometry": {"type": "LineString", "coordinates": [[-122.45972998, 37.80165204], [-122.45969719, 37.80163978]]}}, {"type": "Feature", "properties": {"weight": "heavy", "source": "R-10434.2"}, "geometry": {"type": "LineString", "coordinates": [[-122.45969719, 37.80163978], [-122.4593143, 37.80176873]]}}, {"type": "Feature", "properties": {"weight": "heavy", "source": "R-10434.2"}, "geometry": {"type": "LineString", "coordinates": [[-122.4593143, 37.80176873], [-122.45934402, 37.80182159]]}}, {"type": "Feature", "properties": {"weight": "heavy", "source": "R-10434.2"}, "geometry": {"type": "LineString", "coordinates": [[-122.45934402, 37.80182159], [-122.45894796, 37.80195361]]}}, {"type": "Feature", "properties": {"weight": "heavy", "source": "R-10434.2"}, "geometry": {"type": "LineString", "coordinates": [[-122.45891838, 37.80197996], [-122.45791255, 37.80231506]]}}, {"type": "Feature", "properties": {"weight": "heavy", "source": "R-10434.2"}, "geometry": {"type": "LineString", "coordinates": [[-122.45791255, 37.80231506], [-122.457902, 37.80229563]]}}, {"type": "Feature", "properties": {"weight": "heavy", "source": "R-10434.2"}, "geometry": {"type": "LineString", "coordinates": [[-122.457902, 37.80229563], [-122.45786833, 37.8023056]]}}, {"type": "Feature", "properties": {"weight": "heavy", "source": "R-10434.2"}, "geometry": {"type": "LineString", "coordinates": [[-122.46095115, 37.80205197], [-122.46082412, 37.80214089]]}}, {"type": "Feature", "properties": {"weight": "heavy", "source": "R-10434.2"}, "geometry": {"type": "LineString", "coordinates": [[-122.4677251, 37.80272178], [-122.46803491, 37.80279445]]}}, {"type": "Feature", "properties": {"weight": "heavy", "source": "R-10434.2"}, "geometry": {"type": "LineString", "coordinates": [[-122.46554197, 37.80194144], [-122.4656775, 37.80182599]]}}, {"type": "Feature", "properties": {"weight": "heavy", "source": "R-10434.2"}, "geometry": {"type": "LineString", "coordinates": [[-122.46492092, 37.80179636], [-122.46491901, 37.80179183]]}}, {"type": "Feature", "properties": {"weight": "heavy", "source": "R-10434.2"}, "geometry": {"type": "LineString", "coordinates": [[-122.46491901, 37.80179183], [-122.46491807, 37.80178979]]}}, {"type": "Feature", "properties": {"weight": "heavy", "source": "R-10434.2"}, "geometry": {"type": "LineString", "coordinates": [[-122.46491807, 37.80178979], [-122.46491741, 37.80178775]]}}, {"type": "Feature", "properties": {"weight": "heavy", "source": "R-10434.2"}, "geometry": {"type": "LineString", "coordinates": [[-122.46491741, 37.80178775], [-122.46491704, 37.80178569]]}}, {"type": "Feature", "properties": {"weight": "heavy", "source": "R-10434.2"}, "geometry": {"type": "LineString", "coordinates": [[-122.46491704, 37.80178569], [-122.46491697, 37.80178386]]}}, {"type": "Feature", "properties": {"weight": "heavy", "source": "R-10434.2"}, "geometry": {"type": "LineString", "coordinates": [[-122.46491697, 37.80178386], [-122.4649169, 37.80178203]]}}, {"type": "Feature", "properties": {"weight": "heavy", "source": "R-10434.2"}, "geometry": {"type": "LineString", "coordinates": [[-122.4649169, 37.80178203], [-122.46491741, 37.80178019]]}}, {"type": "Feature", "properties": {"weight": "heavy", "source": "R-10434.2"}, "geometry": {"type": "LineString", "coordinates": [[-122.46491741, 37.80178019], [-122.46491793, 37.8017788]]}}, {"type": "Feature", "properties": {"weight": "heavy", "source": "R-10434.2"}, "geometry": {"type": "LineString", "coordinates": [[-122.46491793, 37.8017788], [-122.46491903, 37.80177717]]}}, {"type": "Feature", "properties": {"weight": "heavy", "source": "R-10434.2"}, "geometry": {"type": "LineString", "coordinates": [[-122.46491903, 37.80177717], [-122.46492014, 37.801776]]}}, {"type": "Feature", "properties": {"weight": "heavy", "source": "R-10434.2"}, "geometry": {"type": "LineString", "coordinates": [[-122.46492014, 37.801776], [-122.46492181, 37.80177459]]}}, {"type": "Feature", "properties": {"weight": "heavy", "source": "R-10434.2"}, "geometry": {"type": "LineString", "coordinates": [[-122.46492181, 37.80177459], [-122.4649235, 37.8017734]]}}, {"type": "Feature", "properties": {"weight": "heavy", "source": "R-10434.2"}, "geometry": {"type": "LineString", "coordinates": [[-122.4649235, 37.8017734], [-122.46492548, 37.80177244]]}}, {"type": "Feature", "properties": {"weight": "heavy", "source": "R-10434.2"}, "geometry": {"type": "LineString", "coordinates": [[-122.46492548, 37.80177244], [-122.46492747, 37.80177148]]}}, {"type": "Feature", "properties": {"weight": "heavy", "source": "R-10434.2"}, "geometry": {"type": "LineString", "coordinates": [[-122.46492747, 37.80177148], [-122.46492974, 37.80177051]]}}, {"type": "Feature", "properties": {"weight": "heavy", "source": "R-10434.2"}, "geometry": {"type": "LineString", "coordinates": [[-122.46492974, 37.80177051], [-122.4649323, 37.80176953]]}}, {"type": "Feature", "properties": {"weight": "heavy", "source": "R-10434.2"}, "geometry": {"type": "LineString", "coordinates": [[-122.4649323, 37.80176953], [-122.46493515, 37.80176877]]}}, {"type": "Feature", "properties": {"weight": "heavy", "source": "R-10434.2"}, "geometry": {"type": "LineString", "coordinates": [[-122.46493515, 37.80176877], [-122.46493801, 37.80176802]]}}, {"type": "Feature", "properties": {"weight": "heavy", "source": "R-10434.2"}, "geometry": {"type": "LineString", "coordinates": [[-122.46493801, 37.80176802], [-122.46494088, 37.80176749]]}}, {"type": "Feature", "properties": {"weight": "heavy", "source": "R-10434.2"}, "geometry": {"type": "LineString", "coordinates": [[-122.46494088, 37.80176749], [-122.46494402, 37.80176673]]}}, {"type": "Feature", "properties": {"weight": "heavy", "source": "R-10434.2"}, "geometry": {"type": "LineString", "coordinates": [[-122.46494402, 37.80176673], [-122.46494717, 37.80176619]]}}, {"type": "Feature", "properties": {"weight": "heavy", "source": "R-10434.2"}, "geometry": {"type": "LineString", "coordinates": [[-122.46494717, 37.80176619], [-122.46495406, 37.80176511]]}}, {"type": "Feature", "properties": {"weight": "heavy", "source": "R-10434.2"}, "geometry": {"type": "LineString", "coordinates": [[-122.46495406, 37.80176511], [-122.46496153, 37.80176424]]}}, {"type": "Feature", "properties": {"weight": "heavy", "source": "R-10434.2"}, "geometry": {"type": "LineString", "coordinates": [[-122.46496153, 37.80176424], [-122.46496901, 37.80176361]]}}, {"type": "Feature", "properties": {"weight": "heavy", "source": "R-10434.2"}, "geometry": {"type": "LineString", "coordinates": [[-122.46496901, 37.80176361], [-122.46498454, 37.80176232]]}}, {"type": "Feature", "properties": {"weight": "heavy", "source": "R-10434.2"}, "geometry": {"type": "LineString", "coordinates": [[-122.46487341, 37.80179155], [-122.46487287, 37.80178515]]}}, {"type": "Feature", "properties": {"weight": "heavy", "source": "R-10434.2"}, "geometry": {"type": "LineString", "coordinates": [[-122.46487287, 37.80178515], [-122.46487304, 37.80178195]]}}, {"type": "Feature", "properties": {"weight": "heavy", "source": "R-10434.2"}, "geometry": {"type": "LineString", "coordinates": [[-122.46487304, 37.80178195], [-122.46487321, 37.80177896]]}}, {"type": "Feature", "properties": {"weight": "heavy", "source": "R-10434.2"}, "geometry": {"type": "LineString", "coordinates": [[-122.46487321, 37.80177896], [-122.46487368, 37.80177598]]}}, {"type": "Feature", "properties": {"weight": "heavy", "source": "R-10434.2"}, "geometry": {"type": "LineString", "coordinates": [[-122.46487368, 37.80177598], [-122.46487444, 37.80177321]]}}, {"type": "Feature", "properties": {"weight": "heavy", "source": "R-10434.2"}, "geometry": {"type": "LineString", "coordinates": [[-122.46487444, 37.80177321], [-122.46487497, 37.80177205]]}}, {"type": "Feature", "properties": {"weight": "heavy", "source": "R-10434.2"}, "geometry": {"type": "LineString", "coordinates": [[-122.46487497, 37.80177205], [-122.46487578, 37.80177066]]}}, {"type": "Feature", "properties": {"weight": "heavy", "source": "R-10434.2"}, "geometry": {"type": "LineString", "coordinates": [[-122.46487578, 37.80177066], [-122.4648766, 37.8017695]]}}, {"type": "Feature", "properties": {"weight": "heavy", "source": "R-10434.2"}, "geometry": {"type": "LineString", "coordinates": [[-122.4648766, 37.8017695], [-122.46487771, 37.80176832]]}}, {"type": "Feature", "properties": {"weight": "heavy", "source": "R-10434.2"}, "geometry": {"type": "LineString", "coordinates": [[-122.46487771, 37.80176832], [-122.46487993, 37.80176598]]}}, {"type": "Feature", "properties": {"weight": "heavy", "source": "R-10434.2"}, "geometry": {"type": "LineString", "coordinates": [[-122.46487993, 37.80176598], [-122.46488274, 37.80176408]]}}, {"type": "Feature", "properties": {"weight": "heavy", "source": "R-10434.2"}, "geometry": {"type": "LineString", "coordinates": [[-122.46488274, 37.80176408], [-122.46488584, 37.80176195]]}}, {"type": "Feature", "properties": {"weight": "heavy", "source": "R-10434.2"}, "geometry": {"type": "LineString", "coordinates": [[-122.46488584, 37.80176195], [-122.46488895, 37.80176027]]}}, {"type": "Feature", "properties": {"weight": "heavy", "source": "R-10434.2"}, "geometry": {"type": "LineString", "coordinates": [[-122.46488895, 37.80176027], [-122.46490282, 37.80175329]]}}, {"type": "Feature", "properties": {"weight": "heavy", "source": "R-10434.2"}, "geometry": {"type": "LineString", "coordinates": [[-122.46490282, 37.80175329], [-122.46490621, 37.80175138]]}}, {"type": "Feature", "properties": {"weight": "heavy", "source": "R-10434.2"}, "geometry": {"type": "LineString", "coordinates": [[-122.46490621, 37.80175138], [-122.46490931, 37.80174947]]}}, {"type": "Feature", "properties": {"weight": "heavy", "source": "R-10434.2"}, "geometry": {"type": "LineString", "coordinates": [[-122.46490931, 37.80174947], [-122.46491183, 37.80174758]]}}, {"type": "Feature", "properties": {"weight": "heavy", "source": "R-10434.2"}, "geometry": {"type": "LineString", "coordinates": [[-122.46491183, 37.80174758], [-122.46491435, 37.80174546]]}}, {"type": "Feature", "properties": {"weight": "heavy", "source": "R-10434.2"}, "geometry": {"type": "LineString", "coordinates": [[-122.46491435, 37.80174546], [-122.46491518, 37.80174453]]}}, {"type": "Feature", "properties": {"weight": "heavy", "source": "R-10434.2"}, "geometry": {"type": "LineString", "coordinates": [[-122.46491518, 37.80174453], [-122.464916, 37.80174336]]}}, {"type": "Feature", "properties": {"weight": "heavy", "source": "R-10434.2"}, "geometry": {"type": "LineString", "coordinates": [[-122.464916, 37.80174336], [-122.46491682, 37.8017422]]}}, {"type": "Feature", "properties": {"weight": "heavy", "source": "R-10434.2"}, "geometry": {"type": "LineString", "coordinates": [[-122.46491682, 37.8017422], [-122.46491736, 37.80174104]]}}, {"type": "Feature", "properties": {"weight": "heavy", "source": "R-10434.2"}, "geometry": {"type": "LineString", "coordinates": [[-122.46491736, 37.80174104], [-122.46491788, 37.80173965]]}}, {"type": "Feature", "properties": {"weight": "heavy", "source": "R-10434.2"}, "geometry": {"type": "LineString", "coordinates": [[-122.46491788, 37.80173965], [-122.46491812, 37.8017385]]}}, {"type": "Feature", "properties": {"weight": "heavy", "source": "R-10434.2"}, "geometry": {"type": "LineString", "coordinates": [[-122.46491812, 37.8017385], [-122.46491836, 37.80173712]]}}, {"type": "Feature", "properties": {"weight": "heavy", "source": "R-10434.2"}, "geometry": {"type": "LineString", "coordinates": [[-122.46491836, 37.80173712], [-122.46491831, 37.80173575]]}}, {"type": "Feature", "properties": {"weight": "heavy", "source": "R-10434.2"}, "geometry": {"type": "LineString", "coordinates": [[-122.46491831, 37.80173575], [-122.46491819, 37.80173278]]}}, {"type": "Feature", "properties": {"weight": "heavy", "source": "R-10434.2"}, "geometry": {"type": "LineString", "coordinates": [[-122.46491819, 37.80173278], [-122.4649175, 37.80172982]]}}, {"type": "Feature", "properties": {"weight": "heavy", "source": "R-10434.2"}, "geometry": {"type": "LineString", "coordinates": [[-122.4649175, 37.80172982], [-122.46491624, 37.80172687]]}}, {"type": "Feature", "properties": {"weight": "heavy", "source": "R-10434.2"}, "geometry": {"type": "LineString", "coordinates": [[-122.46491624, 37.80172687], [-122.46491496, 37.8017237]]}}, {"type": "Feature", "properties": {"weight": "heavy", "source": "R-10434.2"}, "geometry": {"type": "LineString", "coordinates": [[-122.46491496, 37.8017237], [-122.4649131, 37.80172031]]}}, {"type": "Feature", "properties": {"weight": "heavy", "source": "R-10434.2"}, "geometry": {"type": "LineString", "coordinates": [[-122.4649131, 37.80172031], [-122.46491125, 37.80171714]]}}, {"type": "Feature", "properties": {"weight": "heavy", "source": "R-10434.2"}, "geometry": {"type": "LineString", "coordinates": [[-122.46491125, 37.80171714], [-122.46490881, 37.80171377]]}}, {"type": "Feature", "properties": {"weight": "heavy", "source": "R-10434.2"}, "geometry": {"type": "LineString", "coordinates": [[-122.46490881, 37.80171377], [-122.46490666, 37.80171039]]}}, {"type": "Feature", "properties": {"weight": "heavy", "source": "R-10434.2"}, "geometry": {"type": "LineString", "coordinates": [[-122.46490666, 37.80171039], [-122.46490151, 37.80170387]]}}, {"type": "Feature", "properties": {"weight": "heavy", "source": "R-10434.2"}, "geometry": {"type": "LineString", "coordinates": [[-122.46490151, 37.80170387], [-122.46489635, 37.80169735]]}}, {"type": "Feature", "properties": {"weight": "heavy", "source": "R-10434.2"}, "geometry": {"type": "LineString", "coordinates": [[-122.46489635, 37.80169735], [-122.46489363, 37.80169422]]}}, {"type": "Feature", "properties": {"weight": "heavy", "source": "R-10434.2"}, "geometry": {"type": "LineString", "coordinates": [[-122.46489363, 37.80169422], [-122.46489121, 37.8016913]]}}, {"type": "Feature", "properties": {"weight": "heavy", "source": "R-10434.2"}, "geometry": {"type": "LineString", "coordinates": [[-122.46489121, 37.8016913], [-122.46488879, 37.80168838]]}}, {"type": "Feature", "properties": {"weight": "heavy", "source": "R-10434.2"}, "geometry": {"type": "LineString", "coordinates": [[-122.46488879, 37.80168838], [-122.46488666, 37.80168545]]}}, {"type": "Feature", "properties": {"weight": "heavy", "source": "R-10434.2"}, "geometry": {"type": "LineString", "coordinates": [[-122.46488666, 37.80168545], [-122.46488484, 37.80168298]]}}, {"type": "Feature", "properties": {"weight": "heavy", "source": "R-10434.2"}, "geometry": {"type": "LineString", "coordinates": [[-122.46488484, 37.80168298], [-122.46488301, 37.8016805]]}}, {"type": "Feature", "properties": {"weight": "heavy", "source": "R-10434.2"}, "geometry": {"type": "LineString", "coordinates": [[-122.46488301, 37.8016805], [-122.46488177, 37.80167824]]}}, {"type": "Feature", "properties": {"weight": "heavy", "source": "R-10434.2"}, "geometry": {"type": "LineString", "coordinates": [[-122.46488177, 37.80167824], [-122.46488082, 37.80167621]]}}, {"type": "Feature", "properties": {"weight": "heavy", "source": "R-10434.2"}, "geometry": {"type": "LineString", "coordinates": [[-122.46488082, 37.80167621], [-122.46488018, 37.80167439]]}}, {"type": "Feature", "properties": {"weight": "heavy", "source": "R-10434.2"}, "geometry": {"type": "LineString", "coordinates": [[-122.46488018, 37.80167439], [-122.46488015, 37.8016737]]}}, {"type": "Feature", "properties": {"weight": "heavy", "source": "R-10434.2"}, "geometry": {"type": "LineString", "coordinates": [[-122.46488015, 37.8016737], [-122.46488012, 37.80167279]]}}, {"type": "Feature", "properties": {"weight": "heavy", "source": "R-10434.2"}, "geometry": {"type": "LineString", "coordinates": [[-122.46488012, 37.80167279], [-122.46488038, 37.8016721]]}}, {"type": "Feature", "properties": {"weight": "heavy", "source": "R-10434.2"}, "geometry": {"type": "LineString", "coordinates": [[-122.46488038, 37.8016721], [-122.46488036, 37.80167164]]}}, {"type": "Feature", "properties": {"weight": "heavy", "source": "R-10434.2"}, "geometry": {"type": "LineString", "coordinates": [[-122.46488036, 37.80167164], [-122.46488091, 37.80167094]]}}, {"type": "Feature", "properties": {"weight": "heavy", "source": "R-10434.2"}, "geometry": {"type": "LineString", "coordinates": [[-122.46488091, 37.80167094], [-122.46488147, 37.80167047]]}}, {"type": "Feature", "properties": {"weight": "heavy", "source": "R-10434.2"}, "geometry": {"type": "LineString", "coordinates": [[-122.46488147, 37.80167047], [-122.46488204, 37.80167022]]}}, {"type": "Feature", "properties": {"weight": "heavy", "source": "R-10434.2"}, "geometry": {"type": "LineString", "coordinates": [[-122.46488204, 37.80167022], [-122.46488289, 37.80166975]]}}, {"type": "Feature", "properties": {"weight": "heavy", "source": "R-10434.2"}, "geometry": {"type": "LineString", "coordinates": [[-122.46488289, 37.80166975], [-122.46488374, 37.8016695]]}}, {"type": "Feature", "properties": {"weight": "heavy", "source": "R-10434.2"}, "geometry": {"type": "LineString", "coordinates": [[-122.46488374, 37.8016695], [-122.4648846, 37.80166925]]}}, {"type": "Feature", "properties": {"weight": "heavy", "source": "R-10434.2"}, "geometry": {"type": "LineString", "coordinates": [[-122.4648846, 37.80166925], [-122.4648869, 37.80166919]]}}, {"type": "Feature", "properties": {"weight": "heavy", "source": "R-10434.2"}, "geometry": {"type": "LineString", "coordinates": [[-122.4648869, 37.80166919], [-122.46488979, 37.80166912]]}}, {"type": "Feature", "properties": {"weight": "heavy", "source": "R-10434.2"}, "geometry": {"type": "LineString", "coordinates": [[-122.46488979, 37.80166912], [-122.46489297, 37.80166927]]}}, {"type": "Feature", "properties": {"weight": "heavy", "source": "R-10434.2"}, "geometry": {"type": "LineString", "coordinates": [[-122.46489297, 37.80166927], [-122.46489644, 37.80166965]]}}, {"type": "Feature", "properties": {"weight": "heavy", "source": "R-10434.2"}, "geometry": {"type": "LineString", "coordinates": [[-122.46489644, 37.80166965], [-122.46490022, 37.80167024]]}}, {"type": "Feature", "properties": {"weight": "heavy", "source": "R-10434.2"}, "geometry": {"type": "LineString", "coordinates": [[-122.46490022, 37.80167024], [-122.46490428, 37.80167083]]}}, {"type": "Feature", "properties": {"weight": "heavy", "source": "R-10434.2"}, "geometry": {"type": "LineString", "coordinates": [[-122.46490428, 37.80167083], [-122.46490864, 37.80167164]]}}, {"type": "Feature", "properties": {"weight": "heavy", "source": "R-10434.2"}, "geometry": {"type": "LineString", "coordinates": [[-122.46490864, 37.80167164], [-122.4649133, 37.80167268]]}}, {"type": "Feature", "properties": {"weight": "heavy", "source": "R-10434.2"}, "geometry": {"type": "LineString", "coordinates": [[-122.4649133, 37.80167268], [-122.46491795, 37.80167371]]}}, {"type": "Feature", "properties": {"weight": "heavy", "source": "R-10434.2"}, "geometry": {"type": "LineString", "coordinates": [[-122.46491795, 37.80167371], [-122.4649229, 37.80167474]]}}, {"type": "Feature", "properties": {"weight": "heavy", "source": "R-10434.2"}, "geometry": {"type": "LineString", "coordinates": [[-122.4649229, 37.80167474], [-122.46493309, 37.80167724]]}}, {"type": "Feature", "properties": {"weight": "heavy", "source": "R-10434.2"}, "geometry": {"type": "LineString", "coordinates": [[-122.46493309, 37.80167724], [-122.46494358, 37.80167973]]}}, {"type": "Feature", "properties": {"weight": "heavy", "source": "R-10434.2"}, "geometry": {"type": "LineString", "coordinates": [[-122.46413779, 37.80178202], [-122.46413245, 37.80178559]]}}, {"type": "Feature", "properties": {"weight": "heavy", "source": "R-10434.2"}, "geometry": {"type": "LineString", "coordinates": [[-122.46413245, 37.80178559], [-122.4641302, 37.80178724]]}}, {"type": "Feature", "properties": {"weight": "heavy", "source": "R-10434.2"}, "geometry": {"type": "LineString", "coordinates": [[-122.4641302, 37.80178724], [-122.46412825, 37.80178912]]}}, {"type": "Feature", "properties": {"weight": "heavy", "source": "R-10434.2"}, "geometry": {"type": "LineString", "coordinates": [[-122.46412825, 37.80178912], [-122.46412741, 37.80178983]]}}, {"type": "Feature", "properties": {"weight": "heavy", "source": "R-10434.2"}, "geometry": {"type": "LineString", "coordinates": [[-122.46412741, 37.80178983], [-122.46412687, 37.80179076]]}}, {"type": "Feature", "properties": {"weight": "heavy", "source": "R-10434.2"}, "geometry": {"type": "LineString", "coordinates": [[-122.46412687, 37.80179076], [-122.46412633, 37.80179169]]}}, {"type": "Feature", "properties": {"weight": "heavy", "source": "R-10434.2"}, "geometry": {"type": "LineString", "coordinates": [[-122.46412633, 37.80179169], [-122.46412579, 37.80179262]]}}, {"type": "Feature", "properties": {"weight": "heavy", "source": "R-10434.2"}, "geometry": {"type": "LineString", "coordinates": [[-122.46412579, 37.80179262], [-122.46412582, 37.80179353]]}}, {"type": "Feature", "properties": {"weight": "heavy", "source": "R-10434.2"}, "geometry": {"type": "LineString", "coordinates": [[-122.46412582, 37.80179353], [-122.46412558, 37.80179468]]}}, {"type": "Feature", "properties": {"weight": "heavy", "source": "R-10434.2"}, "geometry": {"type": "LineString", "coordinates": [[-122.46412558, 37.80179468], [-122.4641259, 37.80179559]]}}, {"type": "Feature", "properties": {"weight": "heavy", "source": "R-10434.2"}, "geometry": {"type": "LineString", "coordinates": [[-122.4641259, 37.80179559], [-122.46412623, 37.8017965]]}}, {"type": "Feature", "properties": {"weight": "heavy", "source": "R-10434.2"}, "geometry": {"type": "LineString", "coordinates": [[-122.46412623, 37.8017965], [-122.46412684, 37.8017974]]}}, {"type": "Feature", "properties": {"weight": "heavy", "source": "R-10434.2"}, "geometry": {"type": "LineString", "coordinates": [[-122.46412684, 37.8017974], [-122.46412746, 37.80179853]]}}, {"type": "Feature", "properties": {"weight": "heavy", "source": "R-10434.2"}, "geometry": {"type": "LineString", "coordinates": [[-122.46412746, 37.80179853], [-122.46412836, 37.80179942]]}}, {"type": "Feature", "properties": {"weight": "heavy", "source": "R-10434.2"}, "geometry": {"type": "LineString", "coordinates": [[-122.46412836, 37.80179942], [-122.46412926, 37.80180032]]}}, {"type": "Feature", "properties": {"weight": "heavy", "source": "R-10434.2"}, "geometry": {"type": "LineString", "coordinates": [[-122.46412926, 37.80180032], [-122.46413135, 37.8018021]]}}, {"type": "Feature", "properties": {"weight": "heavy", "source": "R-10434.2"}, "geometry": {"type": "LineString", "coordinates": [[-122.46413135, 37.8018021], [-122.46413401, 37.80180387]]}}, {"type": "Feature", "properties": {"weight": "heavy", "source": "R-10434.2"}, "geometry": {"type": "LineString", "coordinates": [[-122.46413401, 37.80180387], [-122.46413695, 37.8018054]]}}, {"type": "Feature", "properties": {"weight": "heavy", "source": "R-10434.2"}, "geometry": {"type": "LineString", "coordinates": [[-122.46413695, 37.8018054], [-122.46414019, 37.80180692]]}}, {"type": "Feature", "properties": {"weight": "heavy", "source": "R-10434.2"}, "geometry": {"type": "LineString", "coordinates": [[-122.46414019, 37.80180692], [-122.4641437, 37.80180821]]}}, {"type": "Feature", "properties": {"weight": "heavy", "source": "R-10434.2"}, "geometry": {"type": "LineString", "coordinates": [[-122.4641437, 37.80180821], [-122.46414691, 37.80180928]]}}, {"type": "Feature", "properties": {"weight": "heavy", "source": "R-10434.2"}, "geometry": {"type": "LineString", "coordinates": [[-122.46414691, 37.80180928], [-122.46415014, 37.80181058]]}}, {"type": "Feature", "properties": {"weight": "heavy", "source": "R-10434.2"}, "geometry": {"type": "LineString", "coordinates": [[-122.46415014, 37.80181058], [-122.46415334, 37.80181142]]}}, {"type": "Feature", "properties": {"weight": "heavy", "source": "R-10434.2"}, "geometry": {"type": "LineString", "coordinates": [[-122.46415334, 37.80181142], [-122.46415627, 37.80181249]]}}, {"type": "Feature", "properties": {"weight": "heavy", "source": "R-10434.2"}, "geometry": {"type": "LineString", "coordinates": [[-122.46415627, 37.80181249], [-122.46415891, 37.80181357]]}}, {"type": "Feature", "properties": {"weight": "heavy", "source": "R-10434.2"}, "geometry": {"type": "LineString", "coordinates": [[-122.46415891, 37.80181357], [-122.46416097, 37.80181467]]}}, {"type": "Feature", "properties": {"weight": "heavy", "source": "R-10434.2"}, "geometry": {"type": "LineString", "coordinates": [[-122.46416097, 37.80181467], [-122.46416157, 37.80181511]]}}, {"type": "Feature", "properties": {"weight": "heavy", "source": "R-10434.2"}, "geometry": {"type": "LineString", "coordinates": [[-122.46416157, 37.80181511], [-122.46416246, 37.80181577]]}}, {"type": "Feature", "properties": {"weight": "heavy", "source": "R-10434.2"}, "geometry": {"type": "LineString", "coordinates": [[-122.46416246, 37.80181577], [-122.46416276, 37.80181623]]}}, {"type": "Feature", "properties": {"weight": "heavy", "source": "R-10434.2"}, "geometry": {"type": "LineString", "coordinates": [[-122.46416276, 37.80181623], [-122.46416337, 37.8018169]]}}, {"type": "Feature", "properties": {"weight": "heavy", "source": "R-10434.2"}, "geometry": {"type": "LineString", "coordinates": [[-122.46416337, 37.8018169], [-122.46416339, 37.80181758]]}}, {"type": "Feature", "properties": {"weight": "heavy", "source": "R-10434.2"}, "geometry": {"type": "LineString", "coordinates": [[-122.46416339, 37.80181758], [-122.46416342, 37.80181827]]}}, {"type": "Feature", "properties": {"weight": "heavy", "source": "R-10434.2"}, "geometry": {"type": "LineString", "coordinates": [[-122.46416342, 37.80181827], [-122.46416316, 37.80181896]]}}, {"type": "Feature", "properties": {"weight": "heavy", "source": "R-10434.2"}, "geometry": {"type": "LineString", "coordinates": [[-122.46416316, 37.80181896], [-122.46416289, 37.80181966]]}}, {"type": "Feature", "properties": {"weight": "heavy", "source": "R-10434.2"}, "geometry": {"type": "LineString", "coordinates": [[-122.46416289, 37.80181966], [-122.46416234, 37.80182036]]}}, {"type": "Feature", "properties": {"weight": "heavy", "source": "R-10434.2"}, "geometry": {"type": "LineString", "coordinates": [[-122.46416234, 37.80182036], [-122.4641615, 37.80182106]]}}, {"type": "Feature", "properties": {"weight": "heavy", "source": "R-10434.2"}, "geometry": {"type": "LineString", "coordinates": [[-122.4641615, 37.80182106], [-122.46415984, 37.80182271]]}}, {"type": "Feature", "properties": {"weight": "heavy", "source": "R-10434.2"}, "geometry": {"type": "LineString", "coordinates": [[-122.46415984, 37.80182271], [-122.46415759, 37.80182436]]}}, {"type": "Feature", "properties": {"weight": "heavy", "source": "R-10434.2"}, "geometry": {"type": "LineString", "coordinates": [[-122.46415759, 37.80182436], [-122.46415506, 37.80182603]]}}, {"type": "Feature", "properties": {"weight": "heavy", "source": "R-10434.2"}, "geometry": {"type": "LineString", "coordinates": [[-122.46415506, 37.80182603], [-122.46415224, 37.80182793]]}}, {"type": "Feature", "properties": {"weight": "heavy", "source": "R-10434.2"}, "geometry": {"type": "LineString", "coordinates": [[-122.46415224, 37.80182793], [-122.46414603, 37.80183151]]}}, {"type": "Feature", "properties": {"weight": "heavy", "source": "R-10434.2"}, "geometry": {"type": "LineString", "coordinates": [[-122.46443216, 37.80175273], [-122.46449204, 37.80151545]]}}, {"type": "Feature", "properties": {"weight": "heavy", "source": "R-10434.2"}, "geometry": {"type": "LineString", "coordinates": [[-122.46449204, 37.80151545], [-122.46479619, 37.8015079]]}}, {"type": "Feature", "properties": {"weight": "heavy", "source": "R-10434.2"}, "geometry": {"type": "LineString", "coordinates": [[-122.46440694, 37.80175745], [-122.4642607, 37.80144203]]}}, {"type": "Feature", "properties": {"weight": "heavy", "source": "R-10434.2"}, "geometry": {"type": "LineString", "coordinates": [[-122.4642607, 37.80144203], [-122.46462423, 37.80143328]]}}, {"type": "Feature", "properties": {"weight": "heavy", "source": "R-10434.2"}, "geometry": {"type": "LineString", "coordinates": [[-122.46280422, 37.8016502], [-122.46265301, 37.80141618]]}}, {"type": "Feature", "properties": {"weight": "heavy", "source": "R-10434.2"}, "geometry": {"type": "LineString", "coordinates": [[-122.46257519, 37.80141851], [-122.46288091, 37.80101436]]}}, {"type": "Feature", "properties": {"weight": "heavy", "source": "R-10434.2"}, "geometry": {"type": "LineString", "coordinates": [[-122.46288091, 37.80101436], [-122.46323435, 37.80100585]]}}, {"type": "Feature", "properties": {"weight": "heavy", "source": "R-10434.2"}, "geometry": {"type": "LineString", "coordinates": [[-122.46236828, 37.80139555], [-122.46239668, 37.80130809]]}}, {"type": "Feature", "properties": {"weight": "heavy", "source": "R-10434.2"}, "geometry": {"type": "LineString", "coordinates": [[-122.46213465, 37.80099798], [-122.4619102, 37.80136926]]}}, {"type": "Feature", "properties": {"weight": "heavy", "source": "R-10434.2"}, "geometry": {"type": "LineString", "coordinates": [[-122.45986816, 37.80156789], [-122.45986197, 37.80156438]]}}, {"type": "Feature", "properties": {"weight": "heavy", "source": "R-10434.2"}, "geometry": {"type": "LineString", "coordinates": [[-122.45986197, 37.80156438], [-122.4598593, 37.80156261]]}}, {"type": "Feature", "properties": {"weight": "heavy", "source": "R-10434.2"}, "geometry": {"type": "LineString", "coordinates": [[-122.4598593, 37.80156261], [-122.45985693, 37.80156084]]}}, {"type": "Feature", "properties": {"weight": "heavy", "source": "R-10434.2"}, "geometry": {"type": "LineString", "coordinates": [[-122.45985693, 37.80156084], [-122.45985602, 37.80155971]]}}, {"type": "Feature", "properties": {"weight": "heavy", "source": "R-10434.2"}, "geometry": {"type": "LineString", "coordinates": [[-122.45985602, 37.80155971], [-122.45985512, 37.80155882]]}}, {"type": "Feature", "properties": {"weight": "heavy", "source": "R-10434.2"}, "geometry": {"type": "LineString", "coordinates": [[-122.45985512, 37.80155882], [-122.45985451, 37.80155792]]}}, {"type": "Feature", "properties": {"weight": "heavy", "source": "R-10434.2"}, "geometry": {"type": "LineString", "coordinates": [[-122.45985451, 37.80155792], [-122.45985417, 37.80155678]]}}, {"type": "Feature", "properties": {"weight": "heavy", "source": "R-10434.2"}, "geometry": {"type": "LineString", "coordinates": [[-122.45985417, 37.80155678], [-122.45985384, 37.80155564]]}}, {"type": "Feature", "properties": {"weight": "heavy", "source": "R-10434.2"}, "geometry": {"type": "LineString", "coordinates": [[-122.45985384, 37.80155564], [-122.45985352, 37.80155474]]}}, {"type": "Feature", "properties": {"weight": "heavy", "source": "R-10434.2"}, "geometry": {"type": "LineString", "coordinates": [[-122.45985352, 37.80155474], [-122.45985376, 37.80155359]]}}, {"type": "Feature", "properties": {"weight": "heavy", "source": "R-10434.2"}, "geometry": {"type": "LineString", "coordinates": [[-122.45985376, 37.80155359], [-122.45985401, 37.80155243]]}}, {"type": "Feature", "properties": {"weight": "heavy", "source": "R-10434.2"}, "geometry": {"type": "LineString", "coordinates": [[-122.45985401, 37.80155243], [-122.45985425, 37.80155128]]}}, {"type": "Feature", "properties": {"weight": "heavy", "source": "R-10434.2"}, "geometry": {"type": "LineString", "coordinates": [[-122.45985425, 37.80155128], [-122.45985479, 37.80155013]]}}, {"type": "Feature", "properties": {"weight": "heavy", "source": "R-10434.2"}, "geometry": {"type": "LineString", "coordinates": [[-122.45985479, 37.80155013], [-122.45985643, 37.8015478]]}}, {"type": "Feature", "properties": {"weight": "heavy", "source": "R-10434.2"}, "geometry": {"type": "LineString", "coordinates": [[-122.45985643, 37.8015478], [-122.45985836, 37.80154546]]}}, {"type": "Feature", "properties": {"weight": "heavy", "source": "R-10434.2"}, "geometry": {"type": "LineString", "coordinates": [[-122.45985836, 37.80154546], [-122.45986058, 37.80154312]]}}, {"type": "Feature", "properties": {"weight": "heavy", "source": "R-10434.2"}, "geometry": {"type": "LineString", "coordinates": [[-122.45986058, 37.80154312], [-122.45986588, 37.80153841]]}}, {"type": "Feature", "properties": {"weight": "heavy", "source": "R-10434.2"}, "geometry": {"type": "LineString", "coordinates": [[-122.45986588, 37.80153841], [-122.45986839, 37.80153606]]}}, {"type": "Feature", "properties": {"weight": "heavy", "source": "R-10434.2"}, "geometry": {"type": "LineString", "coordinates": [[-122.45986839, 37.80153606], [-122.4598709, 37.80153394]]}}, {"type": "Feature", "properties": {"weight": "heavy", "source": "R-10434.2"}, "geometry": {"type": "LineString", "coordinates": [[-122.4598709, 37.80153394], [-122.45987342, 37.80153182]]}}, {"type": "Feature", "properties": {"weight": "heavy", "source": "R-10434.2"}, "geometry": {"type": "LineString", "coordinates": [[-122.45987342, 37.80153182], [-122.45987537, 37.80152994]]}}, {"type": "Feature", "properties": {"weight": "heavy", "source": "R-10434.2"}, "geometry": {"type": "LineString", "coordinates": [[-122.45987537, 37.80152994], [-122.45987703, 37.80152807]]}}, {"type": "Feature", "properties": {"weight": "heavy", "source": "R-10434.2"}, "geometry": {"type": "LineString", "coordinates": [[-122.45987703, 37.80152807], [-122.45987757, 37.80152714]]}}, {"type": "Feature", "properties": {"weight": "heavy", "source": "R-10434.2"}, "geometry": {"type": "LineString", "coordinates": [[-122.45987757, 37.80152714], [-122.45987812, 37.80152644]]}}, {"type": "Feature", "properties": {"weight": "heavy", "source": "R-10434.2"}, "geometry": {"type": "LineString", "coordinates": [[-122.45987812, 37.80152644], [-122.45987837, 37.80152552]]}}, {"type": "Feature", "properties": {"weight": "heavy", "source": "R-10434.2"}, "geometry": {"type": "LineString", "coordinates": [[-122.45987837, 37.80152552], [-122.45987864, 37.80152483]]}}, {"type": "Feature", "properties": {"weight": "heavy", "source": "R-10434.2"}, "geometry": {"type": "LineString", "coordinates": [[-122.45987864, 37.80152483], [-122.45987862, 37.80152437]]}}, {"type": "Feature", "properties": {"weight": "heavy", "source": "R-10434.2"}, "geometry": {"type": "LineString", "coordinates": [[-122.45987862, 37.80152437], [-122.45987859, 37.80152368]]}}, {"type": "Feature", "properties": {"weight": "heavy", "source": "R-10434.2"}, "geometry": {"type": "LineString", "coordinates": [[-122.45987859, 37.80152368], [-122.45987828, 37.801523]]}}, {"type": "Feature", "properties": {"weight": "heavy", "source": "R-10434.2"}, "geometry": {"type": "LineString", "coordinates": [[-122.45987828, 37.801523], [-122.45987768, 37.80152256]]}}, {"type": "Feature", "properties": {"weight": "heavy", "source": "R-10434.2"}, "geometry": {"type": "LineString", "coordinates": [[-122.45987768, 37.80152256], [-122.45987709, 37.80152211]]}}, {"type": "Feature", "properties": {"weight": "heavy", "source": "R-10434.2"}, "geometry": {"type": "LineString", "coordinates": [[-122.45987709, 37.80152211], [-122.45987621, 37.80152168]]}}, {"type": "Feature", "properties": {"weight": "heavy", "source": "R-10434.2"}, "geometry": {"type": "LineString", "coordinates": [[-122.45987621, 37.80152168], [-122.45987533, 37.80152124]]}}, {"type": "Feature", "properties": {"weight": "heavy", "source": "R-10434.2"}, "geometry": {"type": "LineString", "coordinates": [[-122.45987533, 37.80152124], [-122.45987416, 37.80152104]]}}, {"type": "Feature", "properties": {"weight": "heavy", "source": "R-10434.2"}, "geometry": {"type": "LineString", "coordinates": [[-122.45987416, 37.80152104], [-122.45987183, 37.80152041]]}}, {"type": "Feature", "properties": {"weight": "heavy", "source": "R-10434.2"}, "geometry": {"type": "LineString", "coordinates": [[-122.45987183, 37.80152041], [-122.45986893, 37.80152002]]}}, {"type": "Feature", "properties": {"weight": "heavy", "source": "R-10434.2"}, "geometry": {"type": "LineString", "coordinates": [[-122.45986893, 37.80152002], [-122.45986545, 37.80151965]]}}, {"type": "Feature", "properties": {"weight": "heavy", "source": "R-10434.2"}, "geometry": {"type": "LineString", "coordinates": [[-122.45986545, 37.80151965], [-122.4598617, 37.80151951]]}}, {"type": "Feature", "properties": {"weight": "heavy", "source": "R-10434.2"}, "geometry": {"type": "LineString", "coordinates": [[-122.4598617, 37.80151951], [-122.45985794, 37.80151937]]}}, {"type": "Feature", "properties": {"weight": "heavy", "source": "R-10434.2"}, "geometry": {"type": "LineString", "coordinates": [[-122.45985794, 37.80151937], [-122.45985361, 37.80151925]]}}, {"type": "Feature", "properties": {"weight": "heavy", "source": "R-10434.2"}, "geometry": {"type": "LineString", "coordinates": [[-122.45985361, 37.80151925], [-122.45984899, 37.80151936]]}}, {"type": "Feature", "properties": {"weight": "heavy", "source": "R-10434.2"}, "geometry": {"type": "LineString", "coordinates": [[-122.45973479, 37.80160407], [-122.45973693, 37.80159967]]}}, {"type": "Feature", "properties": {"weight": "heavy", "source": "R-10434.2"}, "geometry": {"type": "LineString", "coordinates": [[-122.45973693, 37.80159967], [-122.4597377, 37.80159736]]}}, {"type": "Feature", "properties": {"weight": "heavy", "source": "R-10434.2"}, "geometry": {"type": "LineString", "coordinates": [[-122.4597377, 37.80159736], [-122.45973849, 37.80159528]]}}, {"type": "Feature", "properties": {"weight": "heavy", "source": "R-10434.2"}, "geometry": {"type": "LineString", "coordinates": [[-122.45973849, 37.80159528], [-122.459739, 37.80159344]]}}, {"type": "Feature", "properties": {"weight": "heavy", "source": "R-10434.2"}, "geometry": {"type": "LineString", "coordinates": [[-122.459739, 37.80159344], [-122.45973922, 37.8015916]]}}, {"type": "Feature", "properties": {"weight": "heavy", "source": "R-10434.2"}, "geometry": {"type": "LineString", "coordinates": [[-122.45973922, 37.8015916], [-122.45973916, 37.80159023]]}}, {"type": "Feature", "properties": {"weight": "heavy", "source": "R-10434.2"}, "geometry": {"type": "LineString", "coordinates": [[-122.45973916, 37.80159023], [-122.45973882, 37.80158886]]}}, {"type": "Feature", "properties": {"weight": "heavy", "source": "R-10434.2"}, "geometry": {"type": "LineString", "coordinates": [[-122.45973882, 37.80158886], [-122.45973851, 37.80158818]]}}, {"type": "Feature", "properties": {"weight": "heavy", "source": "R-10434.2"}, "geometry": {"type": "LineString", "coordinates": [[-122.45973851, 37.80158818], [-122.4597382, 37.80158773]]}}, {"type": "Feature", "properties": {"weight": "heavy", "source": "R-10434.2"}, "geometry": {"type": "LineString", "coordinates": [[-122.4597382, 37.80158773], [-122.45973702, 37.80158707]]}}, {"type": "Feature", "properties": {"weight": "heavy", "source": "R-10434.2"}, "geometry": {"type": "LineString", "coordinates": [[-122.45973702, 37.80158707], [-122.45973556, 37.80158642]]}}, {"type": "Feature", "properties": {"weight": "heavy", "source": "R-10434.2"}, "geometry": {"type": "LineString", "coordinates": [[-122.45973556, 37.80158642], [-122.45973353, 37.80158624]]}}, {"type": "Feature", "properties": {"weight": "heavy", "source": "R-10434.2"}, "geometry": {"type": "LineString", "coordinates": [[-122.45973353, 37.80158624], [-122.4597315, 37.80158606]]}}, {"type": "Feature", "properties": {"weight": "heavy", "source": "R-10434.2"}, "geometry": {"type": "LineString", "coordinates": [[-122.4597315, 37.80158606], [-122.45972892, 37.80158635]]}}, {"type": "Feature", "properties": {"weight": "heavy", "source": "R-10434.2"}, "geometry": {"type": "LineString", "coordinates": [[-122.45972892, 37.80158635], [-122.45972633, 37.80158664]]}}, {"type": "Feature", "properties": {"weight": "heavy", "source": "R-10434.2"}, "geometry": {"type": "LineString", "coordinates": [[-122.45972633, 37.80158664], [-122.45972346, 37.80158694]]}}, {"type": "Feature", "properties": {"weight": "heavy", "source": "R-10434.2"}, "geometry": {"type": "LineString", "coordinates": [[-122.45972346, 37.80158694], [-122.4597203, 37.80158748]]}}, {"type": "Feature", "properties": {"weight": "heavy", "source": "R-10434.2"}, "geometry": {"type": "LineString", "coordinates": [[-122.4597203, 37.80158748], [-122.45971716, 37.80158824]]}}, {"type": "Feature", "properties": {"weight": "heavy", "source": "R-10434.2"}, "geometry": {"type": "LineString", "coordinates": [[-122.45971716, 37.80158824], [-122.45971058, 37.80158977]]}}, {"type": "Feature", "properties": {"weight": "heavy", "source": "R-10434.2"}, "geometry": {"type": "LineString", "coordinates": [[-122.45971058, 37.80158977], [-122.45970371, 37.80159131]]}}, {"type": "Feature", "properties": {"weight": "heavy", "source": "R-10434.2"}, "geometry": {"type": "LineString", "coordinates": [[-122.45970371, 37.80159131], [-122.45969712, 37.80159261]]}}, {"type": "Feature", "properties": {"weight": "heavy", "source": "R-10434.2"}, "geometry": {"type": "LineString", "coordinates": [[-122.45969712, 37.80159261], [-122.45969398, 37.80159337]]}}, {"type": "Feature", "properties": {"weight": "heavy", "source": "R-10434.2"}, "geometry": {"type": "LineString", "coordinates": [[-122.45969398, 37.80159337], [-122.45969111, 37.80159367]]}}, {"type": "Feature", "properties": {"weight": "heavy", "source": "R-10434.2"}, "geometry": {"type": "LineString", "coordinates": [[-122.45969111, 37.80159367], [-122.45968824, 37.8015942]]}}, {"type": "Feature", "properties": {"weight": "heavy", "source": "R-10434.2"}, "geometry": {"type": "LineString", "coordinates": [[-122.45968824, 37.8015942], [-122.45968594, 37.80159448]]}}, {"type": "Feature", "properties": {"weight": "heavy", "source": "R-10434.2"}, "geometry": {"type": "LineString", "coordinates": [[-122.45968594, 37.80159448], [-122.45968364, 37.80159454]]}}, {"type": "Feature", "properties": {"weight": "heavy", "source": "R-10434.2"}, "geometry": {"type": "LineString", "coordinates": [[-122.45968364, 37.80159454], [-122.45968161, 37.80159436]]}}, {"type": "Feature", "properties": {"weight": "heavy", "source": "R-10434.2"}, "geometry": {"type": "LineString", "coordinates": [[-122.45968161, 37.80159436], [-122.45968015, 37.80159394]]}}, {"type": "Feature", "properties": {"weight": "heavy", "source": "R-10434.2"}, "geometry": {"type": "LineString", "coordinates": [[-122.45968015, 37.80159394], [-122.45967868, 37.80159328]]}}, {"type": "Feature", "properties": {"weight": "heavy", "source": "R-10434.2"}, "geometry": {"type": "LineString", "coordinates": [[-122.45967868, 37.80159328], [-122.45967839, 37.80159306]]}}, {"type": "Feature", "properties": {"weight": "heavy", "source": "R-10434.2"}, "geometry": {"type": "LineString", "coordinates": [[-122.45967839, 37.80159306], [-122.45967778, 37.80159239]]}}, {"type": "Feature", "properties": {"weight": "heavy", "source": "R-10434.2"}, "geometry": {"type": "LineString", "coordinates": [[-122.45967778, 37.80159239], [-122.45967777, 37.80159193]]}}, {"type": "Feature", "properties": {"weight": "heavy", "source": "R-10434.2"}, "geometry": {"type": "LineString", "coordinates": [[-122.45967777, 37.80159193], [-122.45967745, 37.80159125]]}}, {"type": "Feature", "properties": {"weight": "heavy", "source": "R-10434.2"}, "geometry": {"type": "LineString", "coordinates": [[-122.45967745, 37.80159125], [-122.45967742, 37.80159057]]}}, {"type": "Feature", "properties": {"weight": "heavy", "source": "R-10434.2"}, "geometry": {"type": "LineString", "coordinates": [[-122.45967742, 37.80159057], [-122.45967769, 37.80158987]]}}, {"type": "Feature", "properties": {"weight": "heavy", "source": "R-10434.2"}, "geometry": {"type": "LineString", "coordinates": [[-122.45967769, 37.80158987], [-122.45967819, 37.80158803]]}}, {"type": "Feature", "properties": {"weight": "heavy", "source": "R-10434.2"}, "geometry": {"type": "LineString", "coordinates": [[-122.45967819, 37.80158803], [-122.45967899, 37.80158618]]}}, {"type": "Feature", "properties": {"weight": "heavy", "source": "R-10434.2"}, "geometry": {"type": "LineString", "coordinates": [[-122.45967899, 37.80158618], [-122.45967977, 37.8015841]]}}, {"type": "Feature", "properties": {"weight": "heavy", "source": "R-10434.2"}, "geometry": {"type": "LineString", "coordinates": [[-122.45967977, 37.8015841], [-122.45968192, 37.80157993]]}}, {"type": "Feature", "properties": {"weight": "heavy", "source": "R-10434.2"}, "geometry": {"type": "LineString", "coordinates": [[-122.45968192, 37.80157993], [-122.45968272, 37.80157808]]}}, {"type": "Feature", "properties": {"weight": "heavy", "source": "R-10434.2"}, "geometry": {"type": "LineString", "coordinates": [[-122.45968272, 37.80157808], [-122.45968352, 37.80157645]]}}, {"type": "Feature", "properties": {"weight": "heavy", "source": "R-10434.2"}, "geometry": {"type": "LineString", "coordinates": [[-122.45968352, 37.80157645], [-122.45968378, 37.80157576]]}}, {"type": "Feature", "properties": {"weight": "heavy", "source": "R-10434.2"}, "geometry": {"type": "LineString", "coordinates": [[-122.45968378, 37.80157576], [-122.45968376, 37.80157507]]}}, {"type": "Feature", "properties": {"weight": "heavy", "source": "R-10434.2"}, "geometry": {"type": "LineString", "coordinates": [[-122.45968376, 37.80157507], [-122.45968373, 37.80157439]]}}, {"type": "Feature", "properties": {"weight": "heavy", "source": "R-10434.2"}, "geometry": {"type": "LineString", "coordinates": [[-122.45968373, 37.80157439], [-122.45968371, 37.80157393]]}}, {"type": "Feature", "properties": {"weight": "heavy", "source": "R-10434.2"}, "geometry": {"type": "LineString", "coordinates": [[-122.45968371, 37.80157393], [-122.45968341, 37.80157348]]}}, {"type": "Feature", "properties": {"weight": "heavy", "source": "R-10434.2"}, "geometry": {"type": "LineString", "coordinates": [[-122.45968341, 37.80157348], [-122.45968311, 37.80157326]]}}, {"type": "Feature", "properties": {"weight": "heavy", "source": "R-10434.2"}, "geometry": {"type": "LineString", "coordinates": [[-122.45968311, 37.80157326], [-122.45968253, 37.80157304]]}}, {"type": "Feature", "properties": {"weight": "heavy", "source": "R-10434.2"}, "geometry": {"type": "LineString", "coordinates": [[-122.45968253, 37.80157304], [-122.45968194, 37.80157283]]}}, {"type": "Feature", "properties": {"weight": "heavy", "source": "R-10434.2"}, "geometry": {"type": "LineString", "coordinates": [[-122.45968194, 37.80157283], [-122.45968079, 37.80157286]]}}, {"type": "Feature", "properties": {"weight": "heavy", "source": "R-10434.2"}, "geometry": {"type": "LineString", "coordinates": [[-122.45968079, 37.80157286], [-122.45967907, 37.80157313]]}}, {"type": "Feature", "properties": {"weight": "heavy", "source": "R-10434.2"}, "geometry": {"type": "LineString", "coordinates": [[-122.45967907, 37.80157313], [-122.45967706, 37.8015734]]}}, {"type": "Feature", "properties": {"weight": "heavy", "source": "R-10434.2"}, "geometry": {"type": "LineString", "coordinates": [[-122.45967706, 37.8015734], [-122.45967449, 37.80157415]]}}, {"type": "Feature", "properties": {"weight": "heavy", "source": "R-10434.2"}, "geometry": {"type": "LineString", "coordinates": [[-122.45967449, 37.80157415], [-122.45967221, 37.80157489]]}}, {"type": "Feature", "properties": {"weight": "heavy", "source": "R-10434.2"}, "geometry": {"type": "LineString", "coordinates": [[-122.45967221, 37.80157489], [-122.45966936, 37.80157588]]}}, {"type": "Feature", "properties": {"weight": "heavy", "source": "R-10434.2"}, "geometry": {"type": "LineString", "coordinates": [[-122.45966936, 37.80157588], [-122.45966651, 37.80157686]]}}, {"type": "Feature", "properties": {"weight": "heavy", "source": "R-10434.2"}, "geometry": {"type": "LineString", "coordinates": [[-122.45966651, 37.80157686], [-122.45966339, 37.80157808]]}}, {"type": "Feature", "properties": {"weight": "heavy", "source": "R-10434.2"}, "geometry": {"type": "LineString", "coordinates": [[-122.45966339, 37.80157808], [-122.45965712, 37.80158029]]}}, {"type": "Feature", "properties": {"weight": "heavy", "source": "R-10434.2"}, "geometry": {"type": "LineString", "coordinates": [[-122.45965712, 37.80158029], [-122.45965086, 37.80158251]]}}, {"type": "Feature", "properties": {"weight": "heavy", "source": "R-10434.2"}, "geometry": {"type": "LineString", "coordinates": [[-122.45965086, 37.80158251], [-122.45964801, 37.80158349]]}}, {"type": "Feature", "properties": {"weight": "heavy", "source": "R-10434.2"}, "geometry": {"type": "LineString", "coordinates": [[-122.45964801, 37.80158349], [-122.45964486, 37.80158425]]}}, {"type": "Feature", "properties": {"weight": "heavy", "source": "R-10434.2"}, "geometry": {"type": "LineString", "coordinates": [[-122.45964486, 37.80158425], [-122.4596423, 37.801585]]}}, {"type": "Feature", "properties": {"weight": "heavy", "source": "R-10434.2"}, "geometry": {"type": "LineString", "coordinates": [[-122.4596423, 37.801585], [-122.45963943, 37.80158553]]}}, {"type": "Feature", "properties": {"weight": "heavy", "source": "R-10434.2"}, "geometry": {"type": "LineString", "coordinates": [[-122.45963943, 37.80158553], [-122.45963685, 37.80158605]]}}, {"type": "Feature", "properties": {"weight": "heavy", "source": "R-10434.2"}, "geometry": {"type": "LineString", "coordinates": [[-122.45963685, 37.80158605], [-122.45963428, 37.80158657]]}}, {"type": "Feature", "properties": {"weight": "heavy", "source": "R-10434.2"}, "geometry": {"type": "LineString", "coordinates": [[-122.45927883, 37.80178446], [-122.45927269, 37.80178255]]}}, {"type": "Feature", "properties": {"weight": "heavy", "source": "R-10434.2"}, "geometry": {"type": "LineString", "coordinates": [[-122.45927269, 37.80178255], [-122.45926977, 37.80178148]]}}, {"type": "Feature", "properties": {"weight": "heavy", "source": "R-10434.2"}, "geometry": {"type": "LineString", "coordinates": [[-122.45926977, 37.80178148], [-122.45926684, 37.8017804]]}}, {"type": "Feature", "properties": {"weight": "heavy", "source": "R-10434.2"}, "geometry": {"type": "LineString", "coordinates": [[-122.45926684, 37.8017804], [-122.4592642, 37.80177932]]}}, {"type": "Feature", "properties": {"weight": "heavy", "source": "R-10434.2"}, "geometry": {"type": "LineString", "coordinates": [[-122.4592642, 37.80177932], [-122.45926185, 37.80177823]]}}, {"type": "Feature", "properties": {"weight": "heavy", "source": "R-10434.2"}, "geometry": {"type": "LineString", "coordinates": [[-122.45926185, 37.80177823], [-122.4592595, 37.80177714]]}}, {"type": "Feature", "properties": {"weight": "heavy", "source": "R-10434.2"}, "geometry": {"type": "LineString", "coordinates": [[-122.4592595, 37.80177714], [-122.45925772, 37.80177581]]}}, {"type": "Feature", "properties": {"weight": "heavy", "source": "R-10434.2"}, "geometry": {"type": "LineString", "coordinates": [[-122.45925772, 37.80177581], [-122.45925623, 37.80177448]]}}, {"type": "Feature", "properties": {"weight": "heavy", "source": "R-10434.2"}, "geometry": {"type": "LineString", "coordinates": [[-122.45925623, 37.80177448], [-122.45925532, 37.80177335]]}}, {"type": "Feature", "properties": {"weight": "heavy", "source": "R-10434.2"}, "geometry": {"type": "LineString", "coordinates": [[-122.45925532, 37.80177335], [-122.45925468, 37.80177177]]}}, {"type": "Feature", "properties": {"weight": "heavy", "source": "R-10434.2"}, "geometry": {"type": "LineString", "coordinates": [[-122.45925468, 37.80177177], [-122.45925434, 37.8017704]]}}, {"type": "Feature", "properties": {"weight": "heavy", "source": "R-10434.2"}, "geometry": {"type": "LineString", "coordinates": [[-122.45925434, 37.8017704], [-122.45925429, 37.80176903]]}}, {"type": "Feature", "properties": {"weight": "heavy", "source": "R-10434.2"}, "geometry": {"type": "LineString", "coordinates": [[-122.45925429, 37.80176903], [-122.4592548, 37.80176741]]}}, {"type": "Feature", "properties": {"weight": "heavy", "source": "R-10434.2"}, "geometry": {"type": "LineString", "coordinates": [[-122.4592548, 37.80176741], [-122.45925532, 37.8017658]]}}, {"type": "Feature", "properties": {"weight": "heavy", "source": "R-10434.2"}, "geometry": {"type": "LineString", "coordinates": [[-122.45925532, 37.8017658], [-122.45925641, 37.80176417]]}}, {"type": "Feature", "properties": {"weight": "heavy", "source": "R-10434.2"}, "geometry": {"type": "LineString", "coordinates": [[-122.45925641, 37.80176417], [-122.45925749, 37.80176231]]}}, {"type": "Feature", "properties": {"weight": "heavy", "source": "R-10434.2"}, "geometry": {"type": "LineString", "coordinates": [[-122.45925749, 37.80176231], [-122.45925916, 37.80176067]]}}, {"type": "Feature", "properties": {"weight": "heavy", "source": "R-10434.2"}, "geometry": {"type": "LineString", "coordinates": [[-122.45925916, 37.80176067], [-122.45926082, 37.8017588]]}}, {"type": "Feature", "properties": {"weight": "heavy", "source": "R-10434.2"}, "geometry": {"type": "LineString", "coordinates": [[-122.45926082, 37.8017588], [-122.45926277, 37.80175692]]}}, {"type": "Feature", "properties": {"weight": "heavy", "source": "R-10434.2"}, "geometry": {"type": "LineString", "coordinates": [[-122.45926277, 37.80175692], [-122.45926472, 37.80175504]]}}, {"type": "Feature", "properties": {"weight": "heavy", "source": "R-10434.2"}, "geometry": {"type": "LineString", "coordinates": [[-122.45926472, 37.80175504], [-122.45926695, 37.80175315]]}}, {"type": "Feature", "properties": {"weight": "heavy", "source": "R-10434.2"}, "geometry": {"type": "LineString", "coordinates": [[-122.45926695, 37.80175315], [-122.45927141, 37.80174892]]}}, {"type": "Feature", "properties": {"weight": "heavy", "source": "R-10434.2"}, "geometry": {"type": "LineString", "coordinates": [[-122.45927141, 37.80174892], [-122.45927644, 37.80174468]]}}, {"type": "Feature", "properties": {"weight": "heavy", "source": "R-10434.2"}, "geometry": {"type": "LineString", "coordinates": [[-122.45927644, 37.80174468], [-122.45928147, 37.80174044]]}}, {"type": "Feature", "properties": {"weight": "heavy", "source": "R-10434.2"}, "geometry": {"type": "LineString", "coordinates": [[-122.45928147, 37.80174044], [-122.45928649, 37.80173574]]}}, {"type": "Feature", "properties": {"weight": "heavy", "source": "R-10434.2"}, "geometry": {"type": "LineString", "coordinates": [[-122.45928649, 37.80173574], [-122.45929121, 37.80173105]]}}, {"type": "Feature", "properties": {"weight": "heavy", "source": "R-10434.2"}, "geometry": {"type": "LineString", "coordinates": [[-122.45929121, 37.80173105], [-122.45929343, 37.8017287]]}}, {"type": "Feature", "properties": {"weight": "heavy", "source": "R-10434.2"}, "geometry": {"type": "LineString", "coordinates": [[-122.45929343, 37.8017287], [-122.45929536, 37.80172614]]}}, {"type": "Feature", "properties": {"weight": "heavy", "source": "R-10434.2"}, "geometry": {"type": "LineString", "coordinates": [[-122.45929536, 37.80172614], [-122.45929729, 37.8017238]]}}, {"type": "Feature", "properties": {"weight": "heavy", "source": "R-10434.2"}, "geometry": {"type": "LineString", "coordinates": [[-122.45929729, 37.8017238], [-122.45929892, 37.80172125]]}}, {"type": "Feature", "properties": {"weight": "heavy", "source": "R-10434.2"}, "geometry": {"type": "LineString", "coordinates": [[-122.45929892, 37.80172125], [-122.45930056, 37.80171892]]}}, {"type": "Feature", "properties": {"weight": "heavy", "source": "R-10434.2"}, "geometry": {"type": "LineString", "coordinates": [[-122.45930056, 37.80171892], [-122.45930191, 37.80171637]]}}, {"type": "Feature", "properties": {"weight": "heavy", "source": "R-10434.2"}, "geometry": {"type": "LineString", "coordinates": [[-122.45930191, 37.80171637], [-122.45930297, 37.80171405]]}}, {"type": "Feature", "properties": {"weight": "heavy", "source": "R-10434.2"}, "geometry": {"type": "LineString", "coordinates": [[-122.45930297, 37.80171405], [-122.45930404, 37.80171174]]}}, {"type": "Feature", "properties": {"weight": "heavy", "source": "R-10434.2"}, "geometry": {"type": "LineString", "coordinates": [[-122.45930404, 37.80171174], [-122.45930453, 37.80170943]]}}, {"type": "Feature", "properties": {"weight": "heavy", "source": "R-10434.2"}, "geometry": {"type": "LineString", "coordinates": [[-122.45930453, 37.80170943], [-122.45930503, 37.80170736]]}}, {"type": "Feature", "properties": {"weight": "heavy", "source": "R-10434.2"}, "geometry": {"type": "LineString", "coordinates": [[-122.45930503, 37.80170736], [-122.45930525, 37.80170552]]}}, {"type": "Feature", "properties": {"weight": "heavy", "source": "R-10434.2"}, "geometry": {"type": "LineString", "coordinates": [[-122.45930525, 37.80170552], [-122.45930517, 37.80170347]]}}, {"type": "Feature", "properties": {"weight": "heavy", "source": "R-10434.2"}, "geometry": {"type": "LineString", "coordinates": [[-122.45930517, 37.80170347], [-122.45930453, 37.80170188]]}}, {"type": "Feature", "properties": {"weight": "heavy", "source": "R-10434.2"}, "geometry": {"type": "LineString", "coordinates": [[-122.45930453, 37.80170188], [-122.45930389, 37.80170029]]}}, {"type": "Feature", "properties": {"weight": "heavy", "source": "R-10434.2"}, "geometry": {"type": "LineString", "coordinates": [[-122.45930389, 37.80170029], [-122.45930269, 37.80169895]]}}, {"type": "Feature", "properties": {"weight": "heavy", "source": "R-10434.2"}, "geometry": {"type": "LineString", "coordinates": [[-122.45930269, 37.80169895], [-122.45930149, 37.80169783]]}}, {"type": "Feature", "properties": {"weight": "heavy", "source": "R-10434.2"}, "geometry": {"type": "LineString", "coordinates": [[-122.45930149, 37.80169783], [-122.45929972, 37.80169673]]}}, {"type": "Feature", "properties": {"weight": "heavy", "source": "R-10434.2"}, "geometry": {"type": "LineString", "coordinates": [[-122.45929972, 37.80169673], [-122.45929795, 37.80169585]]}}, {"type": "Feature", "properties": {"weight": "heavy", "source": "R-10434.2"}, "geometry": {"type": "LineString", "coordinates": [[-122.45929795, 37.80169585], [-122.45929562, 37.80169522]]}}, {"type": "Feature", "properties": {"weight": "heavy", "source": "R-10434.2"}, "geometry": {"type": "LineString", "coordinates": [[-122.45929562, 37.80169522], [-122.45929329, 37.80169459]]}}, {"type": "Feature", "properties": {"weight": "heavy", "source": "R-10434.2"}, "geometry": {"type": "LineString", "coordinates": [[-122.45929329, 37.80169459], [-122.45929067, 37.8016942]]}}, {"type": "Feature", "properties": {"weight": "heavy", "source": "R-10434.2"}, "geometry": {"type": "LineString", "coordinates": [[-122.45929067, 37.8016942], [-122.45928777, 37.80169381]]}}, {"type": "Feature", "properties": {"weight": "heavy", "source": "R-10434.2"}, "geometry": {"type": "LineString", "coordinates": [[-122.45928777, 37.80169381], [-122.45928458, 37.80169343]]}}, {"type": "Feature", "properties": {"weight": "heavy", "source": "R-10434.2"}, "geometry": {"type": "LineString", "coordinates": [[-122.45928458, 37.80169343], [-122.4592814, 37.80169328]]}}, {"type": "Feature", "properties": {"weight": "heavy", "source": "R-10434.2"}, "geometry": {"type": "LineString", "coordinates": [[-122.4592814, 37.80169328], [-122.45927822, 37.80169312]]}}, {"type": "Feature", "properties": {"weight": "heavy", "source": "R-10434.2"}, "geometry": {"type": "LineString", "coordinates": [[-122.45927822, 37.80169312], [-122.45927476, 37.80169321]]}}, {"type": "Feature", "properties": {"weight": "heavy", "source": "R-10434.2"}, "geometry": {"type": "LineString", "coordinates": [[-122.45927476, 37.80169321], [-122.45926756, 37.80169338]]}}, {"type": "Feature", "properties": {"weight": "heavy", "source": "R-10434.2"}, "geometry": {"type": "LineString", "coordinates": [[-122.45926756, 37.80169338], [-122.45926006, 37.80169356]]}}, {"type": "Feature", "properties": {"weight": "heavy", "source": "R-10434.2"}, "geometry": {"type": "LineString", "coordinates": [[-122.45926006, 37.80169356], [-122.45925257, 37.80169397]]}}, {"type": "Feature", "properties": {"weight": "heavy", "source": "R-10434.2"}, "geometry": {"type": "LineString", "coordinates": [[-122.46190627, 37.80143232], [-122.46176443, 37.80136796]]}}, {"type": "Feature", "properties": {"weight": "heavy", "source": "R-10434.2"}, "geometry": {"type": "LineString", "coordinates": [[-122.45883924, 37.80251466], [-122.45884866, 37.80251947]]}}, {"type": "Feature", "properties": {"weight": "heavy", "source": "R-10434.2"}, "geometry": {"type": "LineString", "coordinates": [[-122.45884866, 37.80251947], [-122.45885308, 37.80252188]]}}, {"type": "Feature", "properties": {"weight": "heavy", "source": "R-10434.2"}, "geometry": {"type": "LineString", "coordinates": [[-122.45885308, 37.80252188], [-122.45885721, 37.8025243]]}}, {"type": "Feature", "properties": {"weight": "heavy", "source": "R-10434.2"}, "geometry": {"type": "LineString", "coordinates": [[-122.45885721, 37.8025243], [-122.45885899, 37.80252563]]}}, {"type": "Feature", "properties": {"weight": "heavy", "source": "R-10434.2"}, "geometry": {"type": "LineString", "coordinates": [[-122.45885899, 37.80252563], [-122.45886078, 37.80252696]]}}, {"type": "Feature", "properties": {"weight": "heavy", "source": "R-10434.2"}, "geometry": {"type": "LineString", "coordinates": [[-122.45886078, 37.80252696], [-122.45886227, 37.8025283]]}}, {"type": "Feature", "properties": {"weight": "heavy", "source": "R-10434.2"}, "geometry": {"type": "LineString", "coordinates": [[-122.45886227, 37.8025283], [-122.45886375, 37.80252941]]}}, {"type": "Feature", "properties": {"weight": "heavy", "source": "R-10434.2"}, "geometry": {"type": "LineString", "coordinates": [[-122.45886375, 37.80252941], [-122.45886496, 37.80253075]]}}, {"type": "Feature", "properties": {"weight": "heavy", "source": "R-10434.2"}, "geometry": {"type": "LineString", "coordinates": [[-122.45886496, 37.80253075], [-122.45886588, 37.8025321]]}}, {"type": "Feature", "properties": {"weight": "heavy", "source": "R-10434.2"}, "geometry": {"type": "LineString", "coordinates": [[-122.45886588, 37.8025321], [-122.45886651, 37.80253346]]}}, {"type": "Feature", "properties": {"weight": "heavy", "source": "R-10434.2"}, "geometry": {"type": "LineString", "coordinates": [[-122.45886651, 37.80253346], [-122.45886714, 37.80253482]]}}, {"type": "Feature", "properties": {"weight": "heavy", "source": "R-10434.2"}, "geometry": {"type": "LineString", "coordinates": [[-122.45886714, 37.80253482], [-122.45886748, 37.80253641]]}}, {"type": "Feature", "properties": {"weight": "heavy", "source": "R-10434.2"}, "geometry": {"type": "LineString", "coordinates": [[-122.45886748, 37.80253641], [-122.45886754, 37.80253779]]}}, {"type": "Feature", "properties": {"weight": "heavy", "source": "R-10434.2"}, "geometry": {"type": "LineString", "coordinates": [[-122.45886754, 37.80253779], [-122.4588673, 37.80253917]]}}, {"type": "Feature", "properties": {"weight": "heavy", "source": "R-10434.2"}, "geometry": {"type": "LineString", "coordinates": [[-122.4588673, 37.80253917], [-122.45886678, 37.80254055]]}}, {"type": "Feature", "properties": {"weight": "heavy", "source": "R-10434.2"}, "geometry": {"type": "LineString", "coordinates": [[-122.45886678, 37.80254055], [-122.45886626, 37.80254217]]}}, {"type": "Feature", "properties": {"weight": "heavy", "source": "R-10434.2"}, "geometry": {"type": "LineString", "coordinates": [[-122.45886626, 37.80254217], [-122.45886545, 37.80254356]]}}, {"type": "Feature", "properties": {"weight": "heavy", "source": "R-10434.2"}, "geometry": {"type": "LineString", "coordinates": [[-122.45886545, 37.80254356], [-122.45886435, 37.80254496]]}}, {"type": "Feature", "properties": {"weight": "heavy", "source": "R-10434.2"}, "geometry": {"type": "LineString", "coordinates": [[-122.45886435, 37.80254496], [-122.45886326, 37.80254659]]}}, {"type": "Feature", "properties": {"weight": "heavy", "source": "R-10434.2"}, "geometry": {"type": "LineString", "coordinates": [[-122.45886326, 37.80254659], [-122.45886187, 37.802548]]}}, {"type": "Feature", "properties": {"weight": "heavy", "source": "R-10434.2"}, "geometry": {"type": "LineString", "coordinates": [[-122.45886187, 37.802548], [-122.45886048, 37.8025494]]}}, {"type": "Feature", "properties": {"weight": "heavy", "source": "R-10434.2"}, "geometry": {"type": "LineString", "coordinates": [[-122.45886048, 37.8025494], [-122.4588588, 37.80255082]]}}, {"type": "Feature", "properties": {"weight": "heavy", "source": "R-10434.2"}, "geometry": {"type": "LineString", "coordinates": [[-122.4588588, 37.80255082], [-122.45885684, 37.80255247]]}}, {"type": "Feature", "properties": {"weight": "heavy", "source": "R-10434.2"}, "geometry": {"type": "LineString", "coordinates": [[-122.45885684, 37.80255247], [-122.45885488, 37.80255389]]}}, {"type": "Feature", "properties": {"weight": "heavy", "source": "R-10434.2"}, "geometry": {"type": "LineString", "coordinates": [[-122.45885488, 37.80255389], [-122.45885291, 37.80255531]]}}, {"type": "Feature", "properties": {"weight": "heavy", "source": "R-10434.2"}, "geometry": {"type": "LineString", "coordinates": [[-122.45885291, 37.80255531], [-122.45884812, 37.80255817]]}}, {"type": "Feature", "properties": {"weight": "heavy", "source": "R-10434.2"}, "geometry": {"type": "LineString", "coordinates": [[-122.45884812, 37.80255817], [-122.45884302, 37.80256081]]}}, {"type": "Feature", "properties": {"weight": "heavy", "source": "R-10434.2"}, "geometry": {"type": "LineString", "coordinates": [[-122.45884302, 37.80256081], [-122.45883765, 37.80256369]]}}, {"type": "Feature", "properties": {"weight": "heavy", "source": "R-10434.2"}, "geometry": {"type": "LineString", "coordinates": [[-122.45883765, 37.80256369], [-122.45883168, 37.80256612]]}}, {"type": "Feature", "properties": {"weight": "heavy", "source": "R-10434.2"}, "geometry": {"type": "LineString", "coordinates": [[-122.45883168, 37.80256612], [-122.45882572, 37.80256856]]}}, {"type": "Feature", "properties": {"weight": "heavy", "source": "R-10434.2"}, "geometry": {"type": "LineString", "coordinates": [[-122.45882572, 37.80256856], [-122.45881946, 37.802571]]}}, {"type": "Feature", "properties": {"weight": "heavy", "source": "R-10434.2"}, "geometry": {"type": "LineString", "coordinates": [[-122.45881946, 37.802571], [-122.4588132, 37.80257321]]}}, {"type": "Feature", "properties": {"weight": "heavy", "source": "R-10434.2"}, "geometry": {"type": "LineString", "coordinates": [[-122.4588132, 37.80257321], [-122.45881035, 37.80257419]]}}, {"type": "Feature", "properties": {"weight": "heavy", "source": "R-10434.2"}, "geometry": {"type": "LineString", "coordinates": [[-122.45881035, 37.80257419], [-122.4588075, 37.80257518]]}}, {"type": "Feature", "properties": {"weight": "heavy", "source": "R-10434.2"}, "geometry": {"type": "LineString", "coordinates": [[-122.4588075, 37.80257518], [-122.45880494, 37.80257615]]}}, {"type": "Feature", "properties": {"weight": "heavy", "source": "R-10434.2"}, "geometry": {"type": "LineString", "coordinates": [[-122.45880494, 37.80257615], [-122.45880267, 37.80257712]]}}, {"type": "Feature", "properties": {"weight": "heavy", "source": "R-10434.2"}, "geometry": {"type": "LineString", "coordinates": [[-122.45880267, 37.80257712], [-122.45880069, 37.80257809]]}}, {"type": "Feature", "properties": {"weight": "heavy", "source": "R-10434.2"}, "geometry": {"type": "LineString", "coordinates": [[-122.45880069, 37.80257809], [-122.45879899, 37.80257904]]}}, {"type": "Feature", "properties": {"weight": "heavy", "source": "R-10434.2"}, "geometry": {"type": "LineString", "coordinates": [[-122.45879899, 37.80257904], [-122.45879759, 37.80257999]]}}, {"type": "Feature", "properties": {"weight": "heavy", "source": "R-10434.2"}, "geometry": {"type": "LineString", "coordinates": [[-122.45879759, 37.80257999], [-122.45879675, 37.8025807]]}}, {"type": "Feature", "properties": {"weight": "heavy", "source": "R-10434.2"}, "geometry": {"type": "LineString", "coordinates": [[-122.45879675, 37.8025807], [-122.4587962, 37.80258163]]}}, {"type": "Feature", "properties": {"weight": "heavy", "source": "R-10434.2"}, "geometry": {"type": "LineString", "coordinates": [[-122.4587962, 37.80258163], [-122.45879624, 37.80258255]]}}, {"type": "Feature", "properties": {"weight": "heavy", "source": "R-10434.2"}, "geometry": {"type": "LineString", "coordinates": [[-122.45879624, 37.80258255], [-122.45879625, 37.80258277]]}}, {"type": "Feature", "properties": {"weight": "heavy", "source": "R-10434.2"}, "geometry": {"type": "LineString", "coordinates": [[-122.45879625, 37.80258277], [-122.45879655, 37.80258322]]}}, {"type": "Feature", "properties": {"weight": "heavy", "source": "R-10434.2"}, "geometry": {"type": "LineString", "coordinates": [[-122.45879655, 37.80258322], [-122.45879745, 37.80258412]]}}, {"type": "Feature", "properties": {"weight": "heavy", "source": "R-10434.2"}, "geometry": {"type": "LineString", "coordinates": [[-122.45879745, 37.80258412], [-122.45879892, 37.80258477]]}}, {"type": "Feature", "properties": {"weight": "heavy", "source": "R-10434.2"}, "geometry": {"type": "LineString", "coordinates": [[-122.45879892, 37.80258477], [-122.45880069, 37.80258564]]}}, {"type": "Feature", "properties": {"weight": "heavy", "source": "R-10434.2"}, "geometry": {"type": "LineString", "coordinates": [[-122.45880069, 37.80258564], [-122.45880302, 37.80258627]]}}, {"type": "Feature", "properties": {"weight": "heavy", "source": "R-10434.2"}, "geometry": {"type": "LineString", "coordinates": [[-122.45880302, 37.80258627], [-122.45880536, 37.80258713]]}}, {"type": "Feature", "properties": {"weight": "heavy", "source": "R-10434.2"}, "geometry": {"type": "LineString", "coordinates": [[-122.45880536, 37.80258713], [-122.45880827, 37.80258775]]}}, {"type": "Feature", "properties": {"weight": "heavy", "source": "R-10434.2"}, "geometry": {"type": "LineString", "coordinates": [[-122.45880827, 37.80258775], [-122.45881119, 37.8025886]]}}, {"type": "Feature", "properties": {"weight": "heavy", "source": "R-10434.2"}, "geometry": {"type": "LineString", "coordinates": [[-122.45881119, 37.8025886], [-122.45881701, 37.80258983]]}}, {"type": "Feature", "properties": {"weight": "heavy", "source": "R-10434.2"}, "geometry": {"type": "LineString", "coordinates": [[-122.461826, 37.80124994], [-122.46176443, 37.80136796]]}}, {"type": "Feature", "properties": {"weight": "heavy", "source": "R-10434.2"}, "geometry": {"type": "LineString", "coordinates": [[-122.46178502, 37.80124222], [-122.46173022, 37.80135619]]}}, {"type": "Feature", "properties": {"weight": "heavy", "source": "R-10434.2"}, "geometry": {"type": "LineString", "coordinates": [[-122.45993591, 37.80152849], [-122.45992925, 37.80152796]]}}, {"type": "Feature", "properties": {"weight": "heavy", "source": "R-10434.2"}, "geometry": {"type": "LineString", "coordinates": [[-122.45992925, 37.80152796], [-122.45992259, 37.8015272]]}}, {"type": "Feature", "properties": {"weight": "heavy", "source": "R-10434.2"}, "geometry": {"type": "LineString", "coordinates": [[-122.45992259, 37.8015272], [-122.45991621, 37.80152644]]}}, {"type": "Feature", "properties": {"weight": "heavy", "source": "R-10434.2"}, "geometry": {"type": "LineString", "coordinates": [[-122.45991621, 37.80152644], [-122.4599133, 37.80152582]]}}, {"type": "Feature", "properties": {"weight": "heavy", "source": "R-10434.2"}, "geometry": {"type": "LineString", "coordinates": [[-122.4599133, 37.80152582], [-122.45991039, 37.80152521]]}}, {"type": "Feature", "properties": {"weight": "heavy", "source": "R-10434.2"}, "geometry": {"type": "LineString", "coordinates": [[-122.45991039, 37.80152521], [-122.45990777, 37.80152458]]}}, {"type": "Feature", "properties": {"weight": "heavy", "source": "R-10434.2"}, "geometry": {"type": "LineString", "coordinates": [[-122.45990777, 37.80152458], [-122.45990514, 37.80152373]]}}, {"type": "Feature", "properties": {"weight": "heavy", "source": "R-10434.2"}, "geometry": {"type": "LineString", "coordinates": [[-122.45990514, 37.80152373], [-122.45990279, 37.80152264]]}}, {"type": "Feature", "properties": {"weight": "heavy", "source": "R-10434.2"}, "geometry": {"type": "LineString", "coordinates": [[-122.45990279, 37.80152264], [-122.45990073, 37.80152155]]}}, {"type": "Feature", "properties": {"weight": "heavy", "source": "R-10434.2"}, "geometry": {"type": "LineString", "coordinates": [[-122.45990073, 37.80152155], [-122.45989896, 37.80152044]]}}, {"type": "Feature", "properties": {"weight": "heavy", "source": "R-10434.2"}, "geometry": {"type": "LineString", "coordinates": [[-122.45989896, 37.80152044], [-122.45989717, 37.80151911]]}}, {"type": "Feature", "properties": {"weight": "heavy", "source": "R-10434.2"}, "geometry": {"type": "LineString", "coordinates": [[-122.45989717, 37.80151911], [-122.45989596, 37.80151754]]}}, {"type": "Feature", "properties": {"weight": "heavy", "source": "R-10434.2"}, "geometry": {"type": "LineString", "coordinates": [[-122.45989596, 37.80151754], [-122.45989474, 37.80151574]]}}, {"type": "Feature", "properties": {"weight": "heavy", "source": "R-10434.2"}, "geometry": {"type": "LineString", "coordinates": [[-122.45989474, 37.80151574], [-122.4598938, 37.80151393]]}}, {"type": "Feature", "properties": {"weight": "heavy", "source": "R-10434.2"}, "geometry": {"type": "LineString", "coordinates": [[-122.4598938, 37.80151393], [-122.45989316, 37.80151211]]}}, {"type": "Feature", "properties": {"weight": "heavy", "source": "R-10434.2"}, "geometry": {"type": "LineString", "coordinates": [[-122.45989316, 37.80151211], [-122.45989249, 37.80150984]]}}, {"type": "Feature", "properties": {"weight": "heavy", "source": "R-10434.2"}, "geometry": {"type": "LineString", "coordinates": [[-122.45989249, 37.80150984], [-122.45989212, 37.80150779]]}}, {"type": "Feature", "properties": {"weight": "heavy", "source": "R-10434.2"}, "geometry": {"type": "LineString", "coordinates": [[-122.45989212, 37.80150779], [-122.45989204, 37.8015055]]}}, {"type": "Feature", "properties": {"weight": "heavy", "source": "R-10434.2"}, "geometry": {"type": "LineString", "coordinates": [[-122.45989204, 37.8015055], [-122.45989194, 37.80150298]]}}, {"type": "Feature", "properties": {"weight": "heavy", "source": "R-10434.2"}, "geometry": {"type": "LineString", "coordinates": [[-122.45989194, 37.80150298], [-122.45989205, 37.80149817]]}}, {"type": "Feature", "properties": {"weight": "heavy", "source": "R-10434.2"}, "geometry": {"type": "LineString", "coordinates": [[-122.45989205, 37.80149817], [-122.45989281, 37.80148785]]}}, {"type": "Feature", "properties": {"weight": "heavy", "source": "R-10434.2"}, "geometry": {"type": "LineString", "coordinates": [[-122.45989281, 37.80148785], [-122.45989319, 37.8014828]]}}, {"type": "Feature", "properties": {"weight": "heavy", "source": "R-10434.2"}, "geometry": {"type": "LineString", "coordinates": [[-122.45989319, 37.8014828], [-122.45989329, 37.80147777]]}}, {"type": "Feature", "properties": {"weight": "heavy", "source": "R-10434.2"}, "geometry": {"type": "LineString", "coordinates": [[-122.45989329, 37.80147777], [-122.4598932, 37.80147548]]}}, {"type": "Feature", "properties": {"weight": "heavy", "source": "R-10434.2"}, "geometry": {"type": "LineString", "coordinates": [[-122.4598932, 37.80147548], [-122.45989282, 37.8014732]]}}, {"type": "Feature", "properties": {"weight": "heavy", "source": "R-10434.2"}, "geometry": {"type": "LineString", "coordinates": [[-122.45989282, 37.8014732], [-122.45989245, 37.80147092]]}}, {"type": "Feature", "properties": {"weight": "heavy", "source": "R-10434.2"}, "geometry": {"type": "LineString", "coordinates": [[-122.45989245, 37.80147092], [-122.45989178, 37.80146864]]}}, {"type": "Feature", "properties": {"weight": "heavy", "source": "R-10434.2"}, "geometry": {"type": "LineString", "coordinates": [[-122.45989178, 37.80146864], [-122.45989113, 37.8014666]]}}, {"type": "Feature", "properties": {"weight": "heavy", "source": "R-10434.2"}, "geometry": {"type": "LineString", "coordinates": [[-122.45989113, 37.8014666], [-122.45989019, 37.80146456]]}}, {"type": "Feature", "properties": {"weight": "heavy", "source": "R-10434.2"}, "geometry": {"type": "LineString", "coordinates": [[-122.45989019, 37.80146456], [-122.45988896, 37.80146276]]}}, {"type": "Feature", "properties": {"weight": "heavy", "source": "R-10434.2"}, "geometry": {"type": "LineString", "coordinates": [[-122.45988896, 37.80146276], [-122.45988775, 37.80146118]]}}, {"type": "Feature", "properties": {"weight": "heavy", "source": "R-10434.2"}, "geometry": {"type": "LineString", "coordinates": [[-122.45988775, 37.80146118], [-122.45988624, 37.80145939]]}}, {"type": "Feature", "properties": {"weight": "heavy", "source": "R-10434.2"}, "geometry": {"type": "LineString", "coordinates": [[-122.45988624, 37.80145939], [-122.45988445, 37.80145783]]}}, {"type": "Feature", "properties": {"weight": "heavy", "source": "R-10434.2"}, "geometry": {"type": "LineString", "coordinates": [[-122.45988445, 37.80145783], [-122.45988266, 37.8014565]]}}, {"type": "Feature", "properties": {"weight": "heavy", "source": "R-10434.2"}, "geometry": {"type": "LineString", "coordinates": [[-122.45988266, 37.8014565], [-122.45988059, 37.80145517]]}}, {"type": "Feature", "properties": {"weight": "heavy", "source": "R-10434.2"}, "geometry": {"type": "LineString", "coordinates": [[-122.45988059, 37.80145517], [-122.45987852, 37.80145385]]}}, {"type": "Feature", "properties": {"weight": "heavy", "source": "R-10434.2"}, "geometry": {"type": "LineString", "coordinates": [[-122.45987852, 37.80145385], [-122.45987616, 37.80145253]]}}, {"type": "Feature", "properties": {"weight": "heavy", "source": "R-10434.2"}, "geometry": {"type": "LineString", "coordinates": [[-122.45987616, 37.80145253], [-122.45987381, 37.80145144]]}}, {"type": "Feature", "properties": {"weight": "heavy", "source": "R-10434.2"}, "geometry": {"type": "LineString", "coordinates": [[-122.45987381, 37.80145144], [-122.45987146, 37.80145036]]}}, {"type": "Feature", "properties": {"weight": "heavy", "source": "R-10434.2"}, "geometry": {"type": "LineString", "coordinates": [[-122.45987146, 37.80145036], [-122.45986883, 37.8014495]]}}, {"type": "Feature", "properties": {"weight": "heavy", "source": "R-10434.2"}, "geometry": {"type": "LineString", "coordinates": [[-122.45986883, 37.8014495], [-122.45986591, 37.80144843]]}}, {"type": "Feature", "properties": {"weight": "heavy", "source": "R-10434.2"}, "geometry": {"type": "LineString", "coordinates": [[-122.45986591, 37.80144843], [-122.45986036, 37.80144673]]}}, {"type": "Feature", "properties": {"weight": "heavy", "source": "R-10434.2"}, "geometry": {"type": "LineString", "coordinates": [[-122.45986036, 37.80144673], [-122.45985396, 37.80144528]]}}, {"type": "Feature", "properties": {"weight": "heavy", "source": "R-10434.2"}, "geometry": {"type": "LineString", "coordinates": [[-122.45985396, 37.80144528], [-122.45984756, 37.80144406]]}}, {"type": "Feature", "properties": {"weight": "heavy", "source": "R-10434.2"}, "geometry": {"type": "LineString", "coordinates": [[-122.45984756, 37.80144406], [-122.45984088, 37.80144285]]}}, {"type": "Feature", "properties": {"weight": "heavy", "source": "R-10434.2"}, "geometry": {"type": "LineString", "coordinates": [[-122.45984088, 37.80144285], [-122.45983419, 37.80144164]]}}, {"type": "Feature", "properties": {"weight": "heavy", "source": "R-10434.2"}, "geometry": {"type": "LineString", "coordinates": [[-122.45983419, 37.80144164], [-122.45982027, 37.80143968]]}}, {"type": "Feature", "properties": {"weight": "heavy", "source": "R-10434.2"}, "geometry": {"type": "LineString", "coordinates": [[-122.45891838, 37.80197996], [-122.45879432, 37.80192021]]}}, {"type": "Feature", "properties": {"weight": "heavy", "source": "R-10434.2"}, "geometry": {"type": "LineString", "coordinates": [[-122.45879432, 37.80192021], [-122.45846251, 37.80202687]]}}, {"type": "Feature", "properties": {"weight": "heavy", "source": "R-10434.2"}, "geometry": {"type": "LineString", "coordinates": [[-122.46082412, 37.80214089], [-122.46045791, 37.80220075]]}}, {"type": "Feature", "properties": {"weight": "heavy", "source": "R-10434.2"}, "geometry": {"type": "LineString", "coordinates": [[-122.4601567, 37.80220181], [-122.46059395, 37.802287]]}}, {"type": "Feature", "properties": {"weight": "heavy", "source": "R-10434.2"}, "geometry": {"type": "LineString", "coordinates": [[-122.4681683, 37.80239696], [-122.46815961, 37.80240381]]}}, {"type": "Feature", "properties": {"weight": "heavy", "source": "R-10434.2"}, "geometry": {"type": "LineString", "coordinates": [[-122.46815961, 37.80240381], [-122.46815542, 37.80240734]]}}, {"type": "Feature", "properties": {"weight": "heavy", "source": "R-10434.2"}, "geometry": {"type": "LineString", "coordinates": [[-122.46815542, 37.80240734], [-122.46815152, 37.8024111]]}}, {"type": "Feature", "properties": {"weight": "heavy", "source": "R-10434.2"}, "geometry": {"type": "LineString", "coordinates": [[-122.46815152, 37.8024111], [-122.46814819, 37.80241461]]}}, {"type": "Feature", "properties": {"weight": "heavy", "source": "R-10434.2"}, "geometry": {"type": "LineString", "coordinates": [[-122.46814819, 37.80241461], [-122.46814682, 37.80241648]]}}, {"type": "Feature", "properties": {"weight": "heavy", "source": "R-10434.2"}, "geometry": {"type": "LineString", "coordinates": [[-122.46814682, 37.80241648], [-122.46814545, 37.80241834]]}}, {"type": "Feature", "properties": {"weight": "heavy", "source": "R-10434.2"}, "geometry": {"type": "LineString", "coordinates": [[-122.46814545, 37.80241834], [-122.46814437, 37.8024202]]}}, {"type": "Feature", "properties": {"weight": "heavy", "source": "R-10434.2"}, "geometry": {"type": "LineString", "coordinates": [[-122.46814437, 37.8024202], [-122.46814329, 37.80242229]]}}, {"type": "Feature", "properties": {"weight": "heavy", "source": "R-10434.2"}, "geometry": {"type": "LineString", "coordinates": [[-122.46814329, 37.80242229], [-122.4681425, 37.80242414]]}}, {"type": "Feature", "properties": {"weight": "heavy", "source": "R-10434.2"}, "geometry": {"type": "LineString", "coordinates": [[-122.4681425, 37.80242414], [-122.46814199, 37.80242598]]}}, {"type": "Feature", "properties": {"weight": "heavy", "source": "R-10434.2"}, "geometry": {"type": "LineString", "coordinates": [[-122.46814199, 37.80242598], [-122.4681415, 37.80242806]]}}, {"type": "Feature", "properties": {"weight": "heavy", "source": "R-10434.2"}, "geometry": {"type": "LineString", "coordinates": [[-122.4681415, 37.80242806], [-122.46814129, 37.80243012]]}}, {"type": "Feature", "properties": {"weight": "heavy", "source": "R-10434.2"}, "geometry": {"type": "LineString", "coordinates": [[-122.46814129, 37.80243012], [-122.46814137, 37.80243218]]}}, {"type": "Feature", "properties": {"weight": "heavy", "source": "R-10434.2"}, "geometry": {"type": "LineString", "coordinates": [[-122.46814137, 37.80243218], [-122.46814173, 37.80243423]]}}, {"type": "Feature", "properties": {"weight": "heavy", "source": "R-10434.2"}, "geometry": {"type": "LineString", "coordinates": [[-122.46814173, 37.80243423], [-122.46814239, 37.80243628]]}}, {"type": "Feature", "properties": {"weight": "heavy", "source": "R-10434.2"}, "geometry": {"type": "LineString", "coordinates": [[-122.46814239, 37.80243628], [-122.46814305, 37.80243855]]}}, {"type": "Feature", "properties": {"weight": "heavy", "source": "R-10434.2"}, "geometry": {"type": "LineString", "coordinates": [[-122.46814305, 37.80243855], [-122.46814428, 37.80244058]]}}, {"type": "Feature", "properties": {"weight": "heavy", "source": "R-10434.2"}, "geometry": {"type": "LineString", "coordinates": [[-122.46814428, 37.80244058], [-122.46814524, 37.80244285]]}}, {"type": "Feature", "properties": {"weight": "heavy", "source": "R-10434.2"}, "geometry": {"type": "LineString", "coordinates": [[-122.46814524, 37.80244285], [-122.46814801, 37.80244736]]}}, {"type": "Feature", "properties": {"weight": "heavy", "source": "R-10434.2"}, "geometry": {"type": "LineString", "coordinates": [[-122.46814801, 37.80244736], [-122.46815134, 37.80245163]]}}, {"type": "Feature", "properties": {"weight": "heavy", "source": "R-10434.2"}, "geometry": {"type": "LineString", "coordinates": [[-122.46815134, 37.80245163], [-122.46815468, 37.8024559]]}}, {"type": "Feature", "properties": {"weight": "heavy", "source": "R-10434.2"}, "geometry": {"type": "LineString", "coordinates": [[-122.46815468, 37.8024559], [-122.46815802, 37.80246017]]}}, {"type": "Feature", "properties": {"weight": "heavy", "source": "R-10434.2"}, "geometry": {"type": "LineString", "coordinates": [[-122.46815802, 37.80246017], [-122.46816135, 37.80246421]]}}, {"type": "Feature", "properties": {"weight": "heavy", "source": "R-10434.2"}, "geometry": {"type": "LineString", "coordinates": [[-122.46816135, 37.80246421], [-122.46816287, 37.80246623]]}}, {"type": "Feature", "properties": {"weight": "heavy", "source": "R-10434.2"}, "geometry": {"type": "LineString", "coordinates": [[-122.46816287, 37.80246623], [-122.46816409, 37.80246804]]}}, {"type": "Feature", "properties": {"weight": "heavy", "source": "R-10434.2"}, "geometry": {"type": "LineString", "coordinates": [[-122.46816409, 37.80246804], [-122.46816532, 37.80246984]]}}, {"type": "Feature", "properties": {"weight": "heavy", "source": "R-10434.2"}, "geometry": {"type": "LineString", "coordinates": [[-122.46816532, 37.80246984], [-122.46816654, 37.80247164]]}}, {"type": "Feature", "properties": {"weight": "heavy", "source": "R-10434.2"}, "geometry": {"type": "LineString", "coordinates": [[-122.46816654, 37.80247164], [-122.46816719, 37.80247346]]}}, {"type": "Feature", "properties": {"weight": "heavy", "source": "R-10434.2"}, "geometry": {"type": "LineString", "coordinates": [[-122.46816719, 37.80247346], [-122.46816782, 37.80247504]]}}, {"type": "Feature", "properties": {"weight": "heavy", "source": "R-10434.2"}, "geometry": {"type": "LineString", "coordinates": [[-122.46816782, 37.80247504], [-122.46816846, 37.80247663]]}}, {"type": "Feature", "properties": {"weight": "heavy", "source": "R-10434.2"}, "geometry": {"type": "LineString", "coordinates": [[-122.46816846, 37.80247663], [-122.46816851, 37.802478]]}}, {"type": "Feature", "properties": {"weight": "heavy", "source": "R-10434.2"}, "geometry": {"type": "LineString", "coordinates": [[-122.46816851, 37.802478], [-122.46816828, 37.80247938]]}}, {"type": "Feature", "properties": {"weight": "heavy", "source": "R-10434.2"}, "geometry": {"type": "LineString", "coordinates": [[-122.46816828, 37.80247938], [-122.46816775, 37.80248054]]}}, {"type": "Feature", "properties": {"weight": "heavy", "source": "R-10434.2"}, "geometry": {"type": "LineString", "coordinates": [[-122.46816775, 37.80248054], [-122.46816721, 37.8024817]]}}, {"type": "Feature", "properties": {"weight": "heavy", "source": "R-10434.2"}, "geometry": {"type": "LineString", "coordinates": [[-122.46816721, 37.8024817], [-122.4681661, 37.80248287]]}}, {"type": "Feature", "properties": {"weight": "heavy", "source": "R-10434.2"}, "geometry": {"type": "LineString", "coordinates": [[-122.4681661, 37.80248287], [-122.4681647, 37.80248382]]}}, {"type": "Feature", "properties": {"weight": "heavy", "source": "R-10434.2"}, "geometry": {"type": "LineString", "coordinates": [[-122.4681647, 37.80248382], [-122.46816299, 37.80248455]]}}, {"type": "Feature", "properties": {"weight": "heavy", "source": "R-10434.2"}, "geometry": {"type": "LineString", "coordinates": [[-122.46816299, 37.80248455], [-122.46816101, 37.80248551]]}}, {"type": "Feature", "properties": {"weight": "heavy", "source": "R-10434.2"}, "geometry": {"type": "LineString", "coordinates": [[-122.46816101, 37.80248551], [-122.46815902, 37.80248625]]}}, {"type": "Feature", "properties": {"weight": "heavy", "source": "R-10434.2"}, "geometry": {"type": "LineString", "coordinates": [[-122.46815902, 37.80248625], [-122.46815673, 37.80248676]]}}, {"type": "Feature", "properties": {"weight": "heavy", "source": "R-10434.2"}, "geometry": {"type": "LineString", "coordinates": [[-122.46815673, 37.80248676], [-122.46815416, 37.80248751]]}}, {"type": "Feature", "properties": {"weight": "heavy", "source": "R-10434.2"}, "geometry": {"type": "LineString", "coordinates": [[-122.46815416, 37.80248751], [-122.46815158, 37.80248803]]}}, {"type": "Feature", "properties": {"weight": "heavy", "source": "R-10434.2"}, "geometry": {"type": "LineString", "coordinates": [[-122.46815158, 37.80248803], [-122.46814871, 37.80248833]]}}, {"type": "Feature", "properties": {"weight": "heavy", "source": "R-10434.2"}, "geometry": {"type": "LineString", "coordinates": [[-122.46814871, 37.80248833], [-122.46814556, 37.80248886]]}}, {"type": "Feature", "properties": {"weight": "heavy", "source": "R-10434.2"}, "geometry": {"type": "LineString", "coordinates": [[-122.46814556, 37.80248886], [-122.46814239, 37.80248917]]}}, {"type": "Feature", "properties": {"weight": "heavy", "source": "R-10434.2"}, "geometry": {"type": "LineString", "coordinates": [[-122.46814239, 37.80248917], [-122.46813578, 37.80248978]]}}, {"type": "Feature", "properties": {"weight": "heavy", "source": "R-10434.2"}, "geometry": {"type": "LineString", "coordinates": [[-122.46813578, 37.80248978], [-122.46812859, 37.80249042]]}}, {"type": "Feature", "properties": {"weight": "heavy", "source": "R-10434.2"}, "geometry": {"type": "LineString", "coordinates": [[-122.46812859, 37.80249042], [-122.46812139, 37.80249082]]}}, {"type": "Feature", "properties": {"weight": "heavy", "source": "R-10434.2"}, "geometry": {"type": "LineString", "coordinates": [[-122.46812139, 37.80249082], [-122.46811391, 37.80249123]]}}, {"type": "Feature", "properties": {"weight": "heavy", "source": "R-10434.2"}, "geometry": {"type": "LineString", "coordinates": [[-122.46813375, 37.80300179], [-122.46803491, 37.80279445]]}}, {"type": "Feature", "properties": {"weight": "heavy", "source": "R-10434.2"}, "geometry": {"type": "LineString", "coordinates": [[-122.46807142, 37.8031148], [-122.46807633, 37.80312246]]}}, {"type": "Feature", "properties": {"weight": "heavy", "source": "R-10434.2"}, "geometry": {"type": "LineString", "coordinates": [[-122.46807633, 37.80312246], [-122.46807908, 37.80312629]]}}, {"type": "Feature", "properties": {"weight": "heavy", "source": "R-10434.2"}, "geometry": {"type": "LineString", "coordinates": [[-122.46807908, 37.80312629], [-122.46808181, 37.80312989]]}}, {"type": "Feature", "properties": {"weight": "heavy", "source": "R-10434.2"}, "geometry": {"type": "LineString", "coordinates": [[-122.46808181, 37.80312989], [-122.46808482, 37.80313302]]}}, {"type": "Feature", "properties": {"weight": "heavy", "source": "R-10434.2"}, "geometry": {"type": "LineString", "coordinates": [[-122.46808482, 37.80313302], [-122.46808632, 37.80313459]]}}, {"type": "Feature", "properties": {"weight": "heavy", "source": "R-10434.2"}, "geometry": {"type": "LineString", "coordinates": [[-122.46808632, 37.80313459], [-122.4680881, 37.80313592]]}}, {"type": "Feature", "properties": {"weight": "heavy", "source": "R-10434.2"}, "geometry": {"type": "LineString", "coordinates": [[-122.4680881, 37.80313592], [-122.46808989, 37.80313725]]}}, {"type": "Feature", "properties": {"weight": "heavy", "source": "R-10434.2"}, "geometry": {"type": "LineString", "coordinates": [[-122.46808989, 37.80313725], [-122.46809166, 37.80313835]]}}, {"type": "Feature", "properties": {"weight": "heavy", "source": "R-10434.2"}, "geometry": {"type": "LineString", "coordinates": [[-122.46809166, 37.80313835], [-122.46809372, 37.80313945]]}}, {"type": "Feature", "properties": {"weight": "heavy", "source": "R-10434.2"}, "geometry": {"type": "LineString", "coordinates": [[-122.46809372, 37.80313945], [-122.46809577, 37.80314031]]}}, {"type": "Feature", "properties": {"weight": "heavy", "source": "R-10434.2"}, "geometry": {"type": "LineString", "coordinates": [[-122.46809577, 37.80314031], [-122.46809812, 37.80314117]]}}, {"type": "Feature", "properties": {"weight": "heavy", "source": "R-10434.2"}, "geometry": {"type": "LineString", "coordinates": [[-122.46809812, 37.80314117], [-122.46810017, 37.80314204]]}}, {"type": "Feature", "properties": {"weight": "heavy", "source": "R-10434.2"}, "geometry": {"type": "LineString", "coordinates": [[-122.46810017, 37.80314204], [-122.46810511, 37.80314306]]}}, {"type": "Feature", "properties": {"weight": "heavy", "source": "R-10434.2"}, "geometry": {"type": "LineString", "coordinates": [[-122.46810511, 37.80314306], [-122.46811006, 37.80314409]]}}, {"type": "Feature", "properties": {"weight": "heavy", "source": "R-10434.2"}, "geometry": {"type": "LineString", "coordinates": [[-122.46811006, 37.80314409], [-122.46811527, 37.80314465]]}}, {"type": "Feature", "properties": {"weight": "heavy", "source": "R-10434.2"}, "geometry": {"type": "LineString", "coordinates": [[-122.46811527, 37.80314465], [-122.46812078, 37.8031452]]}}, {"type": "Feature", "properties": {"weight": "heavy", "source": "R-10434.2"}, "geometry": {"type": "LineString", "coordinates": [[-122.46812078, 37.8031452], [-122.46812626, 37.8031453]]}}, {"type": "Feature", "properties": {"weight": "heavy", "source": "R-10434.2"}, "geometry": {"type": "LineString", "coordinates": [[-122.46812626, 37.8031453], [-122.46813753, 37.80314572]]}}, {"type": "Feature", "properties": {"weight": "heavy", "source": "R-10434.2"}, "geometry": {"type": "LineString", "coordinates": [[-122.46569809, 37.80197202], [-122.46570246, 37.80197306]]}}, {"type": "Feature", "properties": {"weight": "heavy", "source": "R-10434.2"}, "geometry": {"type": "LineString", "coordinates": [[-122.46570246, 37.80197306], [-122.46570653, 37.80197388]]}}, {"type": "Feature", "properties": {"weight": "heavy", "source": "R-10434.2"}, "geometry": {"type": "LineString", "coordinates": [[-122.46570653, 37.80197388], [-122.4657106, 37.80197447]]}}, {"type": "Feature", "properties": {"weight": "heavy", "source": "R-10434.2"}, "geometry": {"type": "LineString", "coordinates": [[-122.4657106, 37.80197447], [-122.46571233, 37.80197466]]}}, {"type": "Feature", "properties": {"weight": "heavy", "source": "R-10434.2"}, "geometry": {"type": "LineString", "coordinates": [[-122.46571233, 37.80197466], [-122.46571407, 37.80197484]]}}, {"type": "Feature", "properties": {"weight": "heavy", "source": "R-10434.2"}, "geometry": {"type": "LineString", "coordinates": [[-122.46571407, 37.80197484], [-122.46571581, 37.80197503]]}}, {"type": "Feature", "properties": {"weight": "heavy", "source": "R-10434.2"}, "geometry": {"type": "LineString", "coordinates": [[-122.46571581, 37.80197503], [-122.46571754, 37.80197499]]}}, {"type": "Feature", "properties": {"weight": "heavy", "source": "R-10434.2"}, "geometry": {"type": "LineString", "coordinates": [[-122.46571754, 37.80197499], [-122.46571897, 37.80197473]]}}, {"type": "Feature", "properties": {"weight": "heavy", "source": "R-10434.2"}, "geometry": {"type": "LineString", "coordinates": [[-122.46571897, 37.80197473], [-122.46572012, 37.80197447]]}}, {"type": "Feature", "properties": {"weight": "heavy", "source": "R-10434.2"}, "geometry": {"type": "LineString", "coordinates": [[-122.46572012, 37.80197447], [-122.46572154, 37.80197398]]}}, {"type": "Feature", "properties": {"weight": "heavy", "source": "R-10434.2"}, "geometry": {"type": "LineString", "coordinates": [[-122.46572154, 37.80197398], [-122.46572239, 37.8019735]]}}, {"type": "Feature", "properties": {"weight": "heavy", "source": "R-10434.2"}, "geometry": {"type": "LineString", "coordinates": [[-122.46572239, 37.8019735], [-122.46572323, 37.80197279]]}}, {"type": "Feature", "properties": {"weight": "heavy", "source": "R-10434.2"}, "geometry": {"type": "LineString", "coordinates": [[-122.46572323, 37.80197279], [-122.46572406, 37.80197186]]}}, {"type": "Feature", "properties": {"weight": "heavy", "source": "R-10434.2"}, "geometry": {"type": "LineString", "coordinates": [[-122.46572406, 37.80197186], [-122.46572459, 37.8019707]]}}, {"type": "Feature", "properties": {"weight": "heavy", "source": "R-10434.2"}, "geometry": {"type": "LineString", "coordinates": [[-122.46572459, 37.8019707], [-122.46572484, 37.80196978]]}}, {"type": "Feature", "properties": {"weight": "heavy", "source": "R-10434.2"}, "geometry": {"type": "LineString", "coordinates": [[-122.46572484, 37.80196978], [-122.46572537, 37.80196839]]}}, {"type": "Feature", "properties": {"weight": "heavy", "source": "R-10434.2"}, "geometry": {"type": "LineString", "coordinates": [[-122.46572537, 37.80196839], [-122.46572561, 37.80196724]]}}, {"type": "Feature", "properties": {"weight": "heavy", "source": "R-10434.2"}, "geometry": {"type": "LineString", "coordinates": [[-122.46572561, 37.80196724], [-122.46572579, 37.80196426]]}}, {"type": "Feature", "properties": {"weight": "heavy", "source": "R-10434.2"}, "geometry": {"type": "LineString", "coordinates": [[-122.46572579, 37.80196426], [-122.46572566, 37.80196106]]}}, {"type": "Feature", "properties": {"weight": "heavy", "source": "R-10434.2"}, "geometry": {"type": "LineString", "coordinates": [[-122.46572566, 37.80196106], [-122.46572554, 37.80195785]]}}, {"type": "Feature", "properties": {"weight": "heavy", "source": "R-10434.2"}, "geometry": {"type": "LineString", "coordinates": [[-122.46572554, 37.80195785], [-122.46572512, 37.80195443]]}}, {"type": "Feature", "properties": {"weight": "heavy", "source": "R-10434.2"}, "geometry": {"type": "LineString", "coordinates": [[-122.46572512, 37.80195443], [-122.46572499, 37.801951]]}}, {"type": "Feature", "properties": {"weight": "heavy", "source": "R-10434.2"}, "geometry": {"type": "LineString", "coordinates": [[-122.46572499, 37.801951], [-122.46572486, 37.80194757]]}}, {"type": "Feature", "properties": {"weight": "heavy", "source": "R-10434.2"}, "geometry": {"type": "LineString", "coordinates": [[-122.46572486, 37.80194757], [-122.46572503, 37.80194436]]}}, {"type": "Feature", "properties": {"weight": "heavy", "source": "R-10434.2"}, "geometry": {"type": "LineString", "coordinates": [[-122.46572503, 37.80194436], [-122.46572549, 37.80194137]]}}, {"type": "Feature", "properties": {"weight": "heavy", "source": "R-10434.2"}, "geometry": {"type": "LineString", "coordinates": [[-122.46572549, 37.80194137], [-122.46572572, 37.80193999]]}}, {"type": "Feature", "properties": {"weight": "heavy", "source": "R-10434.2"}, "geometry": {"type": "LineString", "coordinates": [[-122.46572572, 37.80193999], [-122.46572626, 37.80193883]]}}, {"type": "Feature", "properties": {"weight": "heavy", "source": "R-10434.2"}, "geometry": {"type": "LineString", "coordinates": [[-122.46572626, 37.80193883], [-122.46572707, 37.80193744]]}}, {"type": "Feature", "properties": {"weight": "heavy", "source": "R-10434.2"}, "geometry": {"type": "LineString", "coordinates": [[-122.46572707, 37.80193744], [-122.46572761, 37.80193651]]}}, {"type": "Feature", "properties": {"weight": "heavy", "source": "R-10434.2"}, "geometry": {"type": "LineString", "coordinates": [[-122.46572761, 37.80193651], [-122.46572872, 37.80193534]]}}, {"type": "Feature", "properties": {"weight": "heavy", "source": "R-10434.2"}, "geometry": {"type": "LineString", "coordinates": [[-122.46572872, 37.80193534], [-122.46572956, 37.80193463]]}}, {"type": "Feature", "properties": {"weight": "heavy", "source": "R-10434.2"}, "geometry": {"type": "LineString", "coordinates": [[-122.46572956, 37.80193463], [-122.46573068, 37.80193369]]}}, {"type": "Feature", "properties": {"weight": "heavy", "source": "R-10434.2"}, "geometry": {"type": "LineString", "coordinates": [[-122.46573068, 37.80193369], [-122.46573209, 37.80193297]]}}, {"type": "Feature", "properties": {"weight": "heavy", "source": "R-10434.2"}, "geometry": {"type": "LineString", "coordinates": [[-122.46573209, 37.80193297], [-122.46573322, 37.80193225]]}}, {"type": "Feature", "properties": {"weight": "heavy", "source": "R-10434.2"}, "geometry": {"type": "LineString", "coordinates": [[-122.46573322, 37.80193225], [-122.46573464, 37.80193176]]}}, {"type": "Feature", "properties": {"weight": "heavy", "source": "R-10434.2"}, "geometry": {"type": "LineString", "coordinates": [[-122.46573464, 37.80193176], [-122.46573778, 37.80193077]]}}, {"type": "Feature", "properties": {"weight": "heavy", "source": "R-10434.2"}, "geometry": {"type": "LineString", "coordinates": [[-122.46573778, 37.80193077], [-122.46574122, 37.80193023]]}}, {"type": "Feature", "properties": {"weight": "heavy", "source": "R-10434.2"}, "geometry": {"type": "LineString", "coordinates": [[-122.46574122, 37.80193023], [-122.46574495, 37.80192968]]}}, {"type": "Feature", "properties": {"weight": "heavy", "source": "R-10434.2"}, "geometry": {"type": "LineString", "coordinates": [[-122.46574495, 37.80192968], [-122.46574898, 37.80192936]]}}, {"type": "Feature", "properties": {"weight": "heavy", "source": "R-10434.2"}, "geometry": {"type": "LineString", "coordinates": [[-122.46574898, 37.80192936], [-122.4657533, 37.80192925]]}}, {"type": "Feature", "properties": {"weight": "heavy", "source": "R-10434.2"}, "geometry": {"type": "LineString", "coordinates": [[-122.4657533, 37.80192925], [-122.46575764, 37.80192938]]}}, {"type": "Feature", "properties": {"weight": "heavy", "source": "R-10434.2"}, "geometry": {"type": "LineString", "coordinates": [[-122.46575764, 37.80192938], [-122.46576226, 37.80192949]]}}, {"type": "Feature", "properties": {"weight": "heavy", "source": "R-10434.2"}, "geometry": {"type": "LineString", "coordinates": [[-122.46576226, 37.80192949], [-122.46577122, 37.80192997]]}}, {"type": "Feature", "properties": {"weight": "heavy", "source": "R-10434.2"}, "geometry": {"type": "LineString", "coordinates": [[-122.46380106, 37.80209946], [-122.46379636, 37.80210484]]}}, {"type": "Feature", "properties": {"weight": "heavy", "source": "R-10434.2"}, "geometry": {"type": "LineString", "coordinates": [[-122.46379636, 37.80210484], [-122.46379166, 37.80210999]]}}, {"type": "Feature", "properties": {"weight": "heavy", "source": "R-10434.2"}, "geometry": {"type": "LineString", "coordinates": [[-122.46379166, 37.80210999], [-122.46378694, 37.80211491]]}}, {"type": "Feature", "properties": {"weight": "heavy", "source": "R-10434.2"}, "geometry": {"type": "LineString", "coordinates": [[-122.46378694, 37.80211491], [-122.46378192, 37.80211938]]}}, {"type": "Feature", "properties": {"weight": "heavy", "source": "R-10434.2"}, "geometry": {"type": "LineString", "coordinates": [[-122.46378192, 37.80211938], [-122.4637794, 37.8021215]]}}, {"type": "Feature", "properties": {"weight": "heavy", "source": "R-10434.2"}, "geometry": {"type": "LineString", "coordinates": [[-122.4637794, 37.8021215], [-122.46377688, 37.80212363]]}}, {"type": "Feature", "properties": {"weight": "heavy", "source": "R-10434.2"}, "geometry": {"type": "LineString", "coordinates": [[-122.46377688, 37.80212363], [-122.46377407, 37.80212552]]}}, {"type": "Feature", "properties": {"weight": "heavy", "source": "R-10434.2"}, "geometry": {"type": "LineString", "coordinates": [[-122.46377407, 37.80212552], [-122.46377154, 37.80212719]]}}, {"type": "Feature", "properties": {"weight": "heavy", "source": "R-10434.2"}, "geometry": {"type": "LineString", "coordinates": [[-122.46377154, 37.80212719], [-122.46376872, 37.80212886]]}}, {"type": "Feature", "properties": {"weight": "heavy", "source": "R-10434.2"}, "geometry": {"type": "LineString", "coordinates": [[-122.46376872, 37.80212886], [-122.46376589, 37.8021303]]}}, {"type": "Feature", "properties": {"weight": "heavy", "source": "R-10434.2"}, "geometry": {"type": "LineString", "coordinates": [[-122.46376589, 37.8021303], [-122.46376305, 37.80213151]]}}, {"type": "Feature", "properties": {"weight": "heavy", "source": "R-10434.2"}, "geometry": {"type": "LineString", "coordinates": [[-122.46376305, 37.80213151], [-122.4637602, 37.8021325]]}}, {"type": "Feature", "properties": {"weight": "heavy", "source": "R-10434.2"}, "geometry": {"type": "LineString", "coordinates": [[-122.4637602, 37.8021325], [-122.46375706, 37.80213349]]}}, {"type": "Feature", "properties": {"weight": "heavy", "source": "R-10434.2"}, "geometry": {"type": "LineString", "coordinates": [[-122.46375706, 37.80213349], [-122.46375391, 37.80213402]]}}, {"type": "Feature", "properties": {"weight": "heavy", "source": "R-10434.2"}, "geometry": {"type": "LineString", "coordinates": [[-122.46375391, 37.80213402], [-122.46375075, 37.80213433]]}}, {"type": "Feature", "properties": {"weight": "heavy", "source": "R-10434.2"}, "geometry": {"type": "LineString", "coordinates": [[-122.46375075, 37.80213433], [-122.46374757, 37.80213441]]}}, {"type": "Feature", "properties": {"weight": "heavy", "source": "R-10434.2"}, "geometry": {"type": "LineString", "coordinates": [[-122.46374757, 37.80213441], [-122.46374411, 37.80213449]]}}, {"type": "Feature", "properties": {"weight": "heavy", "source": "R-10434.2"}, "geometry": {"type": "LineString", "coordinates": [[-122.46374411, 37.80213449], [-122.46374065, 37.80213434]]}}, {"type": "Feature", "properties": {"weight": "heavy", "source": "R-10434.2"}, "geometry": {"type": "LineString", "coordinates": [[-122.46374065, 37.80213434], [-122.46373746, 37.80213396]]}}, {"type": "Feature", "properties": {"weight": "heavy", "source": "R-10434.2"}, "geometry": {"type": "LineString", "coordinates": [[-122.46373746, 37.80213396], [-122.46373368, 37.80213337]]}}, {"type": "Feature", "properties": {"weight": "heavy", "source": "R-10434.2"}, "geometry": {"type": "LineString", "coordinates": [[-122.46373368, 37.80213337], [-122.4637302, 37.80213276]]}}, {"type": "Feature", "properties": {"weight": "heavy", "source": "R-10434.2"}, "geometry": {"type": "LineString", "coordinates": [[-122.4637302, 37.80213276], [-122.4637267, 37.80213193]]}}, {"type": "Feature", "properties": {"weight": "heavy", "source": "R-10434.2"}, "geometry": {"type": "LineString", "coordinates": [[-122.4637267, 37.80213193], [-122.46371943, 37.80213028]]}}, {"type": "Feature", "properties": {"weight": "heavy", "source": "R-10434.2"}, "geometry": {"type": "LineString", "coordinates": [[-122.46371943, 37.80213028], [-122.46371184, 37.80212817]]}}, {"type": "Feature", "properties": {"weight": "heavy", "source": "R-10434.2"}, "geometry": {"type": "LineString", "coordinates": [[-122.46371184, 37.80212817], [-122.46370455, 37.80212605]]}}, {"type": "Feature", "properties": {"weight": "heavy", "source": "R-10434.2"}, "geometry": {"type": "LineString", "coordinates": [[-122.4619102, 37.80136926], [-122.46201238, 37.80161911]]}}, {"type": "Feature", "properties": {"weight": "heavy", "source": "R-10434.2"}, "geometry": {"type": "LineString", "coordinates": [[-122.46201238, 37.80161911], [-122.46170535, 37.8016265]]}}, {"type": "Feature", "properties": {"weight": "heavy", "source": "R-10434.2"}, "geometry": {"type": "LineString", "coordinates": [[-122.46114283, 37.801986], [-122.46131776, 37.80238018]]}}, {"type": "Feature", "properties": {"weight": "heavy", "source": "R-10434.2"}, "geometry": {"type": "LineString", "coordinates": [[-122.46131776, 37.80238018], [-122.46136216, 37.80237911]]}}, {"type": "Feature", "properties": {"weight": "heavy", "source": "R-10434.2"}, "geometry": {"type": "LineString", "coordinates": [[-122.46127509, 37.80192809], [-122.4613606, 37.8022175]]}}, {"type": "Feature", "properties": {"weight": "heavy", "source": "R-10434.2"}, "geometry": {"type": "LineString", "coordinates": [[-122.4613606, 37.8022175], [-122.46141422, 37.80221621]]}}, {"type": "Feature", "properties": {"weight": "heavy", "source": "R-10434.2"}, "geometry": {"type": "LineString", "coordinates": [[-122.46101926, 37.80205972], [-122.46101971, 37.80206383]]}}, {"type": "Feature", "properties": {"weight": "heavy", "source": "R-10434.2"}, "geometry": {"type": "LineString", "coordinates": [[-122.46101971, 37.80206383], [-122.46102015, 37.80206794]]}}, {"type": "Feature", "properties": {"weight": "heavy", "source": "R-10434.2"}, "geometry": {"type": "LineString", "coordinates": [[-122.46102015, 37.80206794], [-122.46102022, 37.80206977]]}}, {"type": "Feature", "properties": {"weight": "heavy", "source": "R-10434.2"}, "geometry": {"type": "LineString", "coordinates": [[-122.46102022, 37.80206977], [-122.46102001, 37.80207184]]}}, {"type": "Feature", "properties": {"weight": "heavy", "source": "R-10434.2"}, "geometry": {"type": "LineString", "coordinates": [[-122.46102001, 37.80207184], [-122.4610195, 37.80207368]]}}, {"type": "Feature", "properties": {"weight": "heavy", "source": "R-10434.2"}, "geometry": {"type": "LineString", "coordinates": [[-122.4610195, 37.80207368], [-122.461019, 37.80207552]]}}, {"type": "Feature", "properties": {"weight": "heavy", "source": "R-10434.2"}, "geometry": {"type": "LineString", "coordinates": [[-122.461019, 37.80207552], [-122.46101819, 37.80207715]]}}, {"type": "Feature", "properties": {"weight": "heavy", "source": "R-10434.2"}, "geometry": {"type": "LineString", "coordinates": [[-122.46101819, 37.80207715], [-122.46101711, 37.802079]]}}, {"type": "Feature", "properties": {"weight": "heavy", "source": "R-10434.2"}, "geometry": {"type": "LineString", "coordinates": [[-122.46101711, 37.802079], [-122.46101601, 37.8020804]]}}, {"type": "Feature", "properties": {"weight": "heavy", "source": "R-10434.2"}, "geometry": {"type": "LineString", "coordinates": [[-122.46101601, 37.8020804], [-122.46101434, 37.80208205]]}}, {"type": "Feature", "properties": {"weight": "heavy", "source": "R-10434.2"}, "geometry": {"type": "LineString", "coordinates": [[-122.46101434, 37.80208205], [-122.46101238, 37.80208347]]}}, {"type": "Feature", "properties": {"weight": "heavy", "source": "R-10434.2"}, "geometry": {"type": "LineString", "coordinates": [[-122.46101238, 37.80208347], [-122.46101012, 37.80208489]]}}, {"type": "Feature", "properties": {"weight": "heavy", "source": "R-10434.2"}, "geometry": {"type": "LineString", "coordinates": [[-122.46101012, 37.80208489], [-122.46100757, 37.8020861]]}}, {"type": "Feature", "properties": {"weight": "heavy", "source": "R-10434.2"}, "geometry": {"type": "LineString", "coordinates": [[-122.46100757, 37.8020861], [-122.46100502, 37.80208731]]}}, {"type": "Feature", "properties": {"weight": "heavy", "source": "R-10434.2"}, "geometry": {"type": "LineString", "coordinates": [[-122.46100502, 37.80208731], [-122.46099962, 37.8020895]]}}, {"type": "Feature", "properties": {"weight": "heavy", "source": "R-10434.2"}, "geometry": {"type": "LineString", "coordinates": [[-122.46099962, 37.8020895], [-122.46099449, 37.80209122]]}}, {"type": "Feature", "properties": {"weight": "heavy", "source": "R-10434.2"}, "geometry": {"type": "LineString", "coordinates": [[-122.46099449, 37.80209122], [-122.46099193, 37.8020922]]}}, {"type": "Feature", "properties": {"weight": "heavy", "source": "R-10434.2"}, "geometry": {"type": "LineString", "coordinates": [[-122.46099193, 37.8020922], [-122.46098994, 37.80209294]]}}, {"type": "Feature", "properties": {"weight": "heavy", "source": "R-10434.2"}, "geometry": {"type": "LineString", "coordinates": [[-122.46098994, 37.80209294], [-122.46098795, 37.80209367]]}}, {"type": "Feature", "properties": {"weight": "heavy", "source": "R-10434.2"}, "geometry": {"type": "LineString", "coordinates": [[-122.46098795, 37.80209367], [-122.46098625, 37.8020944]]}}, {"type": "Feature", "properties": {"weight": "heavy", "source": "R-10434.2"}, "geometry": {"type": "LineString", "coordinates": [[-122.46098625, 37.8020944], [-122.46098483, 37.80209512]]}}, {"type": "Feature", "properties": {"weight": "heavy", "source": "R-10434.2"}, "geometry": {"type": "LineString", "coordinates": [[-122.46098483, 37.80209512], [-122.46098399, 37.80209583]]}}, {"type": "Feature", "properties": {"weight": "heavy", "source": "R-10434.2"}, "geometry": {"type": "LineString", "coordinates": [[-122.46098399, 37.80209583], [-122.46098373, 37.80209652]]}}, {"type": "Feature", "properties": {"weight": "heavy", "source": "R-10434.2"}, "geometry": {"type": "LineString", "coordinates": [[-122.46098373, 37.80209652], [-122.46098375, 37.80209698]]}}, {"type": "Feature", "properties": {"weight": "heavy", "source": "R-10434.2"}, "geometry": {"type": "LineString", "coordinates": [[-122.46098375, 37.80209698], [-122.46098435, 37.80209765]]}}, {"type": "Feature", "properties": {"weight": "heavy", "source": "R-10434.2"}, "geometry": {"type": "LineString", "coordinates": [[-122.46098435, 37.80209765], [-122.46098552, 37.80209808]]}}, {"type": "Feature", "properties": {"weight": "heavy", "source": "R-10434.2"}, "geometry": {"type": "LineString", "coordinates": [[-122.46098552, 37.80209808], [-122.46098699, 37.80209873]]}}, {"type": "Feature", "properties": {"weight": "heavy", "source": "R-10434.2"}, "geometry": {"type": "LineString", "coordinates": [[-122.46098699, 37.80209873], [-122.46098874, 37.80209915]]}}, {"type": "Feature", "properties": {"weight": "heavy", "source": "R-10434.2"}, "geometry": {"type": "LineString", "coordinates": [[-122.46098874, 37.80209915], [-122.46099106, 37.80209955]]}}, {"type": "Feature", "properties": {"weight": "heavy", "source": "R-10434.2"}, "geometry": {"type": "LineString", "coordinates": [[-122.46099106, 37.80209955], [-122.46099339, 37.80210018]]}}, {"type": "Feature", "properties": {"weight": "heavy", "source": "R-10434.2"}, "geometry": {"type": "LineString", "coordinates": [[-122.46099339, 37.80210018], [-122.46099629, 37.80210057]]}}, {"type": "Feature", "properties": {"weight": "heavy", "source": "R-10434.2"}, "geometry": {"type": "LineString", "coordinates": [[-122.46099629, 37.80210057], [-122.4609992, 37.80210118]]}}, {"type": "Feature", "properties": {"weight": "heavy", "source": "R-10434.2"}, "geometry": {"type": "LineString", "coordinates": [[-122.4609992, 37.80210118], [-122.4610053, 37.80210218]]}}, {"type": "Feature", "properties": {"weight": "heavy", "source": "R-10434.2"}, "geometry": {"type": "LineString", "coordinates": [[-122.4610053, 37.80210218], [-122.46101197, 37.80210317]]}}, {"type": "Feature", "properties": {"weight": "heavy", "source": "R-10434.2"}, "geometry": {"type": "LineString", "coordinates": [[-122.46101197, 37.80210317], [-122.46101895, 37.80210437]]}}, {"type": "Feature", "properties": {"weight": "heavy", "source": "R-10434.2"}, "geometry": {"type": "LineString", "coordinates": [[-122.46101895, 37.80210437], [-122.46102534, 37.80210559]]}}, {"type": "Feature", "properties": {"weight": "heavy", "source": "R-10434.2"}, "geometry": {"type": "LineString", "coordinates": [[-122.46102534, 37.80210559], [-122.46102825, 37.80210621]]}}, {"type": "Feature", "properties": {"weight": "heavy", "source": "R-10434.2"}, "geometry": {"type": "LineString", "coordinates": [[-122.46102825, 37.80210621], [-122.46103116, 37.80210683]]}}, {"type": "Feature", "properties": {"weight": "heavy", "source": "R-10434.2"}, "geometry": {"type": "LineString", "coordinates": [[-122.46103116, 37.80210683], [-122.46103379, 37.80210768]]}}, {"type": "Feature", "properties": {"weight": "heavy", "source": "R-10434.2"}, "geometry": {"type": "LineString", "coordinates": [[-122.46103379, 37.80210768], [-122.46103612, 37.80210831]]}}, {"type": "Feature", "properties": {"weight": "heavy", "source": "R-10434.2"}, "geometry": {"type": "LineString", "coordinates": [[-122.46103612, 37.80210831], [-122.46103817, 37.80210918]]}}, {"type": "Feature", "properties": {"weight": "heavy", "source": "R-10434.2"}, "geometry": {"type": "LineString", "coordinates": [[-122.46103817, 37.80210918], [-122.46103994, 37.80211005]]}}, {"type": "Feature", "properties": {"weight": "heavy", "source": "R-10434.2"}, "geometry": {"type": "LineString", "coordinates": [[-122.46103994, 37.80211005], [-122.46104113, 37.80211094]]}}, {"type": "Feature", "properties": {"weight": "heavy", "source": "R-10434.2"}, "geometry": {"type": "LineString", "coordinates": [[-122.46104113, 37.80211094], [-122.46104204, 37.80211206]]}}, {"type": "Feature", "properties": {"weight": "heavy", "source": "R-10434.2"}, "geometry": {"type": "LineString", "coordinates": [[-122.46104204, 37.80211206], [-122.46104236, 37.80211297]]}}, {"type": "Feature", "properties": {"weight": "heavy", "source": "R-10434.2"}, "geometry": {"type": "LineString", "coordinates": [[-122.46104236, 37.80211297], [-122.4610424, 37.80211411]]}}, {"type": "Feature", "properties": {"weight": "heavy", "source": "R-10434.2"}, "geometry": {"type": "LineString", "coordinates": [[-122.4610424, 37.80211411], [-122.46104187, 37.80211527]]}}, {"type": "Feature", "properties": {"weight": "heavy", "source": "R-10434.2"}, "geometry": {"type": "LineString", "coordinates": [[-122.46104187, 37.80211527], [-122.46104105, 37.80211643]]}}, {"type": "Feature", "properties": {"weight": "heavy", "source": "R-10434.2"}, "geometry": {"type": "LineString", "coordinates": [[-122.46104105, 37.80211643], [-122.46103966, 37.80211784]]}}, {"type": "Feature", "properties": {"weight": "heavy", "source": "R-10434.2"}, "geometry": {"type": "LineString", "coordinates": [[-122.46103966, 37.80211784], [-122.46103797, 37.80211903]]}}, {"type": "Feature", "properties": {"weight": "heavy", "source": "R-10434.2"}, "geometry": {"type": "LineString", "coordinates": [[-122.46103797, 37.80211903], [-122.46103601, 37.80212045]]}}, {"type": "Feature", "properties": {"weight": "heavy", "source": "R-10434.2"}, "geometry": {"type": "LineString", "coordinates": [[-122.46103601, 37.80212045], [-122.46103375, 37.80212188]]}}, {"type": "Feature", "properties": {"weight": "heavy", "source": "R-10434.2"}, "geometry": {"type": "LineString", "coordinates": [[-122.46103375, 37.80212188], [-122.4610315, 37.8021233]]}}, {"type": "Feature", "properties": {"weight": "heavy", "source": "R-10434.2"}, "geometry": {"type": "LineString", "coordinates": [[-122.4610315, 37.8021233], [-122.46102896, 37.80212474]]}}, {"type": "Feature", "properties": {"weight": "heavy", "source": "R-10434.2"}, "geometry": {"type": "LineString", "coordinates": [[-122.46102896, 37.80212474], [-122.46102387, 37.80212761]]}}, {"type": "Feature", "properties": {"weight": "heavy", "source": "R-10434.2"}, "geometry": {"type": "LineString", "coordinates": [[-122.45896255, 37.80247185], [-122.45922749, 37.80263903]]}}, {"type": "Feature", "properties": {"weight": "heavy", "source": "R-10434.2"}, "geometry": {"type": "LineString", "coordinates": [[-122.45922749, 37.80263903], [-122.45928746, 37.80263759]]}}, {"type": "Feature", "properties": {"weight": "heavy", "source": "R-10434.2"}, "geometry": {"type": "LineString", "coordinates": [[-122.45946252, 37.80237832], [-122.45945738, 37.80238715]]}}, {"type": "Feature", "properties": {"weight": "heavy", "source": "R-10434.2"}, "geometry": {"type": "LineString", "coordinates": [[-122.45945738, 37.80238715], [-122.45945496, 37.80239178]]}}, {"type": "Feature", "properties": {"weight": "heavy", "source": "R-10434.2"}, "geometry": {"type": "LineString", "coordinates": [[-122.45945496, 37.80239178], [-122.45945282, 37.80239619]]}}, {"type": "Feature", "properties": {"weight": "heavy", "source": "R-10434.2"}, "geometry": {"type": "LineString", "coordinates": [[-122.45945282, 37.80239619], [-122.45945204, 37.80239849]]}}, {"type": "Feature", "properties": {"weight": "heavy", "source": "R-10434.2"}, "geometry": {"type": "LineString", "coordinates": [[-122.45945204, 37.80239849], [-122.45945155, 37.80240079]]}}, {"type": "Feature", "properties": {"weight": "heavy", "source": "R-10434.2"}, "geometry": {"type": "LineString", "coordinates": [[-122.45945155, 37.80240079], [-122.45945106, 37.8024031]]}}, {"type": "Feature", "properties": {"weight": "heavy", "source": "R-10434.2"}, "geometry": {"type": "LineString", "coordinates": [[-122.45945106, 37.8024031], [-122.45945056, 37.80240517]]}}, {"type": "Feature", "properties": {"weight": "heavy", "source": "R-10434.2"}, "geometry": {"type": "LineString", "coordinates": [[-122.45945056, 37.80240517], [-122.45945036, 37.80240746]]}}, {"type": "Feature", "properties": {"weight": "heavy", "source": "R-10434.2"}, "geometry": {"type": "LineString", "coordinates": [[-122.45945036, 37.80240746], [-122.45945045, 37.80240975]]}}, {"type": "Feature", "properties": {"weight": "heavy", "source": "R-10434.2"}, "geometry": {"type": "LineString", "coordinates": [[-122.45945045, 37.80240975], [-122.45945082, 37.80241203]]}}, {"type": "Feature", "properties": {"weight": "heavy", "source": "R-10434.2"}, "geometry": {"type": "LineString", "coordinates": [[-122.45945082, 37.80241203], [-122.45945119, 37.80241408]]}}, {"type": "Feature", "properties": {"weight": "heavy", "source": "R-10434.2"}, "geometry": {"type": "LineString", "coordinates": [[-122.45945119, 37.80241408], [-122.45945214, 37.80241635]]}}, {"type": "Feature", "properties": {"weight": "heavy", "source": "R-10434.2"}, "geometry": {"type": "LineString", "coordinates": [[-122.45945214, 37.80241635], [-122.4594531, 37.80241862]]}}, {"type": "Feature", "properties": {"weight": "heavy", "source": "R-10434.2"}, "geometry": {"type": "LineString", "coordinates": [[-122.4594531, 37.80241862], [-122.45945434, 37.80242088]]}}, {"type": "Feature", "properties": {"weight": "heavy", "source": "R-10434.2"}, "geometry": {"type": "LineString", "coordinates": [[-122.45945434, 37.80242088], [-122.45945586, 37.80242313]]}}, {"type": "Feature", "properties": {"weight": "heavy", "source": "R-10434.2"}, "geometry": {"type": "LineString", "coordinates": [[-122.45945586, 37.80242313], [-122.45945739, 37.80242515]]}}, {"type": "Feature", "properties": {"weight": "heavy", "source": "R-10434.2"}, "geometry": {"type": "LineString", "coordinates": [[-122.45945739, 37.80242515], [-122.45945891, 37.80242741]]}}, {"type": "Feature", "properties": {"weight": "heavy", "source": "R-10434.2"}, "geometry": {"type": "LineString", "coordinates": [[-122.45945891, 37.80242741], [-122.45946284, 37.80243189]]}}, {"type": "Feature", "properties": {"weight": "heavy", "source": "R-10434.2"}, "geometry": {"type": "LineString", "coordinates": [[-122.45946284, 37.80243189], [-122.45946704, 37.80243614]]}}, {"type": "Feature", "properties": {"weight": "heavy", "source": "R-10434.2"}, "geometry": {"type": "LineString", "coordinates": [[-122.45946704, 37.80243614], [-122.45947123, 37.80244016]]}}, {"type": "Feature", "properties": {"weight": "heavy", "source": "R-10434.2"}, "geometry": {"type": "LineString", "coordinates": [[-122.45947123, 37.80244016], [-122.45947543, 37.80244441]]}}, {"type": "Feature", "properties": {"weight": "heavy", "source": "R-10434.2"}, "geometry": {"type": "LineString", "coordinates": [[-122.45947543, 37.80244441], [-122.45947962, 37.8024482]]}}, {"type": "Feature", "properties": {"weight": "heavy", "source": "R-10434.2"}, "geometry": {"type": "LineString", "coordinates": [[-122.45947962, 37.8024482], [-122.45948324, 37.80245224]]}}, {"type": "Feature", "properties": {"weight": "heavy", "source": "R-10434.2"}, "geometry": {"type": "LineString", "coordinates": [[-122.45948324, 37.80245224], [-122.45948475, 37.80245403]]}}, {"type": "Feature", "properties": {"weight": "heavy", "source": "R-10434.2"}, "geometry": {"type": "LineString", "coordinates": [[-122.45948475, 37.80245403], [-122.45948626, 37.80245583]]}}, {"type": "Feature", "properties": {"weight": "heavy", "source": "R-10434.2"}, "geometry": {"type": "LineString", "coordinates": [[-122.45948626, 37.80245583], [-122.45948748, 37.80245763]]}}, {"type": "Feature", "properties": {"weight": "heavy", "source": "R-10434.2"}, "geometry": {"type": "LineString", "coordinates": [[-122.45948748, 37.80245763], [-122.4594887, 37.80245943]]}}, {"type": "Feature", "properties": {"weight": "heavy", "source": "R-10434.2"}, "geometry": {"type": "LineString", "coordinates": [[-122.4594887, 37.80245943], [-122.45948964, 37.80246124]]}}, {"type": "Feature", "properties": {"weight": "heavy", "source": "R-10434.2"}, "geometry": {"type": "LineString", "coordinates": [[-122.45948964, 37.80246124], [-122.45949028, 37.80246283]]}}, {"type": "Feature", "properties": {"weight": "heavy", "source": "R-10434.2"}, "geometry": {"type": "LineString", "coordinates": [[-122.45949028, 37.80246283], [-122.45949063, 37.80246442]]}}, {"type": "Feature", "properties": {"weight": "heavy", "source": "R-10434.2"}, "geometry": {"type": "LineString", "coordinates": [[-122.45949063, 37.80246442], [-122.45949069, 37.80246602]]}}, {"type": "Feature", "properties": {"weight": "heavy", "source": "R-10434.2"}, "geometry": {"type": "LineString", "coordinates": [[-122.45949069, 37.80246602], [-122.45949046, 37.80246763]]}}, {"type": "Feature", "properties": {"weight": "heavy", "source": "R-10434.2"}, "geometry": {"type": "LineString", "coordinates": [[-122.45949046, 37.80246763], [-122.45948994, 37.80246902]]}}, {"type": "Feature", "properties": {"weight": "heavy", "source": "R-10434.2"}, "geometry": {"type": "LineString", "coordinates": [[-122.45948994, 37.80246902], [-122.45948885, 37.80247065]]}}, {"type": "Feature", "properties": {"weight": "heavy", "source": "R-10434.2"}, "geometry": {"type": "LineString", "coordinates": [[-122.45948885, 37.80247065], [-122.45948774, 37.80247205]]}}, {"type": "Feature", "properties": {"weight": "heavy", "source": "R-10434.2"}, "geometry": {"type": "LineString", "coordinates": [[-122.45948774, 37.80247205], [-122.45948635, 37.80247323]]}}, {"type": "Feature", "properties": {"weight": "heavy", "source": "R-10434.2"}, "geometry": {"type": "LineString", "coordinates": [[-122.45948635, 37.80247323], [-122.45948467, 37.80247464]]}}, {"type": "Feature", "properties": {"weight": "heavy", "source": "R-10434.2"}, "geometry": {"type": "LineString", "coordinates": [[-122.45948467, 37.80247464], [-122.45948299, 37.80247605]]}}, {"type": "Feature", "properties": {"weight": "heavy", "source": "R-10434.2"}, "geometry": {"type": "LineString", "coordinates": [[-122.45948299, 37.80247605], [-122.45948073, 37.80247725]]}}, {"type": "Feature", "properties": {"weight": "heavy", "source": "R-10434.2"}, "geometry": {"type": "LineString", "coordinates": [[-122.45948073, 37.80247725], [-122.45947847, 37.80247845]]}}, {"type": "Feature", "properties": {"weight": "heavy", "source": "R-10434.2"}, "geometry": {"type": "LineString", "coordinates": [[-122.45947847, 37.80247845], [-122.45947592, 37.80247966]]}}, {"type": "Feature", "properties": {"weight": "heavy", "source": "R-10434.2"}, "geometry": {"type": "LineString", "coordinates": [[-122.45947592, 37.80247966], [-122.45947336, 37.80248086]]}}, {"type": "Feature", "properties": {"weight": "heavy", "source": "R-10434.2"}, "geometry": {"type": "LineString", "coordinates": [[-122.45947336, 37.80248086], [-122.45947052, 37.80248185]]}}, {"type": "Feature", "properties": {"weight": "heavy", "source": "R-10434.2"}, "geometry": {"type": "LineString", "coordinates": [[-122.45947052, 37.80248185], [-122.45946739, 37.80248307]]}}, {"type": "Feature", "properties": {"weight": "heavy", "source": "R-10434.2"}, "geometry": {"type": "LineString", "coordinates": [[-122.45946739, 37.80248307], [-122.45946426, 37.80248429]]}}, {"type": "Feature", "properties": {"weight": "heavy", "source": "R-10434.2"}, "geometry": {"type": "LineString", "coordinates": [[-122.45946426, 37.80248429], [-122.4594577, 37.80248628]]}}, {"type": "Feature", "properties": {"weight": "heavy", "source": "R-10434.2"}, "geometry": {"type": "LineString", "coordinates": [[-122.4594577, 37.80248628], [-122.45945086, 37.8024885]]}}, {"type": "Feature", "properties": {"weight": "heavy", "source": "R-10434.2"}, "geometry": {"type": "LineString", "coordinates": [[-122.45945086, 37.8024885], [-122.4594363, 37.80249252]]}}, {"type": "Feature", "properties": {"weight": "heavy", "source": "R-10434.2"}, "geometry": {"type": "LineString", "coordinates": [[-122.45890368, 37.80192765], [-122.45884901, 37.80181082]]}}, {"type": "Feature", "properties": {"weight": "heavy", "source": "R-10434.2"}, "geometry": {"type": "LineString", "coordinates": [[-122.45884901, 37.80181082], [-122.45878126, 37.80181245]]}}, {"type": "Feature", "properties": {"weight": "heavy", "source": "R-10434.2"}, "geometry": {"type": "LineString", "coordinates": [[-122.46174976, 37.80139922], [-122.46175216, 37.80140924]]}}, {"type": "Feature", "properties": {"weight": "heavy", "source": "R-10434.2"}, "geometry": {"type": "LineString", "coordinates": [[-122.46175216, 37.80140924], [-122.46175378, 37.80141401]]}}, {"type": "Feature", "properties": {"weight": "heavy", "source": "R-10434.2"}, "geometry": {"type": "LineString", "coordinates": [[-122.46175378, 37.80141401], [-122.46175541, 37.80141878]]}}, {"type": "Feature", "properties": {"weight": "heavy", "source": "R-10434.2"}, "geometry": {"type": "LineString", "coordinates": [[-122.46175541, 37.80141878], [-122.4617576, 37.8014233]]}}, {"type": "Feature", "properties": {"weight": "heavy", "source": "R-10434.2"}, "geometry": {"type": "LineString", "coordinates": [[-122.4617576, 37.8014233], [-122.46175979, 37.8014276]]}}, {"type": "Feature", "properties": {"weight": "heavy", "source": "R-10434.2"}, "geometry": {"type": "LineString", "coordinates": [[-122.46175979, 37.8014276], [-122.46176131, 37.80142962]]}}, {"type": "Feature", "properties": {"weight": "heavy", "source": "R-10434.2"}, "geometry": {"type": "LineString", "coordinates": [[-122.46176131, 37.80142962], [-122.46176254, 37.80143165]]}}, {"type": "Feature", "properties": {"weight": "heavy", "source": "R-10434.2"}, "geometry": {"type": "LineString", "coordinates": [[-122.46176254, 37.80143165], [-122.46176435, 37.80143367]]}}, {"type": "Feature", "properties": {"weight": "heavy", "source": "R-10434.2"}, "geometry": {"type": "LineString", "coordinates": [[-122.46176435, 37.80143367], [-122.46176586, 37.80143547]]}}, {"type": "Feature", "properties": {"weight": "heavy", "source": "R-10434.2"}, "geometry": {"type": "LineString", "coordinates": [[-122.46176586, 37.80143547], [-122.46176795, 37.80143725]]}}, {"type": "Feature", "properties": {"weight": "heavy", "source": "R-10434.2"}, "geometry": {"type": "LineString", "coordinates": [[-122.46176795, 37.80143725], [-122.46176974, 37.80143904]]}}, {"type": "Feature", "properties": {"weight": "heavy", "source": "R-10434.2"}, "geometry": {"type": "LineString", "coordinates": [[-122.46176974, 37.80143904], [-122.4617742, 37.80144236]]}}, {"type": "Feature", "properties": {"weight": "heavy", "source": "R-10434.2"}, "geometry": {"type": "LineString", "coordinates": [[-122.4617742, 37.80144236], [-122.46177865, 37.80144546]]}}, {"type": "Feature", "properties": {"weight": "heavy", "source": "R-10434.2"}, "geometry": {"type": "LineString", "coordinates": [[-122.46177865, 37.80144546], [-122.46178366, 37.80144832]]}}, {"type": "Feature", "properties": {"weight": "heavy", "source": "R-10434.2"}, "geometry": {"type": "LineString", "coordinates": [[-122.46178366, 37.80144832], [-122.46178868, 37.80145117]]}}, {"type": "Feature", "properties": {"weight": "heavy", "source": "R-10434.2"}, "geometry": {"type": "LineString", "coordinates": [[-122.46178868, 37.80145117], [-122.46179426, 37.80145379]]}}, {"type": "Feature", "properties": {"weight": "heavy", "source": "R-10434.2"}, "geometry": {"type": "LineString", "coordinates": [[-122.46179426, 37.80145379], [-122.46180514, 37.80145902]]}}, {"type": "Feature", "properties": {"weight": "heavy", "source": "R-10434.2"}, "geometry": {"type": "LineString", "coordinates": [[-122.46533813, 37.80225522], [-122.46513602, 37.80266695]]}}, {"type": "Feature", "properties": {"weight": "heavy", "source": "R-10434.2"}, "geometry": {"type": "LineString", "coordinates": [[-122.46513602, 37.80266695], [-122.46539821, 37.80249052]]}}, {"type": "Feature", "properties": {"weight": "heavy", "source": "R-10434.2"}, "geometry": {"type": "LineString", "coordinates": [[-122.46513602, 37.80266695], [-122.46505155, 37.80266899]]}}, {"type": "Feature", "properties": {"weight": "heavy", "source": "R-10434.2"}, "geometry": {"type": "LineString", "coordinates": [[-122.46397062, 37.80273006], [-122.46460533, 37.80226669]]}}, {"type": "Feature", "properties": {"weight": "heavy", "source": "R-10434.2"}, "geometry": {"type": "LineString", "coordinates": [[-122.46460533, 37.80226669], [-122.46400435, 37.80272924]]}}, {"type": "Feature", "properties": {"weight": "heavy", "source": "R-10434.2"}, "geometry": {"type": "LineString", "coordinates": [[-122.46400435, 37.80272924], [-122.46391988, 37.80273128]]}}, {"type": "Feature", "properties": {"weight": "heavy", "source": "R-10434.2"}, "geometry": {"type": "LineString", "coordinates": [[-122.46059015, 37.80259551], [-122.46050569, 37.80259777]]}}, {"type": "Feature", "properties": {"weight": "heavy", "source": "R-10434.2"}, "geometry": {"type": "LineString", "coordinates": [[-122.46050569, 37.80259777], [-122.45973893, 37.80197695]]}}, {"type": "Feature", "properties": {"weight": "heavy", "source": "R-10434.2"}, "geometry": {"type": "LineString", "coordinates": [[-122.45973893, 37.80197695], [-122.46053942, 37.80259695]]}}, {"type": "Feature", "properties": {"weight": "heavy", "source": "R-10434.2"}, "geometry": {"type": "LineString", "coordinates": [[-122.46618211, 37.80308273], [-122.46681681, 37.80261935]]}}, {"type": "Feature", "properties": {"weight": "heavy", "source": "R-10434.2"}, "geometry": {"type": "LineString", "coordinates": [[-122.46681681, 37.80261935], [-122.46621584, 37.80308191]]}}, {"type": "Feature", "properties": {"weight": "heavy", "source": "R-10434.2"}, "geometry": {"type": "LineString", "coordinates": [[-122.46621584, 37.80308191], [-122.46613137, 37.80308395]]}}, {"type": "Feature", "properties": {"weight": "heavy", "source": "R-10434.2"}, "geometry": {"type": "LineString", "coordinates": [[-122.46320135, 37.80197652], [-122.46311395, 37.80209059]]}}, {"type": "Feature", "properties": {"weight": "heavy", "source": "R-10434.2"}, "geometry": {"type": "LineString", "coordinates": [[-122.46311395, 37.80209059], [-122.46306811, 37.80209169]]}}, {"type": "Feature", "properties": {"weight": "heavy", "source": "R-10434.2"}, "geometry": {"type": "LineString", "coordinates": [[-122.46296147, 37.80150629], [-122.46296021, 37.80151113]]}}, {"type": "Feature", "properties": {"weight": "heavy", "source": "R-10434.2"}, "geometry": {"type": "LineString", "coordinates": [[-122.46296021, 37.80151113], [-122.46295924, 37.80151596]]}}, {"type": "Feature", "properties": {"weight": "heavy", "source": "R-10434.2"}, "geometry": {"type": "LineString", "coordinates": [[-122.46295924, 37.80151596], [-122.46295826, 37.80152056]]}}, {"type": "Feature", "properties": {"weight": "heavy", "source": "R-10434.2"}, "geometry": {"type": "LineString", "coordinates": [[-122.46295826, 37.80152056], [-122.46295806, 37.80152286]]}}, {"type": "Feature", "properties": {"weight": "heavy", "source": "R-10434.2"}, "geometry": {"type": "LineString", "coordinates": [[-122.46295806, 37.80152286], [-122.46295815, 37.80152514]]}}, {"type": "Feature", "properties": {"weight": "heavy", "source": "R-10434.2"}, "geometry": {"type": "LineString", "coordinates": [[-122.46295815, 37.80152514], [-122.46295795, 37.80152744]]}}, {"type": "Feature", "properties": {"weight": "heavy", "source": "R-10434.2"}, "geometry": {"type": "LineString", "coordinates": [[-122.46295795, 37.80152744], [-122.46295831, 37.80152949]]}}, {"type": "Feature", "properties": {"weight": "heavy", "source": "R-10434.2"}, "geometry": {"type": "LineString", "coordinates": [[-122.46295831, 37.80152949], [-122.46295867, 37.80153131]]}}, {"type": "Feature", "properties": {"weight": "heavy", "source": "R-10434.2"}, "geometry": {"type": "LineString", "coordinates": [[-122.46295867, 37.80153131], [-122.46295933, 37.80153336]]}}, {"type": "Feature", "properties": {"weight": "heavy", "source": "R-10434.2"}, "geometry": {"type": "LineString", "coordinates": [[-122.46295933, 37.80153336], [-122.46296026, 37.80153517]]}}, {"type": "Feature", "properties": {"weight": "heavy", "source": "R-10434.2"}, "geometry": {"type": "LineString", "coordinates": [[-122.46296026, 37.80153517], [-122.46296119, 37.80153675]]}}, {"type": "Feature", "properties": {"weight": "heavy", "source": "R-10434.2"}, "geometry": {"type": "LineString", "coordinates": [[-122.46296119, 37.80153675], [-122.46296269, 37.80153831]]}}, {"type": "Feature", "properties": {"weight": "heavy", "source": "R-10434.2"}, "geometry": {"type": "LineString", "coordinates": [[-122.46296269, 37.80153831], [-122.46296419, 37.80153988]]}}, {"type": "Feature", "properties": {"weight": "heavy", "source": "R-10434.2"}, "geometry": {"type": "LineString", "coordinates": [[-122.46296419, 37.80153988], [-122.46296598, 37.80154121]]}}, {"type": "Feature", "properties": {"weight": "heavy", "source": "R-10434.2"}, "geometry": {"type": "LineString", "coordinates": [[-122.46296598, 37.80154121], [-122.46296776, 37.80154254]]}}, {"type": "Feature", "properties": {"weight": "heavy", "source": "R-10434.2"}, "geometry": {"type": "LineString", "coordinates": [[-122.46296776, 37.80154254], [-122.46296983, 37.80154387]]}}, {"type": "Feature", "properties": {"weight": "heavy", "source": "R-10434.2"}, "geometry": {"type": "LineString", "coordinates": [[-122.46296983, 37.80154387], [-122.46297218, 37.80154495]]}}, {"type": "Feature", "properties": {"weight": "heavy", "source": "R-10434.2"}, "geometry": {"type": "LineString", "coordinates": [[-122.46297218, 37.80154495], [-122.46297454, 37.80154627]]}}, {"type": "Feature", "properties": {"weight": "heavy", "source": "R-10434.2"}, "geometry": {"type": "LineString", "coordinates": [[-122.46297454, 37.80154627], [-122.46297717, 37.80154712]]}}, {"type": "Feature", "properties": {"weight": "heavy", "source": "R-10434.2"}, "geometry": {"type": "LineString", "coordinates": [[-122.46297717, 37.80154712], [-122.46298244, 37.80154906]]}}, {"type": "Feature", "properties": {"weight": "heavy", "source": "R-10434.2"}, "geometry": {"type": "LineString", "coordinates": [[-122.46298244, 37.80154906], [-122.46298857, 37.80155097]]}}, {"type": "Feature", "properties": {"weight": "heavy", "source": "R-10434.2"}, "geometry": {"type": "LineString", "coordinates": [[-122.46298857, 37.80155097], [-122.46299468, 37.80155243]]}}, {"type": "Feature", "properties": {"weight": "heavy", "source": "R-10434.2"}, "geometry": {"type": "LineString", "coordinates": [[-122.46299468, 37.80155243], [-122.4630075, 37.80155555]]}}, {"type": "Feature", "properties": {"weight": "heavy", "source": "R-10434.2"}, "geometry": {"type": "LineString", "coordinates": [[-122.46206074, 37.80135945], [-122.46221901, 37.80087231]]}}, {"type": "Feature", "properties": {"weight": "heavy", "source": "R-10434.2"}, "geometry": {"type": "LineString", "coordinates": [[-122.46221901, 37.80087231], [-122.46226485, 37.80087121]]}}, {"type": "Feature", "properties": {"weight": "heavy", "source": "R-10434.2"}, "geometry": {"type": "LineString", "coordinates": [[-122.46336386, 37.80158544], [-122.46336356, 37.80159277]]}}, {"type": "Feature", "properties": {"weight": "heavy", "source": "R-10434.2"}, "geometry": {"type": "LineString", "coordinates": [[-122.46336356, 37.80159277], [-122.46336342, 37.80159667]]}}, {"type": "Feature", "properties": {"weight": "heavy", "source": "R-10434.2"}, "geometry": {"type": "LineString", "coordinates": [[-122.46336342, 37.80159667], [-122.46336327, 37.80160033]]}}, {"type": "Feature", "properties": {"weight": "heavy", "source": "R-10434.2"}, "geometry": {"type": "LineString", "coordinates": [[-122.46336327, 37.80160033], [-122.46336341, 37.80160377]]}}, {"type": "Feature", "properties": {"weight": "heavy", "source": "R-10434.2"}, "geometry": {"type": "LineString", "coordinates": [[-122.46336341, 37.80160377], [-122.46336412, 37.80160741]]}}, {"type": "Feature", "properties": {"weight": "heavy", "source": "R-10434.2"}, "geometry": {"type": "LineString", "coordinates": [[-122.46336412, 37.80160741], [-122.46336483, 37.80161083]]}}, {"type": "Feature", "properties": {"weight": "heavy", "source": "R-10434.2"}, "geometry": {"type": "LineString", "coordinates": [[-122.46336483, 37.80161083], [-122.46336583, 37.80161424]]}}, {"type": "Feature", "properties": {"weight": "heavy", "source": "R-10434.2"}, "geometry": {"type": "LineString", "coordinates": [[-122.46336583, 37.80161424], [-122.46336739, 37.80161741]]}}, {"type": "Feature", "properties": {"weight": "heavy", "source": "R-10434.2"}, "geometry": {"type": "LineString", "coordinates": [[-122.46336739, 37.80161741], [-122.46336923, 37.80162034]]}}, {"type": "Feature", "properties": {"weight": "heavy", "source": "R-10434.2"}, "geometry": {"type": "LineString", "coordinates": [[-122.46336923, 37.80162034], [-122.46337045, 37.80162191]]}}, {"type": "Feature", "properties": {"weight": "heavy", "source": "R-10434.2"}, "geometry": {"type": "LineString", "coordinates": [[-122.46337045, 37.80162191], [-122.46337166, 37.80162349]]}}, {"type": "Feature", "properties": {"weight": "heavy", "source": "R-10434.2"}, "geometry": {"type": "LineString", "coordinates": [[-122.46337166, 37.80162349], [-122.46337287, 37.80162483]]}}, {"type": "Feature", "properties": {"weight": "heavy", "source": "R-10434.2"}, "geometry": {"type": "LineString", "coordinates": [[-122.46337287, 37.80162483], [-122.46337465, 37.80162616]]}}, {"type": "Feature", "properties": {"weight": "heavy", "source": "R-10434.2"}, "geometry": {"type": "LineString", "coordinates": [[-122.46337465, 37.80162616], [-122.46337793, 37.80162883]]}}, {"type": "Feature", "properties": {"weight": "heavy", "source": "R-10434.2"}, "geometry": {"type": "LineString", "coordinates": [[-122.46337793, 37.80162883], [-122.46338177, 37.80163126]]}}, {"type": "Feature", "properties": {"weight": "heavy", "source": "R-10434.2"}, "geometry": {"type": "LineString", "coordinates": [[-122.46338177, 37.80163126], [-122.4633859, 37.80163368]]}}, {"type": "Feature", "properties": {"weight": "heavy", "source": "R-10434.2"}, "geometry": {"type": "LineString", "coordinates": [[-122.4633859, 37.80163368], [-122.46339031, 37.80163586]]}}, {"type": "Feature", "properties": {"weight": "heavy", "source": "R-10434.2"}, "geometry": {"type": "LineString", "coordinates": [[-122.46339031, 37.80163586], [-122.46339501, 37.80163804]]}}, {"type": "Feature", "properties": {"weight": "heavy", "source": "R-10434.2"}, "geometry": {"type": "LineString", "coordinates": [[-122.46339501, 37.80163804], [-122.46339999, 37.80163998]]}}, {"type": "Feature", "properties": {"weight": "heavy", "source": "R-10434.2"}, "geometry": {"type": "LineString", "coordinates": [[-122.46339999, 37.80163998], [-122.46340995, 37.80164386]]}}, {"type": "Feature", "properties": {"weight": "heavy", "source": "R-10434.2"}, "geometry": {"type": "LineString", "coordinates": [[-122.46340995, 37.80164386], [-122.46341962, 37.80164752]]}}, {"type": "Feature", "properties": {"weight": "heavy", "source": "R-10434.2"}, "geometry": {"type": "LineString", "coordinates": [[-122.46341962, 37.80164752], [-122.46342401, 37.80164924]]}}, {"type": "Feature", "properties": {"weight": "heavy", "source": "R-10434.2"}, "geometry": {"type": "LineString", "coordinates": [[-122.46342401, 37.80164924], [-122.46342841, 37.80165097]]}}, {"type": "Feature", "properties": {"weight": "heavy", "source": "R-10434.2"}, "geometry": {"type": "LineString", "coordinates": [[-122.46342841, 37.80165097], [-122.46343251, 37.8016527]]}}, {"type": "Feature", "properties": {"weight": "heavy", "source": "R-10434.2"}, "geometry": {"type": "LineString", "coordinates": [[-122.46343251, 37.8016527], [-122.46343604, 37.80165445]]}}, {"type": "Feature", "properties": {"weight": "heavy", "source": "R-10434.2"}, "geometry": {"type": "LineString", "coordinates": [[-122.46343604, 37.80165445], [-122.46343928, 37.8016562]]}}, {"type": "Feature", "properties": {"weight": "heavy", "source": "R-10434.2"}, "geometry": {"type": "LineString", "coordinates": [[-122.46343928, 37.8016562], [-122.46344047, 37.80165709]]}}, {"type": "Feature", "properties": {"weight": "heavy", "source": "R-10434.2"}, "geometry": {"type": "LineString", "coordinates": [[-122.46344047, 37.80165709], [-122.46344195, 37.80165797]]}}, {"type": "Feature", "properties": {"weight": "heavy", "source": "R-10434.2"}, "geometry": {"type": "LineString", "coordinates": [[-122.46344195, 37.80165797], [-122.46344285, 37.80165886]]}}, {"type": "Feature", "properties": {"weight": "heavy", "source": "R-10434.2"}, "geometry": {"type": "LineString", "coordinates": [[-122.46344285, 37.80165886], [-122.46344375, 37.80165976]]}}, {"type": "Feature", "properties": {"weight": "heavy", "source": "R-10434.2"}, "geometry": {"type": "LineString", "coordinates": [[-122.46344375, 37.80165976], [-122.46344465, 37.80166065]]}}, {"type": "Feature", "properties": {"weight": "heavy", "source": "R-10434.2"}, "geometry": {"type": "LineString", "coordinates": [[-122.46344465, 37.80166065], [-122.46344526, 37.80166155]]}}, {"type": "Feature", "properties": {"weight": "heavy", "source": "R-10434.2"}, "geometry": {"type": "LineString", "coordinates": [[-122.46344526, 37.80166155], [-122.46344558, 37.80166246]]}}, {"type": "Feature", "properties": {"weight": "heavy", "source": "R-10434.2"}, "geometry": {"type": "LineString", "coordinates": [[-122.46344558, 37.80166246], [-122.46344591, 37.8016636]]}}, {"type": "Feature", "properties": {"weight": "heavy", "source": "R-10434.2"}, "geometry": {"type": "LineString", "coordinates": [[-122.46344591, 37.8016636], [-122.46344595, 37.80166451]]}}, {"type": "Feature", "properties": {"weight": "heavy", "source": "R-10434.2"}, "geometry": {"type": "LineString", "coordinates": [[-122.46344595, 37.80166451], [-122.4634457, 37.80166566]]}}, {"type": "Feature", "properties": {"weight": "heavy", "source": "R-10434.2"}, "geometry": {"type": "LineString", "coordinates": [[-122.4634457, 37.80166566], [-122.46344516, 37.80166659]]}}, {"type": "Feature", "properties": {"weight": "heavy", "source": "R-10434.2"}, "geometry": {"type": "LineString", "coordinates": [[-122.46344516, 37.80166659], [-122.46344463, 37.80166775]]}}, {"type": "Feature", "properties": {"weight": "heavy", "source": "R-10434.2"}, "geometry": {"type": "LineString", "coordinates": [[-122.46344463, 37.80166775], [-122.4634438, 37.80166869]]}}, {"type": "Feature", "properties": {"weight": "heavy", "source": "R-10434.2"}, "geometry": {"type": "LineString", "coordinates": [[-122.4634438, 37.80166869], [-122.46344298, 37.80166985]]}}, {"type": "Feature", "properties": {"weight": "heavy", "source": "R-10434.2"}, "geometry": {"type": "LineString", "coordinates": [[-122.46344298, 37.80166985], [-122.46344187, 37.80167102]]}}, {"type": "Feature", "properties": {"weight": "heavy", "source": "R-10434.2"}, "geometry": {"type": "LineString", "coordinates": [[-122.46344187, 37.80167102], [-122.46344047, 37.8016722]]}}, {"type": "Feature", "properties": {"weight": "heavy", "source": "R-10434.2"}, "geometry": {"type": "LineString", "coordinates": [[-122.46344047, 37.8016722], [-122.46343907, 37.80167338]]}}, {"type": "Feature", "properties": {"weight": "heavy", "source": "R-10434.2"}, "geometry": {"type": "LineString", "coordinates": [[-122.46343907, 37.80167338], [-122.46343767, 37.80167433]]}}, {"type": "Feature", "properties": {"weight": "heavy", "source": "R-10434.2"}, "geometry": {"type": "LineString", "coordinates": [[-122.46343767, 37.80167433], [-122.46343401, 37.80167671]]}}, {"type": "Feature", "properties": {"weight": "heavy", "source": "R-10434.2"}, "geometry": {"type": "LineString", "coordinates": [[-122.46343401, 37.80167671], [-122.46343007, 37.80167932]]}}, {"type": "Feature", "properties": {"weight": "heavy", "source": "R-10434.2"}, "geometry": {"type": "LineString", "coordinates": [[-122.46343007, 37.80167932], [-122.46342583, 37.80168171]]}}, {"type": "Feature", "properties": {"weight": "heavy", "source": "R-10434.2"}, "geometry": {"type": "LineString", "coordinates": [[-122.46342583, 37.80168171], [-122.46342102, 37.80168412]]}}, {"type": "Feature", "properties": {"weight": "heavy", "source": "R-10434.2"}, "geometry": {"type": "LineString", "coordinates": [[-122.46342102, 37.80168412], [-122.46341621, 37.80168675]]}}, {"type": "Feature", "properties": {"weight": "heavy", "source": "R-10434.2"}, "geometry": {"type": "LineString", "coordinates": [[-122.46341621, 37.80168675], [-122.46341112, 37.80168939]]}}, {"type": "Feature", "properties": {"weight": "heavy", "source": "R-10434.2"}, "geometry": {"type": "LineString", "coordinates": [[-122.46341112, 37.80168939], [-122.46340092, 37.80169445]]}}, {"type": "Feature", "properties": {"weight": "heavy", "source": "R-10434.2"}, "geometry": {"type": "LineString", "coordinates": [[-122.46340092, 37.80169445], [-122.46339583, 37.80169709]]}}, {"type": "Feature", "properties": {"weight": "heavy", "source": "R-10434.2"}, "geometry": {"type": "LineString", "coordinates": [[-122.46339583, 37.80169709], [-122.46339102, 37.80169949]]}}, {"type": "Feature", "properties": {"weight": "heavy", "source": "R-10434.2"}, "geometry": {"type": "LineString", "coordinates": [[-122.46339102, 37.80169949], [-122.46338621, 37.80170213]]}}, {"type": "Feature", "properties": {"weight": "heavy", "source": "R-10434.2"}, "geometry": {"type": "LineString", "coordinates": [[-122.46338621, 37.80170213], [-122.46338169, 37.80170453]]}}, {"type": "Feature", "properties": {"weight": "heavy", "source": "R-10434.2"}, "geometry": {"type": "LineString", "coordinates": [[-122.46338169, 37.80170453], [-122.46337775, 37.80170714]]}}, {"type": "Feature", "properties": {"weight": "heavy", "source": "R-10434.2"}, "geometry": {"type": "LineString", "coordinates": [[-122.46337775, 37.80170714], [-122.46337409, 37.80170952]]}}, {"type": "Feature", "properties": {"weight": "heavy", "source": "R-10434.2"}, "geometry": {"type": "LineString", "coordinates": [[-122.46337409, 37.80170952], [-122.4633724, 37.8017107]]}}, {"type": "Feature", "properties": {"weight": "heavy", "source": "R-10434.2"}, "geometry": {"type": "LineString", "coordinates": [[-122.4633724, 37.8017107], [-122.463371, 37.80171188]]}}, {"type": "Feature", "properties": {"weight": "heavy", "source": "R-10434.2"}, "geometry": {"type": "LineString", "coordinates": [[-122.463371, 37.80171188], [-122.4633696, 37.80171306]]}}, {"type": "Feature", "properties": {"weight": "heavy", "source": "R-10434.2"}, "geometry": {"type": "LineString", "coordinates": [[-122.4633696, 37.80171306], [-122.4633685, 37.80171423]]}}, {"type": "Feature", "properties": {"weight": "heavy", "source": "R-10434.2"}, "geometry": {"type": "LineString", "coordinates": [[-122.4633685, 37.80171423], [-122.46336739, 37.8017154]]}}, {"type": "Feature", "properties": {"weight": "heavy", "source": "R-10434.2"}, "geometry": {"type": "LineString", "coordinates": [[-122.46336739, 37.8017154], [-122.46336656, 37.80171657]]}}, {"type": "Feature", "properties": {"weight": "heavy", "source": "R-10434.2"}, "geometry": {"type": "LineString", "coordinates": [[-122.46336656, 37.80171657], [-122.46336603, 37.80171772]]}}, {"type": "Feature", "properties": {"weight": "heavy", "source": "R-10434.2"}, "geometry": {"type": "LineString", "coordinates": [[-122.46336603, 37.80171772], [-122.46336549, 37.80171865]]}}, {"type": "Feature", "properties": {"weight": "heavy", "source": "R-10434.2"}, "geometry": {"type": "LineString", "coordinates": [[-122.46336549, 37.80171865], [-122.46336525, 37.8017198]]}}, {"type": "Feature", "properties": {"weight": "heavy", "source": "R-10434.2"}, "geometry": {"type": "LineString", "coordinates": [[-122.46336525, 37.8017198], [-122.463365, 37.80172096]]}}, {"type": "Feature", "properties": {"weight": "heavy", "source": "R-10434.2"}, "geometry": {"type": "LineString", "coordinates": [[-122.463365, 37.80172096], [-122.46336532, 37.80172186]]}}, {"type": "Feature", "properties": {"weight": "heavy", "source": "R-10434.2"}, "geometry": {"type": "LineString", "coordinates": [[-122.46336532, 37.80172186], [-122.46336566, 37.801723]]}}, {"type": "Feature", "properties": {"weight": "heavy", "source": "R-10434.2"}, "geometry": {"type": "LineString", "coordinates": [[-122.46336566, 37.801723], [-122.46336627, 37.8017239]]}}, {"type": "Feature", "properties": {"weight": "heavy", "source": "R-10434.2"}, "geometry": {"type": "LineString", "coordinates": [[-122.46336627, 37.8017239], [-122.46336688, 37.8017248]]}}, {"type": "Feature", "properties": {"weight": "heavy", "source": "R-10434.2"}, "geometry": {"type": "LineString", "coordinates": [[-122.46336688, 37.8017248], [-122.46336808, 37.80172592]]}}, {"type": "Feature", "properties": {"weight": "heavy", "source": "R-10434.2"}, "geometry": {"type": "LineString", "coordinates": [[-122.46336808, 37.80172592], [-122.46336926, 37.80172681]]}}, {"type": "Feature", "properties": {"weight": "heavy", "source": "R-10434.2"}, "geometry": {"type": "LineString", "coordinates": [[-122.46336926, 37.80172681], [-122.46337074, 37.80172769]]}}, {"type": "Feature", "properties": {"weight": "heavy", "source": "R-10434.2"}, "geometry": {"type": "LineString", "coordinates": [[-122.46337074, 37.80172769], [-122.46337251, 37.80172856]]}}, {"type": "Feature", "properties": {"weight": "heavy", "source": "R-10434.2"}, "geometry": {"type": "LineString", "coordinates": [[-122.46337251, 37.80172856], [-122.46337427, 37.80172943]]}}, {"type": "Feature", "properties": {"weight": "heavy", "source": "R-10434.2"}, "geometry": {"type": "LineString", "coordinates": [[-122.46337427, 37.80172943], [-122.46337632, 37.8017303]]}}, {"type": "Feature", "properties": {"weight": "heavy", "source": "R-10434.2"}, "geometry": {"type": "LineString", "coordinates": [[-122.46337632, 37.8017303], [-122.46338043, 37.80173203]]}}, {"type": "Feature", "properties": {"weight": "heavy", "source": "R-10434.2"}, "geometry": {"type": "LineString", "coordinates": [[-122.46338043, 37.80173203], [-122.4633851, 37.80173352]]}}, {"type": "Feature", "properties": {"weight": "heavy", "source": "R-10434.2"}, "geometry": {"type": "LineString", "coordinates": [[-122.4633851, 37.80173352], [-122.46339505, 37.80173695]]}}, {"type": "Feature", "properties": {"weight": "heavy", "source": "R-10434.2"}, "geometry": {"type": "LineString", "coordinates": [[-122.46390353, 37.80163999], [-122.46389352, 37.80145362]]}}, {"type": "Feature", "properties": {"weight": "heavy", "source": "R-10434.2"}, "geometry": {"type": "LineString", "coordinates": [[-122.46389352, 37.80145362], [-122.46392041, 37.80141749]]}}, {"type": "Feature", "properties": {"weight": "heavy", "source": "R-10434.2"}, "geometry": {"type": "LineString", "coordinates": [[-122.46764355, 37.8029811], [-122.4675932, 37.80309794]]}}, {"type": "Feature", "properties": {"weight": "heavy", "source": "R-10434.2"}, "geometry": {"type": "LineString", "coordinates": [[-122.4675932, 37.80309794], [-122.46754188, 37.80309918]]}}, {"type": "Feature", "properties": {"weight": "heavy", "source": "R-10434.2"}, "geometry": {"type": "LineString", "coordinates": [[-122.46185865, 37.80133409], [-122.46185782, 37.80132747]]}}, {"type": "Feature", "properties": {"weight": "heavy", "source": "R-10434.2"}, "geometry": {"type": "LineString", "coordinates": [[-122.46185782, 37.80132747], [-122.46185729, 37.80132108]]}}, {"type": "Feature", "properties": {"weight": "heavy", "source": "R-10434.2"}, "geometry": {"type": "LineString", "coordinates": [[-122.46185729, 37.80132108], [-122.46185716, 37.80131787]]}}, {"type": "Feature", "properties": {"weight": "heavy", "source": "R-10434.2"}, "geometry": {"type": "LineString", "coordinates": [[-122.46185716, 37.80131787], [-122.46185733, 37.80131466]]}}, {"type": "Feature", "properties": {"weight": "heavy", "source": "R-10434.2"}, "geometry": {"type": "LineString", "coordinates": [[-122.46185733, 37.80131466], [-122.46185779, 37.80131168]]}}, {"type": "Feature", "properties": {"weight": "heavy", "source": "R-10434.2"}, "geometry": {"type": "LineString", "coordinates": [[-122.46185779, 37.80131168], [-122.46185854, 37.80130845]]}}, {"type": "Feature", "properties": {"weight": "heavy", "source": "R-10434.2"}, "geometry": {"type": "LineString", "coordinates": [[-122.46185854, 37.80130845], [-122.46185957, 37.80130545]]}}, {"type": "Feature", "properties": {"weight": "heavy", "source": "R-10434.2"}, "geometry": {"type": "LineString", "coordinates": [[-122.46185957, 37.80130545], [-122.46186091, 37.80130267]]}}, {"type": "Feature", "properties": {"weight": "heavy", "source": "R-10434.2"}, "geometry": {"type": "LineString", "coordinates": [[-122.46186091, 37.80130267], [-122.46186282, 37.80129965]]}}, {"type": "Feature", "properties": {"weight": "heavy", "source": "R-10434.2"}, "geometry": {"type": "LineString", "coordinates": [[-122.46186282, 37.80129965], [-122.46186502, 37.80129685]]}}, {"type": "Feature", "properties": {"weight": "heavy", "source": "R-10434.2"}, "geometry": {"type": "LineString", "coordinates": [[-122.46186502, 37.80129685], [-122.4618678, 37.80129426]]}}, {"type": "Feature", "properties": {"weight": "heavy", "source": "R-10434.2"}, "geometry": {"type": "LineString", "coordinates": [[-122.4618678, 37.80129426], [-122.46187059, 37.80129168]]}}, {"type": "Feature", "properties": {"weight": "heavy", "source": "R-10434.2"}, "geometry": {"type": "LineString", "coordinates": [[-122.46187059, 37.80129168], [-122.46187367, 37.80128909]]}}, {"type": "Feature", "properties": {"weight": "heavy", "source": "R-10434.2"}, "geometry": {"type": "LineString", "coordinates": [[-122.46187367, 37.80128909], [-122.46187703, 37.80128649]]}}, {"type": "Feature", "properties": {"weight": "heavy", "source": "R-10434.2"}, "geometry": {"type": "LineString", "coordinates": [[-122.46187703, 37.80128649], [-122.46188406, 37.80128174]]}}, {"type": "Feature", "properties": {"weight": "heavy", "source": "R-10434.2"}, "geometry": {"type": "LineString", "coordinates": [[-122.46188406, 37.80128174], [-122.4618911, 37.80127722]]}}, {"type": "Feature", "properties": {"weight": "heavy", "source": "R-10434.2"}, "geometry": {"type": "LineString", "coordinates": [[-122.4618911, 37.80127722], [-122.46189447, 37.80127485]]}}, {"type": "Feature", "properties": {"weight": "heavy", "source": "R-10434.2"}, "geometry": {"type": "LineString", "coordinates": [[-122.46189447, 37.80127485], [-122.46189786, 37.8012727]]}}, {"type": "Feature", "properties": {"weight": "heavy", "source": "R-10434.2"}, "geometry": {"type": "LineString", "coordinates": [[-122.46189786, 37.8012727], [-122.46190095, 37.80127057]]}}, {"type": "Feature", "properties": {"weight": "heavy", "source": "R-10434.2"}, "geometry": {"type": "LineString", "coordinates": [[-122.46190095, 37.80127057], [-122.46190375, 37.80126844]]}}, {"type": "Feature", "properties": {"weight": "heavy", "source": "R-10434.2"}, "geometry": {"type": "LineString", "coordinates": [[-122.46190375, 37.80126844], [-122.46190656, 37.80126631]]}}, {"type": "Feature", "properties": {"weight": "heavy", "source": "R-10434.2"}, "geometry": {"type": "LineString", "coordinates": [[-122.46190656, 37.80126631], [-122.4619085, 37.80126421]]}}, {"type": "Feature", "properties": {"weight": "heavy", "source": "R-10434.2"}, "geometry": {"type": "LineString", "coordinates": [[-122.4619085, 37.80126421], [-122.46191044, 37.8012621]]}}, {"type": "Feature", "properties": {"weight": "heavy", "source": "R-10434.2"}, "geometry": {"type": "LineString", "coordinates": [[-122.46191044, 37.8012621], [-122.46191181, 37.80126023]]}}, {"type": "Feature", "properties": {"weight": "heavy", "source": "R-10434.2"}, "geometry": {"type": "LineString", "coordinates": [[-122.46191181, 37.80126023], [-122.46191205, 37.80125908]]}}, {"type": "Feature", "properties": {"weight": "heavy", "source": "R-10434.2"}, "geometry": {"type": "LineString", "coordinates": [[-122.46191205, 37.80125908], [-122.46191259, 37.80125815]]}}, {"type": "Feature", "properties": {"weight": "heavy", "source": "R-10434.2"}, "geometry": {"type": "LineString", "coordinates": [[-122.46191259, 37.80125815], [-122.46191255, 37.80125701]]}}, {"type": "Feature", "properties": {"weight": "heavy", "source": "R-10434.2"}, "geometry": {"type": "LineString", "coordinates": [[-122.46191255, 37.80125701], [-122.46191251, 37.8012561]]}}, {"type": "Feature", "properties": {"weight": "heavy", "source": "R-10434.2"}, "geometry": {"type": "LineString", "coordinates": [[-122.46191251, 37.8012561], [-122.46191248, 37.80125518]]}}, {"type": "Feature", "properties": {"weight": "heavy", "source": "R-10434.2"}, "geometry": {"type": "LineString", "coordinates": [[-122.46191248, 37.80125518], [-122.46191215, 37.80125404]]}}, {"type": "Feature", "properties": {"weight": "heavy", "source": "R-10434.2"}, "geometry": {"type": "LineString", "coordinates": [[-122.46191215, 37.80125404], [-122.46191121, 37.80125224]]}}, {"type": "Feature", "properties": {"weight": "heavy", "source": "R-10434.2"}, "geometry": {"type": "LineString", "coordinates": [[-122.46191121, 37.80125224], [-122.46190969, 37.80125021]]}}, {"type": "Feature", "properties": {"weight": "heavy", "source": "R-10434.2"}, "geometry": {"type": "LineString", "coordinates": [[-122.46190969, 37.80125021], [-122.46190788, 37.80124819]]}}, {"type": "Feature", "properties": {"weight": "heavy", "source": "R-10434.2"}, "geometry": {"type": "LineString", "coordinates": [[-122.46190788, 37.80124819], [-122.4619055, 37.80124619]]}}, {"type": "Feature", "properties": {"weight": "heavy", "source": "R-10434.2"}, "geometry": {"type": "LineString", "coordinates": [[-122.4619055, 37.80124619], [-122.46190283, 37.80124419]]}}, {"type": "Feature", "properties": {"weight": "heavy", "source": "R-10434.2"}, "geometry": {"type": "LineString", "coordinates": [[-122.46190283, 37.80124419], [-122.46189986, 37.8012422]]}}, {"type": "Feature", "properties": {"weight": "heavy", "source": "R-10434.2"}, "geometry": {"type": "LineString", "coordinates": [[-122.46189986, 37.8012422], [-122.46189633, 37.80124023]]}}, {"type": "Feature", "properties": {"weight": "heavy", "source": "R-10434.2"}, "geometry": {"type": "LineString", "coordinates": [[-122.46189633, 37.80124023], [-122.46189279, 37.80123825]]}}, {"type": "Feature", "properties": {"weight": "heavy", "source": "R-10434.2"}, "geometry": {"type": "LineString", "coordinates": [[-122.46189279, 37.80123825], [-122.46188896, 37.80123629]]}}, {"type": "Feature", "properties": {"weight": "heavy", "source": "R-10434.2"}, "geometry": {"type": "LineString", "coordinates": [[-122.46188896, 37.80123629], [-122.46188484, 37.8012341]]}}, {"type": "Feature", "properties": {"weight": "heavy", "source": "R-10434.2"}, "geometry": {"type": "LineString", "coordinates": [[-122.46188484, 37.8012341], [-122.46188072, 37.80123213]]}}, {"type": "Feature", "properties": {"weight": "heavy", "source": "R-10434.2"}, "geometry": {"type": "LineString", "coordinates": [[-122.46188072, 37.80123213], [-122.4618722, 37.80122799]]}}, {"type": "Feature", "properties": {"weight": "heavy", "source": "R-10434.2"}, "geometry": {"type": "LineString", "coordinates": [[-122.4618722, 37.80122799], [-122.46186366, 37.80122361]]}}, {"type": "Feature", "properties": {"weight": "heavy", "source": "R-10434.2"}, "geometry": {"type": "LineString", "coordinates": [[-122.46186366, 37.80122361], [-122.46185513, 37.80121947]]}}, {"type": "Feature", "properties": {"weight": "heavy", "source": "R-10434.2"}, "geometry": {"type": "LineString", "coordinates": [[-122.46185513, 37.80121947], [-122.46185129, 37.80121704]]}}, {"type": "Feature", "properties": {"weight": "heavy", "source": "R-10434.2"}, "geometry": {"type": "LineString", "coordinates": [[-122.46185129, 37.80121704], [-122.46184746, 37.80121485]]}}, {"type": "Feature", "properties": {"weight": "heavy", "source": "R-10434.2"}, "geometry": {"type": "LineString", "coordinates": [[-122.46184746, 37.80121485], [-122.46184391, 37.80121264]]}}, {"type": "Feature", "properties": {"weight": "heavy", "source": "R-10434.2"}, "geometry": {"type": "LineString", "coordinates": [[-122.46184391, 37.80121264], [-122.46184093, 37.80121019]]}}, {"type": "Feature", "properties": {"weight": "heavy", "source": "R-10434.2"}, "geometry": {"type": "LineString", "coordinates": [[-122.46184093, 37.80121019], [-122.46183795, 37.80120775]]}}, {"type": "Feature", "properties": {"weight": "heavy", "source": "R-10434.2"}, "geometry": {"type": "LineString", "coordinates": [[-122.46183795, 37.80120775], [-122.46183527, 37.80120552]]}}, {"type": "Feature", "properties": {"weight": "heavy", "source": "R-10434.2"}, "geometry": {"type": "LineString", "coordinates": [[-122.46183527, 37.80120552], [-122.46183315, 37.80120306]]}}, {"type": "Feature", "properties": {"weight": "heavy", "source": "R-10434.2"}, "geometry": {"type": "LineString", "coordinates": [[-122.46183315, 37.80120306], [-122.46183161, 37.80120034]]}}, {"type": "Feature", "properties": {"weight": "heavy", "source": "R-10434.2"}, "geometry": {"type": "LineString", "coordinates": [[-122.46183161, 37.80120034], [-122.46183036, 37.80119786]]}}, {"type": "Feature", "properties": {"weight": "heavy", "source": "R-10434.2"}, "geometry": {"type": "LineString", "coordinates": [[-122.46183036, 37.80119786], [-122.46182973, 37.8011965]]}}, {"type": "Feature", "properties": {"weight": "heavy", "source": "R-10434.2"}, "geometry": {"type": "LineString", "coordinates": [[-122.46182973, 37.8011965], [-122.46182968, 37.80119513]]}}, {"type": "Feature", "properties": {"weight": "heavy", "source": "R-10434.2"}, "geometry": {"type": "LineString", "coordinates": [[-122.46182968, 37.80119513], [-122.46182934, 37.80119399]]}}, {"type": "Feature", "properties": {"weight": "heavy", "source": "R-10434.2"}, "geometry": {"type": "LineString", "coordinates": [[-122.46182934, 37.80119399], [-122.46182958, 37.80119261]]}}, {"type": "Feature", "properties": {"weight": "heavy", "source": "R-10434.2"}, "geometry": {"type": "LineString", "coordinates": [[-122.46182958, 37.80119261], [-122.46182953, 37.80119124]]}}, {"type": "Feature", "properties": {"weight": "heavy", "source": "R-10434.2"}, "geometry": {"type": "LineString", "coordinates": [[-122.46182953, 37.80119124], [-122.46182976, 37.80118986]]}}, {"type": "Feature", "properties": {"weight": "heavy", "source": "R-10434.2"}, "geometry": {"type": "LineString", "coordinates": [[-122.46182976, 37.80118986], [-122.46183081, 37.80118708]]}}, {"type": "Feature", "properties": {"weight": "heavy", "source": "R-10434.2"}, "geometry": {"type": "LineString", "coordinates": [[-122.46183081, 37.80118708], [-122.46183215, 37.8011843]]}}, {"type": "Feature", "properties": {"weight": "heavy", "source": "R-10434.2"}, "geometry": {"type": "LineString", "coordinates": [[-122.46183215, 37.8011843], [-122.46183405, 37.80118128]]}}, {"type": "Feature", "properties": {"weight": "heavy", "source": "R-10434.2"}, "geometry": {"type": "LineString", "coordinates": [[-122.46183405, 37.80118128], [-122.46183597, 37.80117849]]}}, {"type": "Feature", "properties": {"weight": "heavy", "source": "R-10434.2"}, "geometry": {"type": "LineString", "coordinates": [[-122.46126421, 37.80130352], [-122.46125885, 37.80130686]]}}, {"type": "Feature", "properties": {"weight": "heavy", "source": "R-10434.2"}, "geometry": {"type": "LineString", "coordinates": [[-122.46125885, 37.80130686], [-122.46125632, 37.80130852]]}}, {"type": "Feature", "properties": {"weight": "heavy", "source": "R-10434.2"}, "geometry": {"type": "LineString", "coordinates": [[-122.46125632, 37.80130852], [-122.46125378, 37.80131018]]}}, {"type": "Feature", "properties": {"weight": "heavy", "source": "R-10434.2"}, "geometry": {"type": "LineString", "coordinates": [[-122.46125378, 37.80131018], [-122.46125154, 37.80131184]]}}, {"type": "Feature", "properties": {"weight": "heavy", "source": "R-10434.2"}, "geometry": {"type": "LineString", "coordinates": [[-122.46125154, 37.80131184], [-122.46124959, 37.80131372]]}}, {"type": "Feature", "properties": {"weight": "heavy", "source": "R-10434.2"}, "geometry": {"type": "LineString", "coordinates": [[-122.46124959, 37.80131372], [-122.46124764, 37.8013156]]}}, {"type": "Feature", "properties": {"weight": "heavy", "source": "R-10434.2"}, "geometry": {"type": "LineString", "coordinates": [[-122.46124764, 37.8013156], [-122.46124628, 37.80131769]]}}, {"type": "Feature", "properties": {"weight": "heavy", "source": "R-10434.2"}, "geometry": {"type": "LineString", "coordinates": [[-122.46124628, 37.80131769], [-122.46124549, 37.80131977]]}}, {"type": "Feature", "properties": {"weight": "heavy", "source": "R-10434.2"}, "geometry": {"type": "LineString", "coordinates": [[-122.46124549, 37.80131977], [-122.46124471, 37.80132185]]}}, {"type": "Feature", "properties": {"weight": "heavy", "source": "R-10434.2"}, "geometry": {"type": "LineString", "coordinates": [[-122.46124471, 37.80132185], [-122.46124475, 37.80132299]]}}, {"type": "Feature", "properties": {"weight": "heavy", "source": "R-10434.2"}, "geometry": {"type": "LineString", "coordinates": [[-122.46124475, 37.80132299], [-122.4612448, 37.80132437]]}}, {"type": "Feature", "properties": {"weight": "heavy", "source": "R-10434.2"}, "geometry": {"type": "LineString", "coordinates": [[-122.4612448, 37.80132437], [-122.46124518, 37.80132665]]}}, {"type": "Feature", "properties": {"weight": "heavy", "source": "R-10434.2"}, "geometry": {"type": "LineString", "coordinates": [[-122.46124518, 37.80132665], [-122.46124585, 37.80132915]]}}, {"type": "Feature", "properties": {"weight": "heavy", "source": "R-10434.2"}, "geometry": {"type": "LineString", "coordinates": [[-122.46124585, 37.80132915], [-122.46124711, 37.80133187]]}}, {"type": "Feature", "properties": {"weight": "heavy", "source": "R-10434.2"}, "geometry": {"type": "LineString", "coordinates": [[-122.46124711, 37.80133187], [-122.46124991, 37.80133706]]}}, {"type": "Feature", "properties": {"weight": "heavy", "source": "R-10434.2"}, "geometry": {"type": "LineString", "coordinates": [[-122.46124991, 37.80133706], [-122.46125144, 37.80133955]]}}, {"type": "Feature", "properties": {"weight": "heavy", "source": "R-10434.2"}, "geometry": {"type": "LineString", "coordinates": [[-122.46125144, 37.80133955], [-122.46125269, 37.80134203]]}}, {"type": "Feature", "properties": {"weight": "heavy", "source": "R-10434.2"}, "geometry": {"type": "LineString", "coordinates": [[-122.46125269, 37.80134203], [-122.46125393, 37.80134429]]}}, {"type": "Feature", "properties": {"weight": "heavy", "source": "R-10434.2"}, "geometry": {"type": "LineString", "coordinates": [[-122.46125393, 37.80134429], [-122.46125489, 37.80134656]]}}, {"type": "Feature", "properties": {"weight": "heavy", "source": "R-10434.2"}, "geometry": {"type": "LineString", "coordinates": [[-122.46125489, 37.80134656], [-122.46125553, 37.80134838]]}}, {"type": "Feature", "properties": {"weight": "heavy", "source": "R-10434.2"}, "geometry": {"type": "LineString", "coordinates": [[-122.46125553, 37.80134838], [-122.46125557, 37.80134929]]}}, {"type": "Feature", "properties": {"weight": "heavy", "source": "R-10434.2"}, "geometry": {"type": "LineString", "coordinates": [[-122.46125557, 37.80134929], [-122.4612556, 37.80135021]]}}, {"type": "Feature", "properties": {"weight": "heavy", "source": "R-10434.2"}, "geometry": {"type": "LineString", "coordinates": [[-122.4612556, 37.80135021], [-122.46125534, 37.8013509]]}}, {"type": "Feature", "properties": {"weight": "heavy", "source": "R-10434.2"}, "geometry": {"type": "LineString", "coordinates": [[-122.46125534, 37.8013509], [-122.46125508, 37.80135159]]}}, {"type": "Feature", "properties": {"weight": "heavy", "source": "R-10434.2"}, "geometry": {"type": "LineString", "coordinates": [[-122.46125508, 37.80135159], [-122.46125453, 37.80135229]]}}, {"type": "Feature", "properties": {"weight": "heavy", "source": "R-10434.2"}, "geometry": {"type": "LineString", "coordinates": [[-122.46125453, 37.80135229], [-122.46125369, 37.801353]]}}, {"type": "Feature", "properties": {"weight": "heavy", "source": "R-10434.2"}, "geometry": {"type": "LineString", "coordinates": [[-122.46125369, 37.801353], [-122.46125313, 37.80135347]]}}, {"type": "Feature", "properties": {"weight": "heavy", "source": "R-10434.2"}, "geometry": {"type": "LineString", "coordinates": [[-122.46125313, 37.80135347], [-122.46125199, 37.80135373]]}}, {"type": "Feature", "properties": {"weight": "heavy", "source": "R-10434.2"}, "geometry": {"type": "LineString", "coordinates": [[-122.46125199, 37.80135373], [-122.46125085, 37.80135421]]}}, {"type": "Feature", "properties": {"weight": "heavy", "source": "R-10434.2"}, "geometry": {"type": "LineString", "coordinates": [[-122.46125085, 37.80135421], [-122.46124971, 37.80135447]]}}, {"type": "Feature", "properties": {"weight": "heavy", "source": "R-10434.2"}, "geometry": {"type": "LineString", "coordinates": [[-122.46124971, 37.80135447], [-122.46124684, 37.801355]]}}, {"type": "Feature", "properties": {"weight": "heavy", "source": "R-10434.2"}, "geometry": {"type": "LineString", "coordinates": [[-122.46124684, 37.801355], [-122.46124368, 37.8013553]]}}, {"type": "Feature", "properties": {"weight": "heavy", "source": "R-10434.2"}, "geometry": {"type": "LineString", "coordinates": [[-122.46124368, 37.8013553], [-122.46124022, 37.80135539]]}}, {"type": "Feature", "properties": {"weight": "heavy", "source": "R-10434.2"}, "geometry": {"type": "LineString", "coordinates": [[-122.46124022, 37.80135539], [-122.46123647, 37.80135548]]}}, {"type": "Feature", "properties": {"weight": "heavy", "source": "R-10434.2"}, "geometry": {"type": "LineString", "coordinates": [[-122.46123647, 37.80135548], [-122.46122868, 37.80135543]]}}, {"type": "Feature", "properties": {"weight": "heavy", "source": "R-10434.2"}, "geometry": {"type": "LineString", "coordinates": [[-122.45880501, 37.80246465], [-122.45879939, 37.80246112]]}}, {"type": "Feature", "properties": {"weight": "heavy", "source": "R-10434.2"}, "geometry": {"type": "LineString", "coordinates": [[-122.45879939, 37.80246112], [-122.45879463, 37.80245734]]}}, {"type": "Feature", "properties": {"weight": "heavy", "source": "R-10434.2"}, "geometry": {"type": "LineString", "coordinates": [[-122.45879463, 37.80245734], [-122.45879226, 37.80245557]]}}, {"type": "Feature", "properties": {"weight": "heavy", "source": "R-10434.2"}, "geometry": {"type": "LineString", "coordinates": [[-122.45879226, 37.80245557], [-122.45879017, 37.80245379]]}}, {"type": "Feature", "properties": {"weight": "heavy", "source": "R-10434.2"}, "geometry": {"type": "LineString", "coordinates": [[-122.45879017, 37.80245379], [-122.45878837, 37.802452]]}}, {"type": "Feature", "properties": {"weight": "heavy", "source": "R-10434.2"}, "geometry": {"type": "LineString", "coordinates": [[-122.45878837, 37.802452], [-122.45878686, 37.8024502]]}}, {"type": "Feature", "properties": {"weight": "heavy", "source": "R-10434.2"}, "geometry": {"type": "LineString", "coordinates": [[-122.45878686, 37.8024502], [-122.45878592, 37.80244839]]}}, {"type": "Feature", "properties": {"weight": "heavy", "source": "R-10434.2"}, "geometry": {"type": "LineString", "coordinates": [[-122.45878592, 37.80244839], [-122.45878499, 37.80244658]]}}, {"type": "Feature", "properties": {"weight": "heavy", "source": "R-10434.2"}, "geometry": {"type": "LineString", "coordinates": [[-122.45878499, 37.80244658], [-122.45878463, 37.80244476]]}}, {"type": "Feature", "properties": {"weight": "heavy", "source": "R-10434.2"}, "geometry": {"type": "LineString", "coordinates": [[-122.45878463, 37.80244476], [-122.45878485, 37.80244292]]}}, {"type": "Feature", "properties": {"weight": "heavy", "source": "R-10434.2"}, "geometry": {"type": "LineString", "coordinates": [[-122.45878485, 37.80244292], [-122.45878507, 37.80244109]]}}, {"type": "Feature", "properties": {"weight": "heavy", "source": "R-10434.2"}, "geometry": {"type": "LineString", "coordinates": [[-122.45878507, 37.80244109], [-122.45878587, 37.80243947]]}}, {"type": "Feature", "properties": {"weight": "heavy", "source": "R-10434.2"}, "geometry": {"type": "LineString", "coordinates": [[-122.45878587, 37.80243947], [-122.45878695, 37.80243761]]}}, {"type": "Feature", "properties": {"weight": "heavy", "source": "R-10434.2"}, "geometry": {"type": "LineString", "coordinates": [[-122.45878695, 37.80243761], [-122.45878804, 37.80243575]]}}, {"type": "Feature", "properties": {"weight": "heavy", "source": "R-10434.2"}, "geometry": {"type": "LineString", "coordinates": [[-122.45878804, 37.80243575], [-122.45878971, 37.80243411]]}}, {"type": "Feature", "properties": {"weight": "heavy", "source": "R-10434.2"}, "geometry": {"type": "LineString", "coordinates": [[-122.45878971, 37.80243411], [-122.45879165, 37.80243223]]}}, {"type": "Feature", "properties": {"weight": "heavy", "source": "R-10434.2"}, "geometry": {"type": "LineString", "coordinates": [[-122.45879165, 37.80243223], [-122.4587936, 37.80243035]]}}, {"type": "Feature", "properties": {"weight": "heavy", "source": "R-10434.2"}, "geometry": {"type": "LineString", "coordinates": [[-122.4587936, 37.80243035], [-122.45879614, 37.80242869]]}}, {"type": "Feature", "properties": {"weight": "heavy", "source": "R-10434.2"}, "geometry": {"type": "LineString", "coordinates": [[-122.45879614, 37.80242869], [-122.45879866, 37.80242679]]}}, {"type": "Feature", "properties": {"weight": "heavy", "source": "R-10434.2"}, "geometry": {"type": "LineString", "coordinates": [[-122.45879866, 37.80242679], [-122.45880119, 37.80242513]]}}, {"type": "Feature", "properties": {"weight": "heavy", "source": "R-10434.2"}, "geometry": {"type": "LineString", "coordinates": [[-122.45880119, 37.80242513], [-122.45880401, 37.80242323]]}}, {"type": "Feature", "properties": {"weight": "heavy", "source": "R-10434.2"}, "geometry": {"type": "LineString", "coordinates": [[-122.45880401, 37.80242323], [-122.45880712, 37.80242155]]}}, {"type": "Feature", "properties": {"weight": "heavy", "source": "R-10434.2"}, "geometry": {"type": "LineString", "coordinates": [[-122.45880712, 37.80242155], [-122.45881362, 37.80241796]]}}, {"type": "Feature", "properties": {"weight": "heavy", "source": "R-10434.2"}, "geometry": {"type": "LineString", "coordinates": [[-122.45881362, 37.80241796], [-122.4588207, 37.80241459]]}}, {"type": "Feature", "properties": {"weight": "heavy", "source": "R-10434.2"}, "geometry": {"type": "LineString", "coordinates": [[-122.4588207, 37.80241459], [-122.45882778, 37.80241098]]}}, {"type": "Feature", "properties": {"weight": "heavy", "source": "R-10434.2"}, "geometry": {"type": "LineString", "coordinates": [[-122.45882778, 37.80241098], [-122.45883514, 37.80240737]]}}, {"type": "Feature", "properties": {"weight": "heavy", "source": "R-10434.2"}, "geometry": {"type": "LineString", "coordinates": [[-122.46632248, 37.80261867], [-122.46621584, 37.80308191]]}}, {"type": "Feature", "properties": {"weight": "heavy", "source": "R-10434.2"}, "geometry": {"type": "LineString", "coordinates": [[-122.46621584, 37.80308191], [-122.46618211, 37.80308273]]}}, {"type": "Feature", "properties": {"weight": "heavy", "source": "R-10434.2"}, "geometry": {"type": "LineString", "coordinates": [[-122.46618211, 37.80308273], [-122.46632248, 37.80261867]]}}, {"type": "Feature", "properties": {"weight": "heavy", "source": "R-10434.2"}, "geometry": {"type": "LineString", "coordinates": [[-122.46446202, 37.80212613], [-122.46400435, 37.80272924]]}}, {"type": "Feature", "properties": {"weight": "heavy", "source": "R-10434.2"}, "geometry": {"type": "LineString", "coordinates": [[-122.46400435, 37.80272924], [-122.46397062, 37.80273006]]}}, {"type": "Feature", "properties": {"weight": "heavy", "source": "R-10434.2"}, "geometry": {"type": "LineString", "coordinates": [[-122.46397062, 37.80273006], [-122.46446202, 37.80212613]]}}, {"type": "Feature", "properties": {"weight": "heavy", "source": "R-10434.2"}, "geometry": {"type": "LineString", "coordinates": [[-122.45961204, 37.80235664], [-122.45961221, 37.80236121]]}}, {"type": "Feature", "properties": {"weight": "heavy", "source": "R-10434.2"}, "geometry": {"type": "LineString", "coordinates": [[-122.45961221, 37.80236121], [-122.45961211, 37.80236602]]}}, {"type": "Feature", "properties": {"weight": "heavy", "source": "R-10434.2"}, "geometry": {"type": "LineString", "coordinates": [[-122.45961211, 37.80236602], [-122.45961199, 37.80237061]]}}, {"type": "Feature", "properties": {"weight": "heavy", "source": "R-10434.2"}, "geometry": {"type": "LineString", "coordinates": [[-122.45961199, 37.80237061], [-122.45961129, 37.80237497]]}}, {"type": "Feature", "properties": {"weight": "heavy", "source": "R-10434.2"}, "geometry": {"type": "LineString", "coordinates": [[-122.45961129, 37.80237497], [-122.45961079, 37.80237705]]}}, {"type": "Feature", "properties": {"weight": "heavy", "source": "R-10434.2"}, "geometry": {"type": "LineString", "coordinates": [[-122.45961079, 37.80237705], [-122.45961001, 37.80237913]]}}, {"type": "Feature", "properties": {"weight": "heavy", "source": "R-10434.2"}, "geometry": {"type": "LineString", "coordinates": [[-122.45961001, 37.80237913], [-122.45960921, 37.80238098]]}}, {"type": "Feature", "properties": {"weight": "heavy", "source": "R-10434.2"}, "geometry": {"type": "LineString", "coordinates": [[-122.45960921, 37.80238098], [-122.45960813, 37.80238283]]}}, {"type": "Feature", "properties": {"weight": "heavy", "source": "R-10434.2"}, "geometry": {"type": "LineString", "coordinates": [[-122.45960813, 37.80238283], [-122.45960705, 37.80238469]]}}, {"type": "Feature", "properties": {"weight": "heavy", "source": "R-10434.2"}, "geometry": {"type": "LineString", "coordinates": [[-122.45960705, 37.80238469], [-122.45960567, 37.80238633]]}}, {"type": "Feature", "properties": {"weight": "heavy", "source": "R-10434.2"}, "geometry": {"type": "LineString", "coordinates": [[-122.45960567, 37.80238633], [-122.459604, 37.80238797]]}}, {"type": "Feature", "properties": {"weight": "heavy", "source": "R-10434.2"}, "geometry": {"type": "LineString", "coordinates": [[-122.459604, 37.80238797], [-122.45960232, 37.80238938]]}}, {"type": "Feature", "properties": {"weight": "heavy", "source": "R-10434.2"}, "geometry": {"type": "LineString", "coordinates": [[-122.45960232, 37.80238938], [-122.45960035, 37.80239081]]}}, {"type": "Feature", "properties": {"weight": "heavy", "source": "R-10434.2"}, "geometry": {"type": "LineString", "coordinates": [[-122.45960035, 37.80239081], [-122.45959809, 37.80239201]]}}, {"type": "Feature", "properties": {"weight": "heavy", "source": "R-10434.2"}, "geometry": {"type": "LineString", "coordinates": [[-122.45959809, 37.80239201], [-122.45959583, 37.8023932]]}}, {"type": "Feature", "properties": {"weight": "heavy", "source": "R-10434.2"}, "geometry": {"type": "LineString", "coordinates": [[-122.45959583, 37.8023932], [-122.45959357, 37.8023944]]}}, {"type": "Feature", "properties": {"weight": "heavy", "source": "R-10434.2"}, "geometry": {"type": "LineString", "coordinates": [[-122.45959357, 37.8023944], [-122.45958816, 37.80239637]]}}, {"type": "Feature", "properties": {"weight": "heavy", "source": "R-10434.2"}, "geometry": {"type": "LineString", "coordinates": [[-122.45958816, 37.80239637], [-122.45958275, 37.80239833]]}}, {"type": "Feature", "properties": {"weight": "heavy", "source": "R-10434.2"}, "geometry": {"type": "LineString", "coordinates": [[-122.45958275, 37.80239833], [-122.45957192, 37.80240179]]}}, {"type": "Feature", "properties": {"weight": "heavy", "source": "R-10434.2"}, "geometry": {"type": "LineString", "coordinates": [[-122.45957192, 37.80240179], [-122.45956651, 37.80240375]]}}, {"type": "Feature", "properties": {"weight": "heavy", "source": "R-10434.2"}, "geometry": {"type": "LineString", "coordinates": [[-122.45956651, 37.80240375], [-122.45956196, 37.80240547]]}}, {"type": "Feature", "properties": {"weight": "heavy", "source": "R-10434.2"}, "geometry": {"type": "LineString", "coordinates": [[-122.45956196, 37.80240547], [-122.4595597, 37.80240667]]}}, {"type": "Feature", "properties": {"weight": "heavy", "source": "R-10434.2"}, "geometry": {"type": "LineString", "coordinates": [[-122.4595597, 37.80240667], [-122.45955771, 37.80240763]]}}, {"type": "Feature", "properties": {"weight": "heavy", "source": "R-10434.2"}, "geometry": {"type": "LineString", "coordinates": [[-122.45955771, 37.80240763], [-122.45955574, 37.80240882]]}}, {"type": "Feature", "properties": {"weight": "heavy", "source": "R-10434.2"}, "geometry": {"type": "LineString", "coordinates": [[-122.45955574, 37.80240882], [-122.45955405, 37.80241001]]}}, {"type": "Feature", "properties": {"weight": "heavy", "source": "R-10434.2"}, "geometry": {"type": "LineString", "coordinates": [[-122.45955405, 37.80241001], [-122.45955266, 37.80241119]]}}, {"type": "Feature", "properties": {"weight": "heavy", "source": "R-10434.2"}, "geometry": {"type": "LineString", "coordinates": [[-122.45955266, 37.80241119], [-122.45955155, 37.80241259]]}}, {"type": "Feature", "properties": {"weight": "heavy", "source": "R-10434.2"}, "geometry": {"type": "LineString", "coordinates": [[-122.45955155, 37.80241259], [-122.45955074, 37.80241398]]}}, {"type": "Feature", "properties": {"weight": "heavy", "source": "R-10434.2"}, "geometry": {"type": "LineString", "coordinates": [[-122.45955074, 37.80241398], [-122.45954994, 37.8024156]]}}, {"type": "Feature", "properties": {"weight": "heavy", "source": "R-10434.2"}, "geometry": {"type": "LineString", "coordinates": [[-122.45954994, 37.8024156], [-122.45954942, 37.80241722]]}}, {"type": "Feature", "properties": {"weight": "heavy", "source": "R-10434.2"}, "geometry": {"type": "LineString", "coordinates": [[-122.45954942, 37.80241722], [-122.4595492, 37.80241882]]}}, {"type": "Feature", "properties": {"weight": "heavy", "source": "R-10434.2"}, "geometry": {"type": "LineString", "coordinates": [[-122.4595492, 37.80241882], [-122.45954897, 37.80242043]]}}, {"type": "Feature", "properties": {"weight": "heavy", "source": "R-10434.2"}, "geometry": {"type": "LineString", "coordinates": [[-122.45954897, 37.80242043], [-122.45954904, 37.80242226]]}}, {"type": "Feature", "properties": {"weight": "heavy", "source": "R-10434.2"}, "geometry": {"type": "LineString", "coordinates": [[-122.45954904, 37.80242226], [-122.4595494, 37.80242409]]}}, {"type": "Feature", "properties": {"weight": "heavy", "source": "R-10434.2"}, "geometry": {"type": "LineString", "coordinates": [[-122.4595494, 37.80242409], [-122.45954976, 37.80242614]]}}, {"type": "Feature", "properties": {"weight": "heavy", "source": "R-10434.2"}, "geometry": {"type": "LineString", "coordinates": [[-122.45954976, 37.80242614], [-122.45955041, 37.80242795]]}}, {"type": "Feature", "properties": {"weight": "heavy", "source": "R-10434.2"}, "geometry": {"type": "LineString", "coordinates": [[-122.45955041, 37.80242795], [-122.45955107, 37.80243]]}}, {"type": "Feature", "properties": {"weight": "heavy", "source": "R-10434.2"}, "geometry": {"type": "LineString", "coordinates": [[-122.45955107, 37.80243], [-122.45955201, 37.80243204]]}}, {"type": "Feature", "properties": {"weight": "heavy", "source": "R-10434.2"}, "geometry": {"type": "LineString", "coordinates": [[-122.45955201, 37.80243204], [-122.45955296, 37.8024343]]}}, {"type": "Feature", "properties": {"weight": "heavy", "source": "R-10434.2"}, "geometry": {"type": "LineString", "coordinates": [[-122.45955296, 37.8024343], [-122.45955514, 37.8024386]]}}, {"type": "Feature", "properties": {"weight": "heavy", "source": "R-10434.2"}, "geometry": {"type": "LineString", "coordinates": [[-122.45955514, 37.8024386], [-122.45955791, 37.80244311]]}}, {"type": "Feature", "properties": {"weight": "heavy", "source": "R-10434.2"}, "geometry": {"type": "LineString", "coordinates": [[-122.45955791, 37.80244311], [-122.45956126, 37.80244761]]}}, {"type": "Feature", "properties": {"weight": "heavy", "source": "R-10434.2"}, "geometry": {"type": "LineString", "coordinates": [[-122.45956126, 37.80244761], [-122.45956461, 37.80245234]]}}, {"type": "Feature", "properties": {"weight": "heavy", "source": "R-10434.2"}, "geometry": {"type": "LineString", "coordinates": [[-122.45956461, 37.80245234], [-122.45956826, 37.80245706]]}}, {"type": "Feature", "properties": {"weight": "heavy", "source": "R-10434.2"}, "geometry": {"type": "LineString", "coordinates": [[-122.45956826, 37.80245706], [-122.45957555, 37.80246673]]}}, {"type": "Feature", "properties": {"weight": "heavy", "source": "R-10434.2"}, "geometry": {"type": "LineString", "coordinates": [[-122.46248472, 37.80138428], [-122.46249204, 37.80137952]]}}, {"type": "Feature", "properties": {"weight": "heavy", "source": "R-10434.2"}, "geometry": {"type": "LineString", "coordinates": [[-122.46249204, 37.80137952], [-122.4624957, 37.80137715]]}}, {"type": "Feature", "properties": {"weight": "heavy", "source": "R-10434.2"}, "geometry": {"type": "LineString", "coordinates": [[-122.4624957, 37.80137715], [-122.46249878, 37.80137478]]}}, {"type": "Feature", "properties": {"weight": "heavy", "source": "R-10434.2"}, "geometry": {"type": "LineString", "coordinates": [[-122.46249878, 37.80137478], [-122.46250186, 37.80137219]]}}, {"type": "Feature", "properties": {"weight": "heavy", "source": "R-10434.2"}, "geometry": {"type": "LineString", "coordinates": [[-122.46250186, 37.80137219], [-122.46250435, 37.80136938]]}}, {"type": "Feature", "properties": {"weight": "heavy", "source": "R-10434.2"}, "geometry": {"type": "LineString", "coordinates": [[-122.46250435, 37.80136938], [-122.46250573, 37.80136775]]}}, {"type": "Feature", "properties": {"weight": "heavy", "source": "R-10434.2"}, "geometry": {"type": "LineString", "coordinates": [[-122.46250573, 37.80136775], [-122.46250654, 37.80136635]]}}, {"type": "Feature", "properties": {"weight": "heavy", "source": "R-10434.2"}, "geometry": {"type": "LineString", "coordinates": [[-122.46250654, 37.80136635], [-122.46250763, 37.80136473]]}}, {"type": "Feature", "properties": {"weight": "heavy", "source": "R-10434.2"}, "geometry": {"type": "LineString", "coordinates": [[-122.46250763, 37.80136473], [-122.46250814, 37.80136288]]}}, {"type": "Feature", "properties": {"weight": "heavy", "source": "R-10434.2"}, "geometry": {"type": "LineString", "coordinates": [[-122.46250814, 37.80136288], [-122.46250894, 37.80136126]]}}, {"type": "Feature", "properties": {"weight": "heavy", "source": "R-10434.2"}, "geometry": {"type": "LineString", "coordinates": [[-122.46250894, 37.80136126], [-122.46250916, 37.80135942]]}}, {"type": "Feature", "properties": {"weight": "heavy", "source": "R-10434.2"}, "geometry": {"type": "LineString", "coordinates": [[-122.46250916, 37.80135942], [-122.46250938, 37.80135759]]}}, {"type": "Feature", "properties": {"weight": "heavy", "source": "R-10434.2"}, "geometry": {"type": "LineString", "coordinates": [[-122.46250938, 37.80135759], [-122.46250959, 37.80135552]]}}, {"type": "Feature", "properties": {"weight": "heavy", "source": "R-10434.2"}, "geometry": {"type": "LineString", "coordinates": [[-122.46250959, 37.80135552], [-122.46250972, 37.8013514]]}}, {"type": "Feature", "properties": {"weight": "heavy", "source": "R-10434.2"}, "geometry": {"type": "LineString", "coordinates": [[-122.46250972, 37.8013514], [-122.46250928, 37.80134728]]}}, {"type": "Feature", "properties": {"weight": "heavy", "source": "R-10434.2"}, "geometry": {"type": "LineString", "coordinates": [[-122.46250928, 37.80134728], [-122.46250853, 37.80134295]]}}, {"type": "Feature", "properties": {"weight": "heavy", "source": "R-10434.2"}, "geometry": {"type": "LineString", "coordinates": [[-122.46250853, 37.80134295], [-122.46250751, 37.80133886]]}}, {"type": "Feature", "properties": {"weight": "heavy", "source": "R-10434.2"}, "geometry": {"type": "LineString", "coordinates": [[-122.46250751, 37.80133886], [-122.46250545, 37.8013302]]}}, {"type": "Feature", "properties": {"weight": "heavy", "source": "R-10434.2"}, "geometry": {"type": "LineString", "coordinates": [[-122.46250545, 37.8013302], [-122.46250443, 37.80132611]]}}, {"type": "Feature", "properties": {"weight": "heavy", "source": "R-10434.2"}, "geometry": {"type": "LineString", "coordinates": [[-122.46250443, 37.80132611], [-122.4625037, 37.80132223]]}}, {"type": "Feature", "properties": {"weight": "heavy", "source": "R-10434.2"}, "geometry": {"type": "LineString", "coordinates": [[-122.4625037, 37.80132223], [-122.46250299, 37.80131882]]}}, {"type": "Feature", "properties": {"weight": "heavy", "source": "R-10434.2"}, "geometry": {"type": "LineString", "coordinates": [[-122.46250299, 37.80131882], [-122.46250292, 37.80131699]]}}, {"type": "Feature", "properties": {"weight": "heavy", "source": "R-10434.2"}, "geometry": {"type": "LineString", "coordinates": [[-122.46250292, 37.80131699], [-122.46250286, 37.80131538]]}}, {"type": "Feature", "properties": {"weight": "heavy", "source": "R-10434.2"}, "geometry": {"type": "LineString", "coordinates": [[-122.46250286, 37.80131538], [-122.4625028, 37.80131378]]}}, {"type": "Feature", "properties": {"weight": "heavy", "source": "R-10434.2"}, "geometry": {"type": "LineString", "coordinates": [[-122.4625028, 37.80131378], [-122.46250304, 37.8013124]]}}, {"type": "Feature", "properties": {"weight": "heavy", "source": "R-10434.2"}, "geometry": {"type": "LineString", "coordinates": [[-122.46250304, 37.8013124], [-122.46250327, 37.80131102]]}}, {"type": "Feature", "properties": {"weight": "heavy", "source": "R-10434.2"}, "geometry": {"type": "LineString", "coordinates": [[-122.46250327, 37.80131102], [-122.46250352, 37.80130987]]}}, {"type": "Feature", "properties": {"weight": "heavy", "source": "R-10434.2"}, "geometry": {"type": "LineString", "coordinates": [[-122.46250352, 37.80130987], [-122.46250405, 37.80130872]]}}, {"type": "Feature", "properties": {"weight": "heavy", "source": "R-10434.2"}, "geometry": {"type": "LineString", "coordinates": [[-122.46250405, 37.80130872], [-122.46250488, 37.80130778]]}}, {"type": "Feature", "properties": {"weight": "heavy", "source": "R-10434.2"}, "geometry": {"type": "LineString", "coordinates": [[-122.46250488, 37.80130778], [-122.46250572, 37.80130707]]}}, {"type": "Feature", "properties": {"weight": "heavy", "source": "R-10434.2"}, "geometry": {"type": "LineString", "coordinates": [[-122.46250572, 37.80130707], [-122.46250685, 37.80130636]]}}, {"type": "Feature", "properties": {"weight": "heavy", "source": "R-10434.2"}, "geometry": {"type": "LineString", "coordinates": [[-122.46250685, 37.80130636], [-122.46250797, 37.80130565]]}}, {"type": "Feature", "properties": {"weight": "heavy", "source": "R-10434.2"}, "geometry": {"type": "LineString", "coordinates": [[-122.46250797, 37.80130565], [-122.46250969, 37.80130537]]}}, {"type": "Feature", "properties": {"weight": "heavy", "source": "R-10434.2"}, "geometry": {"type": "LineString", "coordinates": [[-122.46250969, 37.80130537], [-122.46251113, 37.80130511]]}}, {"type": "Feature", "properties": {"weight": "heavy", "source": "R-10434.2"}, "geometry": {"type": "LineString", "coordinates": [[-122.46251113, 37.80130511], [-122.46251285, 37.80130484]]}}, {"type": "Feature", "properties": {"weight": "heavy", "source": "R-10434.2"}, "geometry": {"type": "LineString", "coordinates": [[-122.46251285, 37.80130484], [-122.46251486, 37.80130479]]}}, {"type": "Feature", "properties": {"weight": "heavy", "source": "R-10434.2"}, "geometry": {"type": "LineString", "coordinates": [[-122.46251486, 37.80130479], [-122.46251688, 37.80130474]]}}, {"type": "Feature", "properties": {"weight": "heavy", "source": "R-10434.2"}, "geometry": {"type": "LineString", "coordinates": [[-122.46251688, 37.80130474], [-122.4625192, 37.80130492]]}}, {"type": "Feature", "properties": {"weight": "heavy", "source": "R-10434.2"}, "geometry": {"type": "LineString", "coordinates": [[-122.4625192, 37.80130492], [-122.46252151, 37.80130509]]}}, {"type": "Feature", "properties": {"weight": "heavy", "source": "R-10434.2"}, "geometry": {"type": "LineString", "coordinates": [[-122.46252151, 37.80130509], [-122.46252615, 37.80130567]]}}, {"type": "Feature", "properties": {"weight": "heavy", "source": "R-10434.2"}, "geometry": {"type": "LineString", "coordinates": [[-122.46252615, 37.80130567], [-122.46253138, 37.80130646]]}}, {"type": "Feature", "properties": {"weight": "heavy", "source": "R-10434.2"}, "geometry": {"type": "LineString", "coordinates": [[-122.46253138, 37.80130646], [-122.46254183, 37.80130826]]}}, {"type": "Feature", "properties": {"weight": "heavy", "source": "R-10434.2"}, "geometry": {"type": "LineString", "coordinates": [[-122.46254183, 37.80130826], [-122.46254705, 37.80130883]]}}, {"type": "Feature", "properties": {"weight": "heavy", "source": "R-10434.2"}, "geometry": {"type": "LineString", "coordinates": [[-122.46254705, 37.80130883], [-122.46255227, 37.80130962]]}}, {"type": "Feature", "properties": {"weight": "heavy", "source": "R-10434.2"}, "geometry": {"type": "LineString", "coordinates": [[-122.46255227, 37.80130962], [-122.4625569, 37.80130996]]}}, {"type": "Feature", "properties": {"weight": "heavy", "source": "R-10434.2"}, "geometry": {"type": "LineString", "coordinates": [[-122.4625569, 37.80130996], [-122.46255921, 37.80130991]]}}, {"type": "Feature", "properties": {"weight": "heavy", "source": "R-10434.2"}, "geometry": {"type": "LineString", "coordinates": [[-122.46255921, 37.80130991], [-122.46256152, 37.80130985]]}}, {"type": "Feature", "properties": {"weight": "heavy", "source": "R-10434.2"}, "geometry": {"type": "LineString", "coordinates": [[-122.46256152, 37.80130985], [-122.46256353, 37.8013098]]}}, {"type": "Feature", "properties": {"weight": "heavy", "source": "R-10434.2"}, "geometry": {"type": "LineString", "coordinates": [[-122.46256353, 37.8013098], [-122.46256526, 37.80130953]]}}, {"type": "Feature", "properties": {"weight": "heavy", "source": "R-10434.2"}, "geometry": {"type": "LineString", "coordinates": [[-122.46256526, 37.80130953], [-122.46256726, 37.80130903]]}}, {"type": "Feature", "properties": {"weight": "heavy", "source": "R-10434.2"}, "geometry": {"type": "LineString", "coordinates": [[-122.46256726, 37.80130903], [-122.46256868, 37.80130853]]}}, {"type": "Feature", "properties": {"weight": "heavy", "source": "R-10434.2"}, "geometry": {"type": "LineString", "coordinates": [[-122.46256868, 37.80130853], [-122.4625701, 37.80130781]]}}, {"type": "Feature", "properties": {"weight": "heavy", "source": "R-10434.2"}, "geometry": {"type": "LineString", "coordinates": [[-122.4625701, 37.80130781], [-122.46257151, 37.80130709]]}}, {"type": "Feature", "properties": {"weight": "heavy", "source": "R-10434.2"}, "geometry": {"type": "LineString", "coordinates": [[-122.46257151, 37.80130709], [-122.46257263, 37.80130615]]}}, {"type": "Feature", "properties": {"weight": "heavy", "source": "R-10434.2"}, "geometry": {"type": "LineString", "coordinates": [[-122.46257263, 37.80130615], [-122.46257345, 37.80130499]]}}, {"type": "Feature", "properties": {"weight": "heavy", "source": "R-10434.2"}, "geometry": {"type": "LineString", "coordinates": [[-122.46257345, 37.80130499], [-122.46257427, 37.80130382]]}}, {"type": "Feature", "properties": {"weight": "heavy", "source": "R-10434.2"}, "geometry": {"type": "LineString", "coordinates": [[-122.46257427, 37.80130382], [-122.46257509, 37.80130266]]}}, {"type": "Feature", "properties": {"weight": "heavy", "source": "R-10434.2"}, "geometry": {"type": "LineString", "coordinates": [[-122.46257509, 37.80130266], [-122.46257562, 37.80130127]]}}, {"type": "Feature", "properties": {"weight": "heavy", "source": "R-10434.2"}, "geometry": {"type": "LineString", "coordinates": [[-122.46257562, 37.80130127], [-122.46257613, 37.80129965]]}}, {"type": "Feature", "properties": {"weight": "heavy", "source": "R-10434.2"}, "geometry": {"type": "LineString", "coordinates": [[-122.46257613, 37.80129965], [-122.46257636, 37.80129805]]}}, {"type": "Feature", "properties": {"weight": "heavy", "source": "R-10434.2"}, "geometry": {"type": "LineString", "coordinates": [[-122.46257636, 37.80129805], [-122.46257687, 37.80129643]]}}, {"type": "Feature", "properties": {"weight": "heavy", "source": "R-10434.2"}, "geometry": {"type": "LineString", "coordinates": [[-122.46257687, 37.80129643], [-122.46257703, 37.80129299]]}}, {"type": "Feature", "properties": {"weight": "heavy", "source": "R-10434.2"}, "geometry": {"type": "LineString", "coordinates": [[-122.46257703, 37.80129299], [-122.46257717, 37.8012891]]}}, {"type": "Feature", "properties": {"weight": "heavy", "source": "R-10434.2"}, "geometry": {"type": "LineString", "coordinates": [[-122.46257717, 37.8012891], [-122.46257731, 37.8012852]]}}, {"type": "Feature", "properties": {"weight": "heavy", "source": "R-10434.2"}, "geometry": {"type": "LineString", "coordinates": [[-122.46257731, 37.8012852], [-122.46257699, 37.80127674]]}}, {"type": "Feature", "properties": {"weight": "heavy", "source": "R-10434.2"}, "geometry": {"type": "LineString", "coordinates": [[-122.46257699, 37.80127674], [-122.46257666, 37.80126827]]}}, {"type": "Feature", "properties": {"weight": "heavy", "source": "R-10434.2"}, "geometry": {"type": "LineString", "coordinates": [[-122.46257666, 37.80126827], [-122.46257679, 37.80126392]]}}, {"type": "Feature", "properties": {"weight": "heavy", "source": "R-10434.2"}, "geometry": {"type": "LineString", "coordinates": [[-122.46257679, 37.80126392], [-122.46257721, 37.80126002]]}}, {"type": "Feature", "properties": {"weight": "heavy", "source": "R-10434.2"}, "geometry": {"type": "LineString", "coordinates": [[-122.46257721, 37.80126002], [-122.46257792, 37.80125588]]}}, {"type": "Feature", "properties": {"weight": "heavy", "source": "R-10434.2"}, "geometry": {"type": "LineString", "coordinates": [[-122.46257792, 37.80125588], [-122.46257922, 37.80125219]]}}, {"type": "Feature", "properties": {"weight": "heavy", "source": "R-10434.2"}, "geometry": {"type": "LineString", "coordinates": [[-122.46257922, 37.80125219], [-122.46258053, 37.80124872]]}}, {"type": "Feature", "properties": {"weight": "heavy", "source": "R-10434.2"}, "geometry": {"type": "LineString", "coordinates": [[-122.46258053, 37.80124872], [-122.46258272, 37.80124546]]}}, {"type": "Feature", "properties": {"weight": "heavy", "source": "R-10434.2"}, "geometry": {"type": "LineString", "coordinates": [[-122.46258272, 37.80124546], [-122.46258491, 37.80124243]]}}, {"type": "Feature", "properties": {"weight": "heavy", "source": "R-10434.2"}, "geometry": {"type": "LineString", "coordinates": [[-122.46258491, 37.80124243], [-122.4625874, 37.80123962]]}}, {"type": "Feature", "properties": {"weight": "heavy", "source": "R-10434.2"}, "geometry": {"type": "LineString", "coordinates": [[-122.4625874, 37.80123962], [-122.46259019, 37.80123704]]}}, {"type": "Feature", "properties": {"weight": "heavy", "source": "R-10434.2"}, "geometry": {"type": "LineString", "coordinates": [[-122.46259019, 37.80123704], [-122.46259326, 37.80123445]]}}, {"type": "Feature", "properties": {"weight": "heavy", "source": "R-10434.2"}, "geometry": {"type": "LineString", "coordinates": [[-122.46259326, 37.80123445], [-122.46259662, 37.80123185]]}}, {"type": "Feature", "properties": {"weight": "heavy", "source": "R-10434.2"}, "geometry": {"type": "LineString", "coordinates": [[-122.46259662, 37.80123185], [-122.4626, 37.80122948]]}}, {"type": "Feature", "properties": {"weight": "heavy", "source": "R-10434.2"}, "geometry": {"type": "LineString", "coordinates": [[-122.4626, 37.80122948], [-122.46260703, 37.80122473]]}}, {"type": "Feature", "properties": {"weight": "heavy", "source": "R-10434.2"}, "geometry": {"type": "LineString", "coordinates": [[-122.46231058, 37.80135802], [-122.46230745, 37.80135168]]}}, {"type": "Feature", "properties": {"weight": "heavy", "source": "R-10434.2"}, "geometry": {"type": "LineString", "coordinates": [[-122.46230745, 37.80135168], [-122.4623049, 37.80134533]]}}, {"type": "Feature", "properties": {"weight": "heavy", "source": "R-10434.2"}, "geometry": {"type": "LineString", "coordinates": [[-122.4623049, 37.80134533], [-122.46230237, 37.80133944]]}}, {"type": "Feature", "properties": {"weight": "heavy", "source": "R-10434.2"}, "geometry": {"type": "LineString", "coordinates": [[-122.46230237, 37.80133944], [-122.4623011, 37.8013365]]}}, {"type": "Feature", "properties": {"weight": "heavy", "source": "R-10434.2"}, "geometry": {"type": "LineString", "coordinates": [[-122.4623011, 37.8013365], [-122.46230041, 37.80133354]]}}, {"type": "Feature", "properties": {"weight": "heavy", "source": "R-10434.2"}, "geometry": {"type": "LineString", "coordinates": [[-122.46230041, 37.80133354], [-122.46229943, 37.80133058]]}}, {"type": "Feature", "properties": {"weight": "heavy", "source": "R-10434.2"}, "geometry": {"type": "LineString", "coordinates": [[-122.46229943, 37.80133058], [-122.46229875, 37.80132785]]}}, {"type": "Feature", "properties": {"weight": "heavy", "source": "R-10434.2"}, "geometry": {"type": "LineString", "coordinates": [[-122.46229875, 37.80132785], [-122.46229837, 37.80132534]]}}, {"type": "Feature", "properties": {"weight": "heavy", "source": "R-10434.2"}, "geometry": {"type": "LineString", "coordinates": [[-122.46229837, 37.80132534], [-122.46229827, 37.80132283]]}}, {"type": "Feature", "properties": {"weight": "heavy", "source": "R-10434.2"}, "geometry": {"type": "LineString", "coordinates": [[-122.46229827, 37.80132283], [-122.46229817, 37.80132031]]}}, {"type": "Feature", "properties": {"weight": "heavy", "source": "R-10434.2"}, "geometry": {"type": "LineString", "coordinates": [[-122.46229817, 37.80132031], [-122.46229837, 37.80131802]]}}, {"type": "Feature", "properties": {"weight": "heavy", "source": "R-10434.2"}, "geometry": {"type": "LineString", "coordinates": [[-122.46229837, 37.80131802], [-122.46229887, 37.80131594]]}}, {"type": "Feature", "properties": {"weight": "heavy", "source": "R-10434.2"}, "geometry": {"type": "LineString", "coordinates": [[-122.46229887, 37.80131594], [-122.46229966, 37.80131386]]}}, {"type": "Feature", "properties": {"weight": "heavy", "source": "R-10434.2"}, "geometry": {"type": "LineString", "coordinates": [[-122.46229966, 37.80131386], [-122.46230074, 37.80131201]]}}, {"type": "Feature", "properties": {"weight": "heavy", "source": "R-10434.2"}, "geometry": {"type": "LineString", "coordinates": [[-122.46230074, 37.80131201], [-122.46230212, 37.80131037]]}}, {"type": "Feature", "properties": {"weight": "heavy", "source": "R-10434.2"}, "geometry": {"type": "LineString", "coordinates": [[-122.46230212, 37.80131037], [-122.46230408, 37.80130872]]}}, {"type": "Feature", "properties": {"weight": "heavy", "source": "R-10434.2"}, "geometry": {"type": "LineString", "coordinates": [[-122.46230408, 37.80130872], [-122.46230604, 37.8013073]]}}, {"type": "Feature", "properties": {"weight": "heavy", "source": "R-10434.2"}, "geometry": {"type": "LineString", "coordinates": [[-122.46230604, 37.8013073], [-122.46230802, 37.80130611]]}}, {"type": "Feature", "properties": {"weight": "heavy", "source": "R-10434.2"}, "geometry": {"type": "LineString", "coordinates": [[-122.46230802, 37.80130611], [-122.46231057, 37.8013049]]}}, {"type": "Feature", "properties": {"weight": "heavy", "source": "R-10434.2"}, "geometry": {"type": "LineString", "coordinates": [[-122.46231057, 37.8013049], [-122.46231342, 37.80130392]]}}, {"type": "Feature", "properties": {"weight": "heavy", "source": "R-10434.2"}, "geometry": {"type": "LineString", "coordinates": [[-122.46231342, 37.80130392], [-122.46231627, 37.80130293]]}}, {"type": "Feature", "properties": {"weight": "heavy", "source": "R-10434.2"}, "geometry": {"type": "LineString", "coordinates": [[-122.46231627, 37.80130293], [-122.4623194, 37.80130194]]}}, {"type": "Feature", "properties": {"weight": "heavy", "source": "R-10434.2"}, "geometry": {"type": "LineString", "coordinates": [[-122.4623194, 37.80130194], [-122.46232255, 37.80130118]]}}, {"type": "Feature", "properties": {"weight": "heavy", "source": "R-10434.2"}, "geometry": {"type": "LineString", "coordinates": [[-122.46232255, 37.80130118], [-122.46232598, 37.80130041]]}}, {"type": "Feature", "properties": {"weight": "heavy", "source": "R-10434.2"}, "geometry": {"type": "LineString", "coordinates": [[-122.46232598, 37.80130041], [-122.46232941, 37.80129964]]}}, {"type": "Feature", "properties": {"weight": "heavy", "source": "R-10434.2"}, "geometry": {"type": "LineString", "coordinates": [[-122.46232941, 37.80129964], [-122.46233687, 37.80129832]]}}, {"type": "Feature", "properties": {"weight": "heavy", "source": "R-10434.2"}, "geometry": {"type": "LineString", "coordinates": [[-122.46233687, 37.80129832], [-122.46234461, 37.80129698]]}}, {"type": "Feature", "properties": {"weight": "heavy", "source": "R-10434.2"}, "geometry": {"type": "LineString", "coordinates": [[-122.46234461, 37.80129698], [-122.46236037, 37.80129432]]}}, {"type": "Feature", "properties": {"weight": "heavy", "source": "R-10434.2"}, "geometry": {"type": "LineString", "coordinates": [[-122.46236037, 37.80129432], [-122.46236811, 37.80129276]]}}, {"type": "Feature", "properties": {"weight": "heavy", "source": "R-10434.2"}, "geometry": {"type": "LineString", "coordinates": [[-122.46236811, 37.80129276], [-122.46237183, 37.80129198]]}}, {"type": "Feature", "properties": {"weight": "heavy", "source": "R-10434.2"}, "geometry": {"type": "LineString", "coordinates": [[-122.46237183, 37.80129198], [-122.46237554, 37.80129097]]}}, {"type": "Feature", "properties": {"weight": "heavy", "source": "R-10434.2"}, "geometry": {"type": "LineString", "coordinates": [[-122.46237554, 37.80129097], [-122.46237896, 37.80128998]]}}, {"type": "Feature", "properties": {"weight": "heavy", "source": "R-10434.2"}, "geometry": {"type": "LineString", "coordinates": [[-122.46237896, 37.80128998], [-122.46238238, 37.80128875]]}}, {"type": "Feature", "properties": {"weight": "heavy", "source": "R-10434.2"}, "geometry": {"type": "LineString", "coordinates": [[-122.46238238, 37.80128875], [-122.4623858, 37.80128752]]}}, {"type": "Feature", "properties": {"weight": "heavy", "source": "R-10434.2"}, "geometry": {"type": "LineString", "coordinates": [[-122.4623858, 37.80128752], [-122.46238892, 37.80128607]]}}, {"type": "Feature", "properties": {"weight": "heavy", "source": "R-10434.2"}, "geometry": {"type": "LineString", "coordinates": [[-122.46238892, 37.80128607], [-122.46239175, 37.80128463]]}}, {"type": "Feature", "properties": {"weight": "heavy", "source": "R-10434.2"}, "geometry": {"type": "LineString", "coordinates": [[-122.46239175, 37.80128463], [-122.46239457, 37.80128296]]}}, {"type": "Feature", "properties": {"weight": "heavy", "source": "R-10434.2"}, "geometry": {"type": "LineString", "coordinates": [[-122.46239457, 37.80128296], [-122.4623971, 37.8012813]]}}, {"type": "Feature", "properties": {"weight": "heavy", "source": "R-10434.2"}, "geometry": {"type": "LineString", "coordinates": [[-122.4623971, 37.8012813], [-122.46239963, 37.8012794]]}}, {"type": "Feature", "properties": {"weight": "heavy", "source": "R-10434.2"}, "geometry": {"type": "LineString", "coordinates": [[-122.46239963, 37.8012794], [-122.46240185, 37.80127729]]}}, {"type": "Feature", "properties": {"weight": "heavy", "source": "R-10434.2"}, "geometry": {"type": "LineString", "coordinates": [[-122.46240185, 37.80127729], [-122.46240379, 37.80127518]]}}, {"type": "Feature", "properties": {"weight": "heavy", "source": "R-10434.2"}, "geometry": {"type": "LineString", "coordinates": [[-122.46240379, 37.80127518], [-122.46240573, 37.80127308]]}}, {"type": "Feature", "properties": {"weight": "heavy", "source": "R-10434.2"}, "geometry": {"type": "LineString", "coordinates": [[-122.46240573, 37.80127308], [-122.46240766, 37.80127074]]}}, {"type": "Feature", "properties": {"weight": "heavy", "source": "R-10434.2"}, "geometry": {"type": "LineString", "coordinates": [[-122.46240766, 37.80127074], [-122.4624093, 37.80126841]]}}, {"type": "Feature", "properties": {"weight": "heavy", "source": "R-10434.2"}, "geometry": {"type": "LineString", "coordinates": [[-122.4624093, 37.80126841], [-122.46241094, 37.80126585]]}}, {"type": "Feature", "properties": {"weight": "heavy", "source": "R-10434.2"}, "geometry": {"type": "LineString", "coordinates": [[-122.46241094, 37.80126585], [-122.46241392, 37.80126074]]}}, {"type": "Feature", "properties": {"weight": "heavy", "source": "R-10434.2"}, "geometry": {"type": "LineString", "coordinates": [[-122.46241392, 37.80126074], [-122.4624166, 37.80125541]]}}, {"type": "Feature", "properties": {"weight": "heavy", "source": "R-10434.2"}, "geometry": {"type": "LineString", "coordinates": [[-122.4624166, 37.80125541], [-122.46241899, 37.80125009]]}}, {"type": "Feature", "properties": {"weight": "heavy", "source": "R-10434.2"}, "geometry": {"type": "LineString", "coordinates": [[-122.46241899, 37.80125009], [-122.46242346, 37.80123876]]}}, {"type": "Feature", "properties": {"weight": "heavy", "source": "R-10434.2"}, "geometry": {"type": "LineString", "coordinates": [[-122.46064758, 37.79967258], [-122.4596772, 37.79969592]]}}, {"type": "Feature", "properties": {"weight": "heavy", "source": "R-10434.2"}, "geometry": {"type": "LineString", "coordinates": [[-122.46166523, 37.7996481], [-122.46064758, 37.79967258]]}}, {"type": "Feature", "properties": {"weight": "heavy", "source": "R-10434.2"}, "geometry": {"type": "LineString", "coordinates": [[-122.46823957, 37.801734], [-122.46824932, 37.8020337]]}}, {"type": "Feature", "properties": {"weight": "heavy", "source": "R-10434.2"}, "geometry": {"type": "LineString", "coordinates": [[-122.46825634, 37.8022396], [-122.46826307, 37.8024455]]}}, {"type": "Feature", "properties": {"weight": "heavy", "source": "R-10434.2"}, "geometry": {"type": "LineString", "coordinates": [[-122.46826981, 37.8026514], [-122.46827654, 37.80285731]]}}, {"type": "Feature", "properties": {"weight": "heavy", "source": "R-10434.2"}, "geometry": {"type": "LineString", "coordinates": [[-122.46828327, 37.80306321], [-122.46829332, 37.80336313]]}}, {"type": "Feature", "properties": {"weight": "heavy", "source": "R-10434.2"}, "geometry": {"type": "LineString", "coordinates": [[-122.45849567, 37.80226052], [-122.45868996, 37.80276163]]}}, {"type": "Feature", "properties": {"weight": "heavy", "source": "R-10434.2"}, "geometry": {"type": "LineString", "coordinates": [[-122.45868996, 37.80276163], [-122.45843481, 37.80248797]]}}, {"type": "Feature", "properties": {"weight": "heavy", "source": "R-10434.2"}, "geometry": {"type": "LineString", "coordinates": [[-122.4579252, 37.80146715], [-122.45793337, 37.80171904]]}}, {"type": "Feature", "properties": {"weight": "heavy", "source": "R-10434.2"}, "geometry": {"type": "LineString", "coordinates": [[-122.45794008, 37.80192494], [-122.45794678, 37.80213084]]}}, {"type": "Feature", "properties": {"weight": "heavy", "source": "R-10434.2"}, "geometry": {"type": "LineString", "coordinates": [[-122.45795349, 37.80233675], [-122.45796048, 37.80254264]]}}, {"type": "Feature", "properties": {"weight": "heavy", "source": "R-10434.2"}, "geometry": {"type": "LineString", "coordinates": [[-122.45796719, 37.80274855], [-122.45797389, 37.80295445]]}}, {"type": "Feature", "properties": {"weight": "heavy", "source": "R-10434.2"}, "geometry": {"type": "LineString", "coordinates": [[-122.46781135, 37.79987325], [-122.46781527, 37.79987018]]}}, {"type": "Feature", "properties": {"weight": "heavy", "source": "R-10434.2"}, "geometry": {"type": "LineString", "coordinates": [[-122.46781527, 37.79987018], [-122.46781883, 37.79986529]]}}, {"type": "Feature", "properties": {"weight": "heavy", "source": "R-10434.2"}, "geometry": {"type": "LineString", "coordinates": [[-122.46781883, 37.79986529], [-122.46782263, 37.79985901]]}}, {"type": "Feature", "properties": {"weight": "heavy", "source": "R-10434.2"}, "geometry": {"type": "LineString", "coordinates": [[-122.46782263, 37.79985901], [-122.46782436, 37.79985142]]}}, {"type": "Feature", "properties": {"weight": "heavy", "source": "R-10434.2"}, "geometry": {"type": "LineString", "coordinates": [[-122.46782436, 37.79985142], [-122.46782412, 37.79984524]]}}, {"type": "Feature", "properties": {"weight": "heavy", "source": "R-10434.2"}, "geometry": {"type": "LineString", "coordinates": [[-122.46782412, 37.79984524], [-122.46782181, 37.79983751]]}}, {"type": "Feature", "properties": {"weight": "heavy", "source": "R-10434.2"}, "geometry": {"type": "LineString", "coordinates": [[-122.46782181, 37.79983751], [-122.46781754, 37.79983143]]}}, {"type": "Feature", "properties": {"weight": "heavy", "source": "R-10434.2"}, "geometry": {"type": "LineString", "coordinates": [[-122.46781754, 37.79983143], [-122.46781361, 37.79982695]]}}, {"type": "Feature", "properties": {"weight": "heavy", "source": "R-10434.2"}, "geometry": {"type": "LineString", "coordinates": [[-122.46781361, 37.79982695], [-122.46780945, 37.79982384]]}}, {"type": "Feature", "properties": {"weight": "heavy", "source": "R-10434.2"}, "geometry": {"type": "LineString", "coordinates": [[-122.46745733, 37.79988179], [-122.46745318, 37.79987891]]}}, {"type": "Feature", "properties": {"weight": "heavy", "source": "R-10434.2"}, "geometry": {"type": "LineString", "coordinates": [[-122.46745318, 37.79987891], [-122.46744925, 37.7998742]]}}, {"type": "Feature", "properties": {"weight": "heavy", "source": "R-10434.2"}, "geometry": {"type": "LineString", "coordinates": [[-122.46744925, 37.7998742], [-122.46744498, 37.79986812]]}}, {"type": "Feature", "properties": {"weight": "heavy", "source": "R-10434.2"}, "geometry": {"type": "LineString", "coordinates": [[-122.46744498, 37.79986812], [-122.46744296, 37.79986061]]}}, {"type": "Feature", "properties": {"weight": "heavy", "source": "R-10434.2"}, "geometry": {"type": "LineString", "coordinates": [[-122.46744296, 37.79986061], [-122.46744272, 37.79985444]]}}, {"type": "Feature", "properties": {"weight": "heavy", "source": "R-10434.2"}, "geometry": {"type": "LineString", "coordinates": [[-122.46744272, 37.79985444], [-122.46744415, 37.79984662]]}}, {"type": "Feature", "properties": {"weight": "heavy", "source": "R-10434.2"}, "geometry": {"type": "LineString", "coordinates": [[-122.46744415, 37.79984662], [-122.46744795, 37.79984035]]}}, {"type": "Feature", "properties": {"weight": "heavy", "source": "R-10434.2"}, "geometry": {"type": "LineString", "coordinates": [[-122.46744795, 37.79984035], [-122.46745152, 37.79983568]]}}, {"type": "Feature", "properties": {"weight": "heavy", "source": "R-10434.2"}, "geometry": {"type": "LineString", "coordinates": [[-122.46745152, 37.79983568], [-122.46745544, 37.79983238]]}}, {"type": "Feature", "properties": {"weight": "heavy", "source": "R-10434.2"}, "geometry": {"type": "LineString", "coordinates": [[-122.46809791, 37.79982124], [-122.46743456, 37.79983723]]}}, {"type": "Feature", "properties": {"weight": "heavy", "source": "R-10434.2"}, "geometry": {"type": "LineString", "coordinates": [[-122.45789494, 37.80226191], [-122.45799043, 37.8020421]]}}, {"type": "Feature", "properties": {"weight": "heavy", "source": "R-10434.2"}, "geometry": {"type": "LineString", "coordinates": [[-122.45799043, 37.8020421], [-122.45802429, 37.80202961]]}}, {"type": "Feature", "properties": {"weight": "heavy", "source": "R-10434.2"}, "geometry": {"type": "LineString", "coordinates": [[-122.457938, 37.80226362], [-122.45794059, 37.80225578]]}}, {"type": "Feature", "properties": {"weight": "heavy", "source": "R-10434.2"}, "geometry": {"type": "LineString", "coordinates": [[-122.45794059, 37.80225578], [-122.45794218, 37.80225208]]}}, {"type": "Feature", "properties": {"weight": "heavy", "source": "R-10434.2"}, "geometry": {"type": "LineString", "coordinates": [[-122.45794218, 37.80225208], [-122.45794406, 37.80224837]]}}, {"type": "Feature", "properties": {"weight": "heavy", "source": "R-10434.2"}, "geometry": {"type": "LineString", "coordinates": [[-122.45794406, 37.80224837], [-122.45794622, 37.80224465]]}}, {"type": "Feature", "properties": {"weight": "heavy", "source": "R-10434.2"}, "geometry": {"type": "LineString", "coordinates": [[-122.45794622, 37.80224465], [-122.45794869, 37.80224139]]}}, {"type": "Feature", "properties": {"weight": "heavy", "source": "R-10434.2"}, "geometry": {"type": "LineString", "coordinates": [[-122.45794869, 37.80224139], [-122.45795146, 37.80223811]]}}, {"type": "Feature", "properties": {"weight": "heavy", "source": "R-10434.2"}, "geometry": {"type": "LineString", "coordinates": [[-122.45795146, 37.80223811], [-122.4579545, 37.80223484]]}}, {"type": "Feature", "properties": {"weight": "heavy", "source": "R-10434.2"}, "geometry": {"type": "LineString", "coordinates": [[-122.4579545, 37.80223484], [-122.4579612, 37.80222872]]}}, {"type": "Feature", "properties": {"weight": "heavy", "source": "R-10434.2"}, "geometry": {"type": "LineString", "coordinates": [[-122.4579612, 37.80222872], [-122.45796877, 37.80222305]]}}, {"type": "Feature", "properties": {"weight": "heavy", "source": "R-10434.2"}, "geometry": {"type": "LineString", "coordinates": [[-122.45796877, 37.80222305], [-122.4579848, 37.80221213]]}}, {"type": "Feature", "properties": {"weight": "light", "source": "R-10434.2"}, "geometry": {"type": "LineString", "coordinates": [[-122.46145426, 37.80119088], [-122.46146951, 37.80120607], [-122.46148546, 37.80122075], [-122.46150209, 37.80123492], [-122.46151938, 37.80124855], [-122.46153731, 37.80126164], [-122.46155586, 37.80127417], [-122.461575, 37.80128613], [-122.46159473, 37.80129749], [-122.46161501, 37.80130826], [-122.46163582, 37.8013184], [-122.46165715, 37.80132792]]}}, {"type": "Feature", "properties": {"weight": "light", "source": "R-10434.2"}, "geometry": {"type": "LineString", "coordinates": [[-122.46165706, 37.8013277], [-122.46166357, 37.80133046], [-122.46167011, 37.80133318], [-122.46167667, 37.80133587], [-122.46168325, 37.80133853], [-122.46168985, 37.80134115], [-122.46169647, 37.80134375], [-122.46170311, 37.80134631], [-122.46170977, 37.80134883], [-122.46171645, 37.80135133], [-122.46172315, 37.80135379], [-122.46172987, 37.80135622]]}}, {"type": "Feature", "properties": {"weight": "light", "source": "R-10434.2"}, "geometry": {"type": "LineString", "coordinates": [[-122.46172987, 37.80135622], [-122.46178113, 37.80137346], [-122.46183323, 37.80138873], [-122.46188607, 37.80140204], [-122.46193956, 37.80141335], [-122.46199362, 37.80142267], [-122.46204815, 37.80142997], [-122.46210306, 37.80143526], [-122.46215827, 37.80143851], [-122.46221369, 37.80143971], [-122.46226922, 37.80143885], [-122.46232478, 37.80143593]]}}, {"type": "Feature", "properties": {"weight": "light", "source": "R-10434.2"}, "geometry": {"type": "LineString", "coordinates": [[-122.4623251, 37.80143598], [-122.46253978, 37.8014205]]}}, {"type": "Feature", "properties": {"weight": "light", "source": "R-10434.2"}, "geometry": {"type": "LineString", "coordinates": [[-122.46265262, 37.80141646], [-122.46264554, 37.80141652], [-122.46263846, 37.80141661], [-122.46263138, 37.80141672], [-122.4626243, 37.80141687], [-122.46261722, 37.80141704], [-122.46261015, 37.80141724], [-122.46260307, 37.80141747], [-122.462596, 37.80141773], [-122.46258893, 37.80141802], [-122.46258186, 37.80141834], [-122.46257479, 37.80141868]]}}, {"type": "Feature", "properties": {"weight": "light", "source": "R-10434.2"}, "geometry": {"type": "LineString", "coordinates": [[-122.46316333, 37.80149055], [-122.46311867, 37.80147753], [-122.46307353, 37.80146574], [-122.46302796, 37.8014552], [-122.46298199, 37.80144591], [-122.46293567, 37.80143788], [-122.46288904, 37.80143112], [-122.46284213, 37.80142562], [-122.462795, 37.8014214], [-122.46274767, 37.80141846], [-122.4627002, 37.80141682], [-122.46265262, 37.80141646]]}}, {"type": "Feature", "properties": {"weight": "light", "source": "R-10434.2"}, "geometry": {"type": "LineString", "coordinates": [[-122.46332635, 37.80154032], [-122.46394246, 37.80172972]]}}, {"type": "Feature", "properties": {"weight": "light", "source": "R-10434.2"}, "geometry": {"type": "LineString", "coordinates": [[-122.4639423, 37.8017298], [-122.46400469, 37.80174667], [-122.46406812, 37.80175935], [-122.46413228, 37.80176785], [-122.46419685, 37.80177219], [-122.46426149, 37.8017724], [-122.4643259, 37.80176848], [-122.46438976, 37.80176046], [-122.46445273, 37.80174837], [-122.46451451, 37.80173221], [-122.46457477, 37.80171201], [-122.46463319, 37.80168779]]}}, {"type": "Feature", "properties": {"weight": "light", "source": "R-10434.2"}, "geometry": {"type": "LineString", "coordinates": [[-122.46463319, 37.80168779], [-122.46468891, 37.80165985], [-122.46474118, 37.80162863], [-122.46478979, 37.80159434], [-122.46483459, 37.80155719], [-122.46487537, 37.80151739], [-122.46491197, 37.80147516], [-122.46494419, 37.80143069], [-122.46497186, 37.8013842], [-122.46499479, 37.8013359], [-122.46501281, 37.801286], [-122.46502572, 37.80123471]]}}, {"type": "Feature", "properties": {"weight": "light", "source": "R-10434.2"}, "geometry": {"type": "LineString", "coordinates": [[-122.46502581, 37.80123471], [-122.46508024, 37.80096048]]}}, {"type": "Feature", "properties": {"weight": "light", "source": "R-10434.2"}, "geometry": {"type": "LineString", "coordinates": [[-122.46564033, 37.8004923], [-122.46556271, 37.80050893], [-122.46548896, 37.80053198], [-122.46541957, 37.80056104], [-122.46535502, 37.80059569], [-122.46529581, 37.80063552], [-122.46524243, 37.80068013], [-122.46519536, 37.80072911], [-122.46515509, 37.80078205], [-122.46512212, 37.80083855], [-122.46509692, 37.80089818], [-122.46508, 37.80096055]]}}, {"type": "Feature", "properties": {"weight": "light", "source": "R-10434.2"}, "geometry": {"type": "LineString", "coordinates": [[-122.46564059, 37.80049226], [-122.46569822, 37.80048263]]}}, {"type": "Feature", "properties": {"weight": "light", "source": "R-10434.2"}, "geometry": {"type": "LineString", "coordinates": [[-122.46569823, 37.80048287], [-122.46571571, 37.80047976], [-122.46573308, 37.8004763], [-122.46575032, 37.80047251], [-122.46576743, 37.80046837], [-122.4657844, 37.80046389], [-122.46580123, 37.80045908], [-122.4658179, 37.80045394], [-122.4658344, 37.80044846], [-122.46585073, 37.80044266], [-122.46586689, 37.80043653], [-122.46588285, 37.80043008]]}}, {"type": "Feature", "properties": {"weight": "light", "source": "R-10434.2"}, "geometry": {"type": "LineString", "coordinates": [[-122.4658829, 37.80042987], [-122.46557448, 37.80025001]]}}, {"type": "Feature", "properties": {"weight": "light", "source": "R-10434.2"}, "geometry": {"type": "LineString", "coordinates": [[-122.46557448, 37.80025001], [-122.46657964, 37.79916798]]}}, {"type": "Feature", "properties": {"weight": "light", "source": "R-10434.2"}, "geometry": {"type": "LineString", "coordinates": [[-122.46325284, 37.79924813], [-122.46145438, 37.80119065]]}}, {"type": "Feature", "properties": {"weight": "light", "source": "R-10434.2"}, "geometry": {"type": "LineString", "coordinates": [[-122.46149553, 37.80138404], [-122.46141576, 37.80138825]]}}, {"type": "Feature", "properties": {"weight": "light", "source": "R-10434.2"}, "geometry": {"type": "LineString", "coordinates": [[-122.46141576, 37.80138825], [-122.46133633, 37.8013936]]}}, {"type": "Feature", "properties": {"weight": "light", "source": "R-10434.2"}, "geometry": {"type": "LineString", "coordinates": [[-122.46133633, 37.8013936], [-122.46125663, 37.80139987]]}}, {"type": "Feature", "properties": {"weight": "light", "source": "R-10434.2"}, "geometry": {"type": "LineString", "coordinates": [[-122.46125663, 37.80139987], [-122.46117727, 37.80140704]]}}, {"type": "Feature", "properties": {"weight": "light", "source": "R-10434.2"}, "geometry": {"type": "LineString", "coordinates": [[-122.46117727, 37.80140704], [-122.46109793, 37.80141513]]}}, {"type": "Feature", "properties": {"weight": "light", "source": "R-10434.2"}, "geometry": {"type": "LineString", "coordinates": [[-122.46109793, 37.80141513], [-122.46101892, 37.80142413]]}}, {"type": "Feature", "properties": {"weight": "light", "source": "R-10434.2"}, "geometry": {"type": "LineString", "coordinates": [[-122.46101892, 37.80142413], [-122.46093995, 37.80143404]]}}, {"type": "Feature", "properties": {"weight": "light", "source": "R-10434.2"}, "geometry": {"type": "LineString", "coordinates": [[-122.46093995, 37.80143404], [-122.4608613, 37.80144487]]}}, {"type": "Feature", "properties": {"weight": "light", "source": "R-10434.2"}, "geometry": {"type": "LineString", "coordinates": [[-122.46086617, 37.80146673], [-122.46079415, 37.80147739]]}}, {"type": "Feature", "properties": {"weight": "light", "source": "R-10434.2"}, "geometry": {"type": "LineString", "coordinates": [[-122.46079415, 37.80147739], [-122.46072245, 37.80148896]]}}, {"type": "Feature", "properties": {"weight": "light", "source": "R-10434.2"}, "geometry": {"type": "LineString", "coordinates": [[-122.46072245, 37.80148896], [-122.46065079, 37.80150145]]}}, {"type": "Feature", "properties": {"weight": "light", "source": "R-10434.2"}, "geometry": {"type": "LineString", "coordinates": [[-122.46065079, 37.80150145], [-122.46057945, 37.80151484]]}}, {"type": "Feature", "properties": {"weight": "light", "source": "R-10434.2"}, "geometry": {"type": "LineString", "coordinates": [[-122.46057945, 37.80151484], [-122.46050844, 37.80152914]]}}, {"type": "Feature", "properties": {"weight": "light", "source": "R-10434.2"}, "geometry": {"type": "LineString", "coordinates": [[-122.46050844, 37.80152914], [-122.46043745, 37.80154413]]}}, {"type": "Feature", "properties": {"weight": "light", "source": "R-10434.2"}, "geometry": {"type": "LineString", "coordinates": [[-122.46043745, 37.80154413], [-122.46036708, 37.80156024]]}}, {"type": "Feature", "properties": {"weight": "light", "source": "R-10434.2"}, "geometry": {"type": "LineString", "coordinates": [[-122.46036708, 37.80156024], [-122.46029673, 37.80157705]]}}, {"type": "Feature", "properties": {"weight": "light", "source": "R-10434.2"}, "geometry": {"type": "LineString", "coordinates": [[-122.46029673, 37.80157705], [-122.460227, 37.80159475]]}}, {"type": "Feature", "properties": {"weight": "light", "source": "R-10434.2"}, "geometry": {"type": "LineString", "coordinates": [[-122.460227, 37.80159475], [-122.46015758, 37.80161314]]}}, {"type": "Feature", "properties": {"weight": "light", "source": "R-10434.2"}, "geometry": {"type": "LineString", "coordinates": [[-122.46015758, 37.80161314], [-122.4600885, 37.80163266]]}}, {"type": "Feature", "properties": {"weight": "light", "source": "R-10434.2"}, "geometry": {"type": "LineString", "coordinates": [[-122.4600885, 37.80163266], [-122.46001973, 37.80165286]]}}, {"type": "Feature", "properties": {"weight": "light", "source": "R-10434.2"}, "geometry": {"type": "LineString", "coordinates": [[-122.46001973, 37.80165286], [-122.45995128, 37.80167396]]}}, {"type": "Feature", "properties": {"weight": "light", "source": "R-10434.2"}, "geometry": {"type": "LineString", "coordinates": [[-122.45995128, 37.80167396], [-122.45988343, 37.80169574]]}}, {"type": "Feature", "properties": {"weight": "light", "source": "R-10434.2"}, "geometry": {"type": "LineString", "coordinates": [[-122.45988343, 37.80169574], [-122.45981591, 37.80171843]]}}, {"type": "Feature", "properties": {"weight": "light", "source": "R-10434.2"}, "geometry": {"type": "LineString", "coordinates": [[-122.45981591, 37.80171843], [-122.459749, 37.80174202]]}}, {"type": "Feature", "properties": {"weight": "light", "source": "R-10434.2"}, "geometry": {"type": "LineString", "coordinates": [[-122.459749, 37.80174202], [-122.45974067, 37.8017278]]}}, {"type": "Feature", "properties": {"weight": "light", "source": "R-10434.2"}, "geometry": {"type": "LineString", "coordinates": [[-122.45974067, 37.8017278], [-122.45895711, 37.80198933]]}}, {"type": "Feature", "properties": {"weight": "light", "source": "R-10434.2"}, "geometry": {"type": "LineString", "coordinates": [[-122.45895711, 37.80198933], [-122.45896457, 37.80200312]]}}, {"type": "Feature", "properties": {"weight": "light", "source": "R-10434.2"}, "geometry": {"type": "LineString", "coordinates": [[-122.45896457, 37.80200312], [-122.45789235, 37.80236043]]}}, {"type": "Feature", "properties": {"weight": "light", "source": "R-10434.2"}, "geometry": {"type": "LineString", "coordinates": [[-122.45789235, 37.80236043], [-122.45788147, 37.80233985]]}}, {"type": "Feature", "properties": {"weight": "light", "source": "R-10434.2"}, "geometry": {"type": "LineString", "coordinates": [[-122.46079379, 37.80190601], [-122.46071643, 37.80192047]]}}, {"type": "Feature", "properties": {"weight": "light", "source": "R-10434.2"}, "geometry": {"type": "LineString", "coordinates": [[-122.46071643, 37.80192047], [-122.46063969, 37.80193582]]}}, {"type": "Feature", "properties": {"weight": "light", "source": "R-10434.2"}, "geometry": {"type": "LineString", "coordinates": [[-122.46063969, 37.80193582], [-122.46056296, 37.80195186]]}}, {"type": "Feature", "properties": {"weight": "light", "source": "R-10434.2"}, "geometry": {"type": "LineString", "coordinates": [[-122.46056296, 37.80195186], [-122.46048658, 37.80196904]]}}, {"type": "Feature", "properties": {"weight": "light", "source": "R-10434.2"}, "geometry": {"type": "LineString", "coordinates": [[-122.46048658, 37.80196904], [-122.4604105, 37.8019869]]}}, {"type": "Feature", "properties": {"weight": "light", "source": "R-10434.2"}, "geometry": {"type": "LineString", "coordinates": [[-122.4604105, 37.8019869], [-122.46033476, 37.80200589]]}}, {"type": "Feature", "properties": {"weight": "light", "source": "R-10434.2"}, "geometry": {"type": "LineString", "coordinates": [[-122.46033476, 37.80200589], [-122.46025933, 37.80202557]]}}, {"type": "Feature", "properties": {"weight": "light", "source": "R-10434.2"}, "geometry": {"type": "LineString", "coordinates": [[-122.46025933, 37.80202557], [-122.46018421, 37.80204592]]}}, {"type": "Feature", "properties": {"weight": "light", "source": "R-10434.2"}, "geometry": {"type": "LineString", "coordinates": [[-122.46018421, 37.80204592], [-122.46010972, 37.8020674]]}}, {"type": "Feature", "properties": {"weight": "light", "source": "R-10434.2"}, "geometry": {"type": "LineString", "coordinates": [[-122.46010972, 37.8020674], [-122.45961461, 37.80221256]]}}, {"type": "Feature", "properties": {"weight": "light", "source": "R-10434.2"}, "geometry": {"type": "LineString", "coordinates": [[-122.45961461, 37.80221256], [-122.45962788, 37.80224269]]}}, {"type": "Feature", "properties": {"weight": "light", "source": "R-10434.2"}, "geometry": {"type": "LineString", "coordinates": [[-122.45962788, 37.80224269], [-122.45955483, 37.80226414]]}}, {"type": "Feature", "properties": {"weight": "light", "source": "R-10434.2"}, "geometry": {"type": "LineString", "coordinates": [[-122.45955483, 37.80226414], [-122.4595762, 37.80230988]]}}, {"type": "Feature", "properties": {"weight": "light", "source": "R-10434.2"}, "geometry": {"type": "LineString", "coordinates": [[-122.46154324, 37.80185997], [-122.461554, 37.80185135], [-122.46156388, 37.80184219], [-122.46157284, 37.80183252], [-122.46158087, 37.80182239], [-122.46158794, 37.80181184], [-122.46159403, 37.80180093], [-122.4615991, 37.80178968], [-122.46160315, 37.80177816], [-122.46160614, 37.80176639], [-122.46160804, 37.80175442], [-122.46160885, 37.80174231]]}}, {"type": "Feature", "properties": {"weight": "light", "source": "R-10434.2"}, "geometry": {"type": "LineString", "coordinates": [[-122.46160877, 37.80174216], [-122.46161027, 37.80167573]]}}, {"type": "Feature", "properties": {"weight": "light", "source": "R-10434.2"}, "geometry": {"type": "LineString", "coordinates": [[-122.46160999, 37.80167591], [-122.46160927, 37.80164495], [-122.46160612, 37.80161424], [-122.46160058, 37.80158384], [-122.46159269, 37.80155384], [-122.46158247, 37.80152433], [-122.46156998, 37.8014954], [-122.46155523, 37.80146712], [-122.46153828, 37.80143959], [-122.46151916, 37.80141289], [-122.4614979, 37.80138709], [-122.46147454, 37.8013623]]}}, {"type": "Feature", "properties": {"weight": "light", "source": "R-10434.2"}, "geometry": {"type": "LineString", "coordinates": [[-122.46158751, 37.80181251], [-122.46150748, 37.80181741]]}}, {"type": "Feature", "properties": {"weight": "light", "source": "R-10434.2"}, "geometry": {"type": "LineString", "coordinates": [[-122.46150748, 37.80181741], [-122.46142749, 37.80182345]]}}, {"type": "Feature", "properties": {"weight": "light", "source": "R-10434.2"}, "geometry": {"type": "LineString", "coordinates": [[-122.46142749, 37.80182345], [-122.46134754, 37.80183042]]}}, {"type": "Feature", "properties": {"weight": "light", "source": "R-10434.2"}, "geometry": {"type": "LineString", "coordinates": [[-122.46134754, 37.80183042], [-122.46126791, 37.80183828]]}}, {"type": "Feature", "properties": {"weight": "light", "source": "R-10434.2"}, "geometry": {"type": "LineString", "coordinates": [[-122.46126791, 37.80183828], [-122.46118832, 37.8018473]]}}, {"type": "Feature", "properties": {"weight": "light", "source": "R-10434.2"}, "geometry": {"type": "LineString", "coordinates": [[-122.46118832, 37.8018473], [-122.46110905, 37.80185699]]}}, {"type": "Feature", "properties": {"weight": "light", "source": "R-10434.2"}, "geometry": {"type": "LineString", "coordinates": [[-122.46110905, 37.80185699], [-122.46102982, 37.80186782]]}}, {"type": "Feature", "properties": {"weight": "light", "source": "R-10434.2"}, "geometry": {"type": "LineString", "coordinates": [[-122.46102982, 37.80186782], [-122.46095091, 37.80187957]]}}, {"type": "Feature", "properties": {"weight": "light", "source": "R-10434.2"}, "geometry": {"type": "LineString", "coordinates": [[-122.46095091, 37.80187957], [-122.46087234, 37.80189245]]}}, {"type": "Feature", "properties": {"weight": "light", "source": "R-10434.2"}, "geometry": {"type": "LineString", "coordinates": [[-122.46087234, 37.80189245], [-122.46079379, 37.80190601]]}}, {"type": "Feature", "properties": {"weight": "light", "source": "R-10434.2"}, "geometry": {"type": "LineString", "coordinates": [[-122.46443216, 37.80175273], [-122.46475599, 37.80181499]]}}, {"type": "Feature", "properties": {"weight": "light", "source": "R-10434.2"}, "geometry": {"type": "LineString", "coordinates": [[-122.46475588, 37.80181508], [-122.46473764, 37.80181894], [-122.46472027, 37.80182428], [-122.46470388, 37.80183099], [-122.46468857, 37.80183898], [-122.46467445, 37.80184817], [-122.46466164, 37.80185848], [-122.46465025, 37.8018698], [-122.46464039, 37.80188206], [-122.46463216, 37.80189516], [-122.46462568, 37.80190902], [-122.46462106, 37.80192354]]}}, {"type": "Feature", "properties": {"weight": "light", "source": "R-10434.2"}, "geometry": {"type": "LineString", "coordinates": [[-122.46462106, 37.80192356], [-122.46459231, 37.8020092]]}}, {"type": "Feature", "properties": {"weight": "light", "source": "R-10434.2"}, "geometry": {"type": "LineString", "coordinates": [[-122.46459231, 37.8020092], [-122.46408723, 37.80191604]]}}, {"type": "Feature", "properties": {"weight": "light", "source": "R-10434.2"}, "geometry": {"type": "LineString", "coordinates": [[-122.46408723, 37.80191604], [-122.46408414, 37.80192596]]}}, {"type": "Feature", "properties": {"weight": "light", "source": "R-10434.2"}, "geometry": {"type": "LineString", "coordinates": [[-122.46408398, 37.80192596], [-122.46407535, 37.80193371], [-122.46406743, 37.80194187], [-122.46406026, 37.8019504], [-122.46405384, 37.80195926], [-122.46404819, 37.80196843], [-122.46404333, 37.80197788], [-122.46403927, 37.80198756], [-122.46403604, 37.80199746], [-122.46403364, 37.80200753], [-122.4640321, 37.80201775], [-122.46403142, 37.80202809]]}}, {"type": "Feature", "properties": {"weight": "light", "source": "R-10434.2"}, "geometry": {"type": "LineString", "coordinates": [[-122.46403134, 37.80202811], [-122.46403195, 37.80203954], [-122.46403424, 37.80205064], [-122.46403811, 37.80206132], [-122.46404349, 37.8020715], [-122.4640503, 37.80208107], [-122.46405843, 37.80208994], [-122.46406781, 37.80209802], [-122.46407836, 37.80210521], [-122.46408998, 37.80211143], [-122.46410259, 37.80211657], [-122.4641161, 37.80212055]]}}, {"type": "Feature", "properties": {"weight": "light", "source": "R-10434.2"}, "geometry": {"type": "LineString", "coordinates": [[-122.4617641, 37.80136798], [-122.4618128, 37.801383], [-122.46186217, 37.80139629], [-122.46191215, 37.80140782], [-122.46196266, 37.80141759], [-122.46201362, 37.80142559], [-122.46206496, 37.80143181], [-122.46211661, 37.80143624], [-122.46216849, 37.80143888], [-122.46222053, 37.80143971], [-122.46227265, 37.80143873], [-122.46232478, 37.80143593]]}}, {"type": "Feature", "properties": {"weight": "light", "source": "R-10434.2"}, "geometry": {"type": "LineString", "coordinates": [[-122.4623251, 37.80143598], [-122.46253978, 37.8014205]]}}, {"type": "Feature", "properties": {"weight": "light", "source": "R-10434.2"}, "geometry": {"type": "LineString", "coordinates": [[-122.46339848, 37.80156262], [-122.46394246, 37.80172972]]}}, {"type": "Feature", "properties": {"weight": "light", "source": "R-10434.2"}, "geometry": {"type": "LineString", "coordinates": [[-122.4639423, 37.8017298], [-122.46398526, 37.8017419], [-122.46402886, 37.80175201], [-122.46407298, 37.80176014], [-122.46411753, 37.80176627], [-122.46416239, 37.80177039], [-122.46420745, 37.80177251], [-122.46425261, 37.80177261], [-122.46429776, 37.8017707], [-122.46434278, 37.80176677], [-122.46438758, 37.8017608], [-122.46443204, 37.80175281]]}}, {"type": "Feature", "properties": {"weight": "light", "source": "R-10434.2"}, "geometry": {"type": "LineString", "coordinates": [[-122.46758083, 37.80285783], [-122.46813375, 37.80300179]]}}, {"type": "Feature", "properties": {"weight": "light", "source": "R-10434.2"}, "geometry": {"type": "LineString", "coordinates": [[-122.46495037, 37.80184213], [-122.46488089, 37.80206246]]}}, {"type": "Feature", "properties": {"weight": "light", "source": "R-10434.2"}, "geometry": {"type": "LineString", "coordinates": [[-122.46488089, 37.80206246], [-122.46428629, 37.80195269]]}}, {"type": "Feature", "properties": {"weight": "light", "source": "R-10434.2"}, "geometry": {"type": "LineString", "coordinates": [[-122.46428629, 37.80195269], [-122.46422654, 37.80214829]]}}, {"type": "Feature", "properties": {"weight": "light", "source": "R-10434.2"}, "geometry": {"type": "LineString", "coordinates": [[-122.46415182, 37.80210338], [-122.46415603, 37.8021003]]}}, {"type": "Feature", "properties": {"weight": "light", "source": "R-10434.2"}, "geometry": {"type": "LineString", "coordinates": [[-122.46415603, 37.8021003], [-122.46415799, 37.80209888]]}}, {"type": "Feature", "properties": {"weight": "light", "source": "R-10434.2"}, "geometry": {"type": "LineString", "coordinates": [[-122.46415799, 37.80209888], [-122.46415966, 37.80209724]]}}, {"type": "Feature", "properties": {"weight": "light", "source": "R-10434.2"}, "geometry": {"type": "LineString", "coordinates": [[-122.46415966, 37.80209724], [-122.46416104, 37.8020956]]}}, {"type": "Feature", "properties": {"weight": "light", "source": "R-10434.2"}, "geometry": {"type": "LineString", "coordinates": [[-122.46416104, 37.8020956], [-122.46416184, 37.80209375]]}}, {"type": "Feature", "properties": {"weight": "light", "source": "R-10434.2"}, "geometry": {"type": "LineString", "coordinates": [[-122.46416184, 37.80209375], [-122.46416263, 37.8020919]]}}, {"type": "Feature", "properties": {"weight": "light", "source": "R-10434.2"}, "geometry": {"type": "LineString", "coordinates": [[-122.46416263, 37.8020919], [-122.46416284, 37.80208983]]}}, {"type": "Feature", "properties": {"weight": "light", "source": "R-10434.2"}, "geometry": {"type": "LineString", "coordinates": [[-122.46416284, 37.80208983], [-122.46416275, 37.80208754]]}}, {"type": "Feature", "properties": {"weight": "light", "source": "R-10434.2"}, "geometry": {"type": "LineString", "coordinates": [[-122.46416275, 37.80208754], [-122.46416267, 37.80208526]]}}, {"type": "Feature", "properties": {"weight": "light", "source": "R-10434.2"}, "geometry": {"type": "LineString", "coordinates": [[-122.46416267, 37.80208526], [-122.464162, 37.80208298]]}}, {"type": "Feature", "properties": {"weight": "light", "source": "R-10434.2"}, "geometry": {"type": "LineString", "coordinates": [[-122.464162, 37.80208298], [-122.46416163, 37.8020807]]}}, {"type": "Feature", "properties": {"weight": "light", "source": "R-10434.2"}, "geometry": {"type": "LineString", "coordinates": [[-122.46416163, 37.8020807], [-122.46416, 37.80207593]]}}, {"type": "Feature", "properties": {"weight": "light", "source": "R-10434.2"}, "geometry": {"type": "LineString", "coordinates": [[-122.46416, 37.80207593], [-122.46415896, 37.80207138]]}}, {"type": "Feature", "properties": {"weight": "light", "source": "R-10434.2"}, "geometry": {"type": "LineString", "coordinates": [[-122.46415896, 37.80207138], [-122.4641583, 37.80206933]]}}, {"type": "Feature", "properties": {"weight": "light", "source": "R-10434.2"}, "geometry": {"type": "LineString", "coordinates": [[-122.4641583, 37.80206933], [-122.46415794, 37.80206728]]}}, {"type": "Feature", "properties": {"weight": "light", "source": "R-10434.2"}, "geometry": {"type": "LineString", "coordinates": [[-122.46415794, 37.80206728], [-122.46415816, 37.80206545]]}}, {"type": "Feature", "properties": {"weight": "light", "source": "R-10434.2"}, "geometry": {"type": "LineString", "coordinates": [[-122.46415816, 37.80206545], [-122.46415838, 37.80206384]]}}, {"type": "Feature", "properties": {"weight": "light", "source": "R-10434.2"}, "geometry": {"type": "LineString", "coordinates": [[-122.46415838, 37.80206384], [-122.4641589, 37.80206222]]}}, {"type": "Feature", "properties": {"weight": "light", "source": "R-10434.2"}, "geometry": {"type": "LineString", "coordinates": [[-122.4641589, 37.80206222], [-122.46416, 37.80206082]]}}, {"type": "Feature", "properties": {"weight": "light", "source": "R-10434.2"}, "geometry": {"type": "LineString", "coordinates": [[-122.46416, 37.80206082], [-122.46416141, 37.80205987]]}}, {"type": "Feature", "properties": {"weight": "light", "source": "R-10434.2"}, "geometry": {"type": "LineString", "coordinates": [[-122.46416141, 37.80205987], [-122.4641631, 37.80205892]]}}, {"type": "Feature", "properties": {"weight": "light", "source": "R-10434.2"}, "geometry": {"type": "LineString", "coordinates": [[-122.4641631, 37.80205892], [-122.46416509, 37.80205818]]}}, {"type": "Feature", "properties": {"weight": "light", "source": "R-10434.2"}, "geometry": {"type": "LineString", "coordinates": [[-122.46416509, 37.80205818], [-122.46416766, 37.80205743]]}}, {"type": "Feature", "properties": {"weight": "light", "source": "R-10434.2"}, "geometry": {"type": "LineString", "coordinates": [[-122.46416766, 37.80205743], [-122.46417025, 37.80205714]]}}, {"type": "Feature", "properties": {"weight": "light", "source": "R-10434.2"}, "geometry": {"type": "LineString", "coordinates": [[-122.46417025, 37.80205714], [-122.46417311, 37.80205661]]}}, {"type": "Feature", "properties": {"weight": "light", "source": "R-10434.2"}, "geometry": {"type": "LineString", "coordinates": [[-122.46417311, 37.80205661], [-122.46417627, 37.80205631]]}}, {"type": "Feature", "properties": {"weight": "light", "source": "R-10434.2"}, "geometry": {"type": "LineString", "coordinates": [[-122.46417627, 37.80205631], [-122.46417945, 37.80205623]]}}, {"type": "Feature", "properties": {"weight": "light", "source": "R-10434.2"}, "geometry": {"type": "LineString", "coordinates": [[-122.46417945, 37.80205623], [-122.46418578, 37.80205585]]}}, {"type": "Feature", "properties": {"weight": "light", "source": "R-10434.2"}, "geometry": {"type": "LineString", "coordinates": [[-122.46482635, 37.80191152], [-122.46462106, 37.80192356]]}}, {"type": "Feature", "properties": {"weight": "light", "source": "R-10434.2"}, "geometry": {"type": "LineString", "coordinates": [[-122.46479455, 37.801812], [-122.46483327, 37.80184358]]}}, {"type": "Feature", "properties": {"weight": "light", "source": "R-10434.2"}, "geometry": {"type": "LineString", "coordinates": [[-122.46483327, 37.80184358], [-122.46492478, 37.80185969]]}}, {"type": "Feature", "properties": {"weight": "light", "source": "R-10434.2"}, "geometry": {"type": "LineString", "coordinates": [[-122.46408414, 37.80192596], [-122.46409154, 37.80196104]]}}, {"type": "Feature", "properties": {"weight": "light", "source": "R-10434.2"}, "geometry": {"type": "LineString", "coordinates": [[-122.46409154, 37.80196104], [-122.46419148, 37.80202389]]}}, {"type": "Feature", "properties": {"weight": "light", "source": "R-10434.2"}, "geometry": {"type": "LineString", "coordinates": [[-122.46426888, 37.80210841], [-122.46426222, 37.80210708], [-122.46425551, 37.80210613], [-122.46424875, 37.80210556], [-122.46424198, 37.80210537], [-122.46423522, 37.80210554], [-122.4642285, 37.8021061], [-122.46422184, 37.80210702], [-122.46421526, 37.80210831], [-122.4642088, 37.80210997], [-122.46420247, 37.80211199], [-122.4641963, 37.80211437]]}}, {"type": "Feature", "properties": {"weight": "light", "source": "R-10434.2"}, "geometry": {"type": "LineString", "coordinates": [[-122.46457709, 37.80194317], [-122.46457295, 37.80194075]]}}, {"type": "Feature", "properties": {"weight": "light", "source": "R-10434.2"}, "geometry": {"type": "LineString", "coordinates": [[-122.46457295, 37.80194075], [-122.46457117, 37.80193942]]}}, {"type": "Feature", "properties": {"weight": "light", "source": "R-10434.2"}, "geometry": {"type": "LineString", "coordinates": [[-122.46457117, 37.80193942], [-122.46456939, 37.80193808]]}}, {"type": "Feature", "properties": {"weight": "light", "source": "R-10434.2"}, "geometry": {"type": "LineString", "coordinates": [[-122.46456939, 37.80193808], [-122.46456789, 37.80193652]]}}, {"type": "Feature", "properties": {"weight": "light", "source": "R-10434.2"}, "geometry": {"type": "LineString", "coordinates": [[-122.46456789, 37.80193652], [-122.46456638, 37.80193495]]}}, {"type": "Feature", "properties": {"weight": "light", "source": "R-10434.2"}, "geometry": {"type": "LineString", "coordinates": [[-122.46456638, 37.80193495], [-122.46456516, 37.80193315]]}}, {"type": "Feature", "properties": {"weight": "light", "source": "R-10434.2"}, "geometry": {"type": "LineString", "coordinates": [[-122.46456516, 37.80193315], [-122.46456422, 37.80193134]]}}, {"type": "Feature", "properties": {"weight": "light", "source": "R-10434.2"}, "geometry": {"type": "LineString", "coordinates": [[-122.46456422, 37.80193134], [-122.46456385, 37.80192906]]}}, {"type": "Feature", "properties": {"weight": "light", "source": "R-10434.2"}, "geometry": {"type": "LineString", "coordinates": [[-122.46456385, 37.80192906], [-122.46456347, 37.80192678]]}}, {"type": "Feature", "properties": {"weight": "light", "source": "R-10434.2"}, "geometry": {"type": "LineString", "coordinates": [[-122.46456347, 37.80192678], [-122.46456342, 37.80192541]]}}, {"type": "Feature", "properties": {"weight": "light", "source": "R-10434.2"}, "geometry": {"type": "LineString", "coordinates": [[-122.46456342, 37.80192541], [-122.46456366, 37.80192403]]}}, {"type": "Feature", "properties": {"weight": "light", "source": "R-10434.2"}, "geometry": {"type": "LineString", "coordinates": [[-122.46456366, 37.80192403], [-122.46456389, 37.80192265]]}}, {"type": "Feature", "properties": {"weight": "light", "source": "R-10434.2"}, "geometry": {"type": "LineString", "coordinates": [[-122.46456389, 37.80192265], [-122.46456442, 37.80192126]]}}, {"type": "Feature", "properties": {"weight": "light", "source": "R-10434.2"}, "geometry": {"type": "LineString", "coordinates": [[-122.46456442, 37.80192126], [-122.46456545, 37.80191803]]}}, {"type": "Feature", "properties": {"weight": "light", "source": "R-10434.2"}, "geometry": {"type": "LineString", "coordinates": [[-122.46456545, 37.80191803], [-122.46456676, 37.80191456]]}}, {"type": "Feature", "properties": {"weight": "light", "source": "R-10434.2"}, "geometry": {"type": "LineString", "coordinates": [[-122.46456676, 37.80191456], [-122.46456807, 37.8019111]]}}, {"type": "Feature", "properties": {"weight": "light", "source": "R-10434.2"}, "geometry": {"type": "LineString", "coordinates": [[-122.46456807, 37.8019111], [-122.46456966, 37.8019074]]}}, {"type": "Feature", "properties": {"weight": "light", "source": "R-10434.2"}, "geometry": {"type": "LineString", "coordinates": [[-122.46456966, 37.8019074], [-122.46457126, 37.80190392]]}}, {"type": "Feature", "properties": {"weight": "light", "source": "R-10434.2"}, "geometry": {"type": "LineString", "coordinates": [[-122.46457126, 37.80190392], [-122.46457285, 37.80190022]]}}, {"type": "Feature", "properties": {"weight": "light", "source": "R-10434.2"}, "geometry": {"type": "LineString", "coordinates": [[-122.46457285, 37.80190022], [-122.46457415, 37.80189653]]}}, {"type": "Feature", "properties": {"weight": "light", "source": "R-10434.2"}, "geometry": {"type": "LineString", "coordinates": [[-122.46457415, 37.80189653], [-122.46457489, 37.8018933]]}}, {"type": "Feature", "properties": {"weight": "light", "source": "R-10434.2"}, "geometry": {"type": "LineString", "coordinates": [[-122.46457489, 37.8018933], [-122.46457512, 37.8018917]]}}, {"type": "Feature", "properties": {"weight": "light", "source": "R-10434.2"}, "geometry": {"type": "LineString", "coordinates": [[-122.46457512, 37.8018917], [-122.46457534, 37.80189009]]}}, {"type": "Feature", "properties": {"weight": "light", "source": "R-10434.2"}, "geometry": {"type": "LineString", "coordinates": [[-122.46457534, 37.80189009], [-122.46457528, 37.80188849]]}}, {"type": "Feature", "properties": {"weight": "light", "source": "R-10434.2"}, "geometry": {"type": "LineString", "coordinates": [[-122.46457528, 37.80188849], [-122.46457523, 37.80188711]]}}, {"type": "Feature", "properties": {"weight": "light", "source": "R-10434.2"}, "geometry": {"type": "LineString", "coordinates": [[-122.46457523, 37.80188711], [-122.46457489, 37.80188575]]}}, {"type": "Feature", "properties": {"weight": "light", "source": "R-10434.2"}, "geometry": {"type": "LineString", "coordinates": [[-122.46457489, 37.80188575], [-122.46457427, 37.80188462]]}}, {"type": "Feature", "properties": {"weight": "light", "source": "R-10434.2"}, "geometry": {"type": "LineString", "coordinates": [[-122.46457427, 37.80188462], [-122.46457365, 37.80188349]]}}, {"type": "Feature", "properties": {"weight": "light", "source": "R-10434.2"}, "geometry": {"type": "LineString", "coordinates": [[-122.46457365, 37.80188349], [-122.46457274, 37.80188237]]}}, {"type": "Feature", "properties": {"weight": "light", "source": "R-10434.2"}, "geometry": {"type": "LineString", "coordinates": [[-122.46457274, 37.80188237], [-122.46457154, 37.80188125]]}}, {"type": "Feature", "properties": {"weight": "light", "source": "R-10434.2"}, "geometry": {"type": "LineString", "coordinates": [[-122.46457154, 37.80188125], [-122.46457035, 37.80188036]]}}, {"type": "Feature", "properties": {"weight": "light", "source": "R-10434.2"}, "geometry": {"type": "LineString", "coordinates": [[-122.46457035, 37.80188036], [-122.46456917, 37.80187948]]}}, {"type": "Feature", "properties": {"weight": "light", "source": "R-10434.2"}, "geometry": {"type": "LineString", "coordinates": [[-122.46456917, 37.80187948], [-122.4645677, 37.80187882]]}}, {"type": "Feature", "properties": {"weight": "light", "source": "R-10434.2"}, "geometry": {"type": "LineString", "coordinates": [[-122.4645677, 37.80187882], [-122.46456447, 37.8018773]]}}, {"type": "Feature", "properties": {"weight": "light", "source": "R-10434.2"}, "geometry": {"type": "LineString", "coordinates": [[-122.46456447, 37.8018773], [-122.46456067, 37.80187602]]}}, {"type": "Feature", "properties": {"weight": "light", "source": "R-10434.2"}, "geometry": {"type": "LineString", "coordinates": [[-122.46456067, 37.80187602], [-122.46455659, 37.80187497]]}}, {"type": "Feature", "properties": {"weight": "light", "source": "R-10434.2"}, "geometry": {"type": "LineString", "coordinates": [[-122.46455659, 37.80187497], [-122.46455251, 37.80187415]]}}, {"type": "Feature", "properties": {"weight": "light", "source": "R-10434.2"}, "geometry": {"type": "LineString", "coordinates": [[-122.46455251, 37.80187415], [-122.4645435, 37.80187231]]}}, {"type": "Feature", "properties": {"weight": "light", "source": "R-10434.2"}, "geometry": {"type": "LineString", "coordinates": [[-122.46403178, 37.80202796], [-122.46395649, 37.80204374]]}}, {"type": "Feature", "properties": {"weight": "light", "source": "R-10434.2"}, "geometry": {"type": "LineString", "coordinates": [[-122.46395649, 37.80204374], [-122.46357554, 37.80196706]]}}, {"type": "Feature", "properties": {"weight": "light", "source": "R-10434.2"}, "geometry": {"type": "LineString", "coordinates": [[-122.46475599, 37.80181499], [-122.46479577, 37.80188157]]}}, {"type": "Feature", "properties": {"weight": "light", "source": "R-10434.2"}, "geometry": {"type": "LineString", "coordinates": [[-122.46086617, 37.80146673], [-122.46074964, 37.80139993]]}}, {"type": "Feature", "properties": {"weight": "light", "source": "R-10434.2"}, "geometry": {"type": "LineString", "coordinates": [[-122.46074964, 37.80139993], [-122.4604194, 37.80146443]]}}, {"type": "Feature", "properties": {"weight": "light", "source": "R-10434.2"}, "geometry": {"type": "LineString", "coordinates": [[-122.46158751, 37.80181251], [-122.46172464, 37.80202558]]}}, {"type": "Feature", "properties": {"weight": "light", "source": "R-10434.2"}, "geometry": {"type": "LineString", "coordinates": [[-122.46172464, 37.80202558], [-122.46210528, 37.8020187]]}}, {"type": "Feature", "properties": {"weight": "light", "source": "R-10434.2"}, "geometry": {"type": "LineString", "coordinates": [[-122.46154344, 37.80185982], [-122.46174796, 37.80236388]]}}, {"type": "Feature", "properties": {"weight": "light", "source": "R-10434.2"}, "geometry": {"type": "LineString", "coordinates": [[-122.46174796, 37.80236388], [-122.46214184, 37.80235623]]}}, {"type": "Feature", "properties": {"weight": "light", "source": "R-10434.2"}, "geometry": {"type": "LineString", "coordinates": [[-122.46143513, 37.80134383], [-122.46140672, 37.80125728]]}}, {"type": "Feature", "properties": {"weight": "light", "source": "R-10434.2"}, "geometry": {"type": "LineString", "coordinates": [[-122.4613853, 37.80187461], [-122.4613603, 37.80168106]]}}, {"type": "Feature", "properties": {"weight": "light", "source": "R-10434.2"}, "geometry": {"type": "LineString", "coordinates": [[-122.4613603, 37.80168106], [-122.46133807, 37.8016809]]}}, {"type": "Feature", "properties": {"weight": "light", "source": "R-10434.2"}, "geometry": {"type": "LineString", "coordinates": [[-122.46133807, 37.8016809], [-122.46130584, 37.80136594]]}}, {"type": "Feature", "properties": {"weight": "light", "source": "R-10434.2"}, "geometry": {"type": "LineString", "coordinates": [[-122.46147913, 37.80141535], [-122.46153461, 37.80149301]]}}, {"type": "Feature", "properties": {"weight": "light", "source": "R-10434.2"}, "geometry": {"type": "LineString", "coordinates": [[-122.46149553, 37.80138404], [-122.46134172, 37.80142896]]}}, {"type": "Feature", "properties": {"weight": "light", "source": "R-10434.2"}, "geometry": {"type": "LineString", "coordinates": [[-122.4613853, 37.80187461], [-122.4613588, 37.80191372]]}}, {"type": "Feature", "properties": {"weight": "light", "source": "R-10434.2"}, "geometry": {"type": "LineString", "coordinates": [[-122.4613588, 37.80191372], [-122.46144545, 37.80216509]]}}, {"type": "Feature", "properties": {"weight": "light", "source": "R-10434.2"}, "geometry": {"type": "LineString", "coordinates": [[-122.46091114, 37.80147297], [-122.46091676, 37.8014765]]}}, {"type": "Feature", "properties": {"weight": "light", "source": "R-10434.2"}, "geometry": {"type": "LineString", "coordinates": [[-122.46091676, 37.8014765], [-122.46091942, 37.80147827]]}}, {"type": "Feature", "properties": {"weight": "light", "source": "R-10434.2"}, "geometry": {"type": "LineString", "coordinates": [[-122.46091942, 37.80147827], [-122.46092209, 37.80148027]]}}, {"type": "Feature", "properties": {"weight": "light", "source": "R-10434.2"}, "geometry": {"type": "LineString", "coordinates": [[-122.46092209, 37.80148027], [-122.46092447, 37.80148204]]}}, {"type": "Feature", "properties": {"weight": "light", "source": "R-10434.2"}, "geometry": {"type": "LineString", "coordinates": [[-122.46092447, 37.80148204], [-122.46092656, 37.80148382]]}}, {"type": "Feature", "properties": {"weight": "light", "source": "R-10434.2"}, "geometry": {"type": "LineString", "coordinates": [[-122.46092656, 37.80148382], [-122.46092836, 37.80148561]]}}, {"type": "Feature", "properties": {"weight": "light", "source": "R-10434.2"}, "geometry": {"type": "LineString", "coordinates": [[-122.46092836, 37.80148561], [-122.46092987, 37.80148741]]}}, {"type": "Feature", "properties": {"weight": "light", "source": "R-10434.2"}, "geometry": {"type": "LineString", "coordinates": [[-122.46092987, 37.80148741], [-122.46093108, 37.80148898]]}}, {"type": "Feature", "properties": {"weight": "light", "source": "R-10434.2"}, "geometry": {"type": "LineString", "coordinates": [[-122.46093108, 37.80148898], [-122.46093173, 37.8014908]]}}, {"type": "Feature", "properties": {"weight": "light", "source": "R-10434.2"}, "geometry": {"type": "LineString", "coordinates": [[-122.46093173, 37.8014908], [-122.46093208, 37.80149239]]}}, {"type": "Feature", "properties": {"weight": "light", "source": "R-10434.2"}, "geometry": {"type": "LineString", "coordinates": [[-122.46093208, 37.80149239], [-122.46093186, 37.80149423]]}}, {"type": "Feature", "properties": {"weight": "light", "source": "R-10434.2"}, "geometry": {"type": "LineString", "coordinates": [[-122.46093186, 37.80149423], [-122.46093135, 37.80149584]]}}, {"type": "Feature", "properties": {"weight": "light", "source": "R-10434.2"}, "geometry": {"type": "LineString", "coordinates": [[-122.46093135, 37.80149584], [-122.46093025, 37.80149747]]}}, {"type": "Feature", "properties": {"weight": "light", "source": "R-10434.2"}, "geometry": {"type": "LineString", "coordinates": [[-122.46093025, 37.80149747], [-122.46092916, 37.8014991]]}}, {"type": "Feature", "properties": {"weight": "light", "source": "R-10434.2"}, "geometry": {"type": "LineString", "coordinates": [[-122.46092916, 37.8014991], [-122.46092749, 37.80150074]]}}, {"type": "Feature", "properties": {"weight": "light", "source": "R-10434.2"}, "geometry": {"type": "LineString", "coordinates": [[-122.46092749, 37.80150074], [-122.46092553, 37.80150216]]}}, {"type": "Feature", "properties": {"weight": "light", "source": "R-10434.2"}, "geometry": {"type": "LineString", "coordinates": [[-122.46092553, 37.80150216], [-122.46092357, 37.80150381]]}}, {"type": "Feature", "properties": {"weight": "light", "source": "R-10434.2"}, "geometry": {"type": "LineString", "coordinates": [[-122.46092357, 37.80150381], [-122.46092103, 37.80150525]]}}, {"type": "Feature", "properties": {"weight": "light", "source": "R-10434.2"}, "geometry": {"type": "LineString", "coordinates": [[-122.46092103, 37.80150525], [-122.46091821, 37.80150692]]}}, {"type": "Feature", "properties": {"weight": "light", "source": "R-10434.2"}, "geometry": {"type": "LineString", "coordinates": [[-122.46091821, 37.80150692], [-122.46091538, 37.80150836]]}}, {"type": "Feature", "properties": {"weight": "light", "source": "R-10434.2"}, "geometry": {"type": "LineString", "coordinates": [[-122.46091538, 37.80150836], [-122.46091226, 37.80150981]]}}, {"type": "Feature", "properties": {"weight": "light", "source": "R-10434.2"}, "geometry": {"type": "LineString", "coordinates": [[-122.46091226, 37.80150981], [-122.46090885, 37.80151127]]}}, {"type": "Feature", "properties": {"weight": "light", "source": "R-10434.2"}, "geometry": {"type": "LineString", "coordinates": [[-122.46090885, 37.80151127], [-122.46090545, 37.80151295]]}}, {"type": "Feature", "properties": {"weight": "light", "source": "R-10434.2"}, "geometry": {"type": "LineString", "coordinates": [[-122.46090545, 37.80151295], [-122.46090176, 37.80151441]]}}, {"type": "Feature", "properties": {"weight": "light", "source": "R-10434.2"}, "geometry": {"type": "LineString", "coordinates": [[-122.46090176, 37.80151441], [-122.46089806, 37.80151588]]}}, {"type": "Feature", "properties": {"weight": "light", "source": "R-10434.2"}, "geometry": {"type": "LineString", "coordinates": [[-122.46089806, 37.80151588], [-122.46089009, 37.80151881]]}}, {"type": "Feature", "properties": {"weight": "light", "source": "R-10434.2"}, "geometry": {"type": "LineString", "coordinates": [[-122.46089009, 37.80151881], [-122.46088183, 37.80152153]]}}, {"type": "Feature", "properties": {"weight": "light", "source": "R-10434.2"}, "geometry": {"type": "LineString", "coordinates": [[-122.46088183, 37.80152153], [-122.46087328, 37.80152449]]}}, {"type": "Feature", "properties": {"weight": "light", "source": "R-10434.2"}, "geometry": {"type": "LineString", "coordinates": [[-122.46161027, 37.80167573], [-122.46173419, 37.80172426]]}}, {"type": "Feature", "properties": {"weight": "light", "source": "R-10434.2"}, "geometry": {"type": "LineString", "coordinates": [[-122.46173419, 37.80172426], [-122.46209261, 37.80171747]]}}, {"type": "Feature", "properties": {"weight": "light", "source": "R-10434.2"}, "geometry": {"type": "LineString", "coordinates": [[-122.46145438, 37.80119065], [-122.46141482, 37.80087266]]}}, {"type": "Feature", "properties": {"weight": "light", "source": "R-10434.2"}, "geometry": {"type": "LineString", "coordinates": [[-122.4658829, 37.80042987], [-122.46612097, 37.8002041]]}}, {"type": "Feature", "properties": {"weight": "light", "source": "R-10434.2"}, "geometry": {"type": "LineString", "coordinates": [[-122.46581406, 37.80049335], [-122.46582313, 37.80049679]]}}, {"type": "Feature", "properties": {"weight": "light", "source": "R-10434.2"}, "geometry": {"type": "LineString", "coordinates": [[-122.46582313, 37.80049679], [-122.46582753, 37.80049852]]}}, {"type": "Feature", "properties": {"weight": "light", "source": "R-10434.2"}, "geometry": {"type": "LineString", "coordinates": [[-122.46582753, 37.80049852], [-122.46583135, 37.80050049]]}}, {"type": "Feature", "properties": {"weight": "light", "source": "R-10434.2"}, "geometry": {"type": "LineString", "coordinates": [[-122.46583135, 37.80050049], [-122.46583312, 37.80050136]]}}, {"type": "Feature", "properties": {"weight": "light", "source": "R-10434.2"}, "geometry": {"type": "LineString", "coordinates": [[-122.46583312, 37.80050136], [-122.46583488, 37.80050223]]}}, {"type": "Feature", "properties": {"weight": "light", "source": "R-10434.2"}, "geometry": {"type": "LineString", "coordinates": [[-122.46583488, 37.80050223], [-122.46583636, 37.80050311]]}}, {"type": "Feature", "properties": {"weight": "light", "source": "R-10434.2"}, "geometry": {"type": "LineString", "coordinates": [[-122.46583636, 37.80050311], [-122.46583755, 37.800504]]}}, {"type": "Feature", "properties": {"weight": "light", "source": "R-10434.2"}, "geometry": {"type": "LineString", "coordinates": [[-122.46583755, 37.800504], [-122.46583874, 37.80050489]]}}, {"type": "Feature", "properties": {"weight": "light", "source": "R-10434.2"}, "geometry": {"type": "LineString", "coordinates": [[-122.46583874, 37.80050489], [-122.46583964, 37.80050601]]}}, {"type": "Feature", "properties": {"weight": "light", "source": "R-10434.2"}, "geometry": {"type": "LineString", "coordinates": [[-122.46583964, 37.80050601], [-122.46584055, 37.8005069]]}}, {"type": "Feature", "properties": {"weight": "light", "source": "R-10434.2"}, "geometry": {"type": "LineString", "coordinates": [[-122.46584055, 37.8005069], [-122.46584087, 37.80050781]]}}, {"type": "Feature", "properties": {"weight": "light", "source": "R-10434.2"}, "geometry": {"type": "LineString", "coordinates": [[-122.46584087, 37.80050781], [-122.4658412, 37.80050895]]}}, {"type": "Feature", "properties": {"weight": "light", "source": "R-10434.2"}, "geometry": {"type": "LineString", "coordinates": [[-122.4658412, 37.80050895], [-122.46584124, 37.80050986]]}}, {"type": "Feature", "properties": {"weight": "light", "source": "R-10434.2"}, "geometry": {"type": "LineString", "coordinates": [[-122.46584124, 37.80050986], [-122.46584099, 37.80051101]]}}, {"type": "Feature", "properties": {"weight": "light", "source": "R-10434.2"}, "geometry": {"type": "LineString", "coordinates": [[-122.46584099, 37.80051101], [-122.46584046, 37.80051217]]}}, {"type": "Feature", "properties": {"weight": "light", "source": "R-10434.2"}, "geometry": {"type": "LineString", "coordinates": [[-122.46584046, 37.80051217], [-122.46583963, 37.80051311]]}}, {"type": "Feature", "properties": {"weight": "light", "source": "R-10434.2"}, "geometry": {"type": "LineString", "coordinates": [[-122.46583963, 37.80051311], [-122.46583881, 37.80051427]]}}, {"type": "Feature", "properties": {"weight": "light", "source": "R-10434.2"}, "geometry": {"type": "LineString", "coordinates": [[-122.46583881, 37.80051427], [-122.4658377, 37.80051544]]}}, {"type": "Feature", "properties": {"weight": "light", "source": "R-10434.2"}, "geometry": {"type": "LineString", "coordinates": [[-122.4658377, 37.80051544], [-122.46583629, 37.80051639]]}}, {"type": "Feature", "properties": {"weight": "light", "source": "R-10434.2"}, "geometry": {"type": "LineString", "coordinates": [[-122.46583629, 37.80051639], [-122.46583321, 37.80051876]]}}, {"type": "Feature", "properties": {"weight": "light", "source": "R-10434.2"}, "geometry": {"type": "LineString", "coordinates": [[-122.46583321, 37.80051876], [-122.46582954, 37.80052091]]}}, {"type": "Feature", "properties": {"weight": "light", "source": "R-10434.2"}, "geometry": {"type": "LineString", "coordinates": [[-122.46582954, 37.80052091], [-122.46582192, 37.80052544]]}}, {"type": "Feature", "properties": {"weight": "light", "source": "R-10434.2"}, "geometry": {"type": "LineString", "coordinates": [[-122.46582192, 37.80052544], [-122.46581796, 37.8005276]]}}, {"type": "Feature", "properties": {"weight": "light", "source": "R-10434.2"}, "geometry": {"type": "LineString", "coordinates": [[-122.46581796, 37.8005276], [-122.46581457, 37.80052951]]}}, {"type": "Feature", "properties": {"weight": "light", "source": "R-10434.2"}, "geometry": {"type": "LineString", "coordinates": [[-122.46581457, 37.80052951], [-122.46581289, 37.8005307]]}}, {"type": "Feature", "properties": {"weight": "light", "source": "R-10434.2"}, "geometry": {"type": "LineString", "coordinates": [[-122.46581289, 37.8005307], [-122.46581119, 37.80053165]]}}, {"type": "Feature", "properties": {"weight": "light", "source": "R-10434.2"}, "geometry": {"type": "LineString", "coordinates": [[-122.46581119, 37.80053165], [-122.46581008, 37.8005326]]}}, {"type": "Feature", "properties": {"weight": "light", "source": "R-10434.2"}, "geometry": {"type": "LineString", "coordinates": [[-122.46581008, 37.8005326], [-122.46580895, 37.80053331]]}}, {"type": "Feature", "properties": {"weight": "light", "source": "R-10434.2"}, "geometry": {"type": "LineString", "coordinates": [[-122.46580895, 37.80053331], [-122.46580783, 37.80053425]]}}, {"type": "Feature", "properties": {"weight": "light", "source": "R-10434.2"}, "geometry": {"type": "LineString", "coordinates": [[-122.46580783, 37.80053425], [-122.46580729, 37.80053518]]}}, {"type": "Feature", "properties": {"weight": "light", "source": "R-10434.2"}, "geometry": {"type": "LineString", "coordinates": [[-122.46580729, 37.80053518], [-122.46580674, 37.80053588]]}}, {"type": "Feature", "properties": {"weight": "light", "source": "R-10434.2"}, "geometry": {"type": "LineString", "coordinates": [[-122.46580674, 37.80053588], [-122.46580648, 37.80053657]]}}, {"type": "Feature", "properties": {"weight": "light", "source": "R-10434.2"}, "geometry": {"type": "LineString", "coordinates": [[-122.46580648, 37.80053657], [-122.4658065, 37.80053726]]}}, {"type": "Feature", "properties": {"weight": "light", "source": "R-10434.2"}, "geometry": {"type": "LineString", "coordinates": [[-122.4658065, 37.80053726], [-122.46580682, 37.80053794]]}}, {"type": "Feature", "properties": {"weight": "light", "source": "R-10434.2"}, "geometry": {"type": "LineString", "coordinates": [[-122.46580682, 37.80053794], [-122.46580742, 37.80053861]]}}, {"type": "Feature", "properties": {"weight": "light", "source": "R-10434.2"}, "geometry": {"type": "LineString", "coordinates": [[-122.46580742, 37.80053861], [-122.46580831, 37.80053928]]}}, {"type": "Feature", "properties": {"weight": "light", "source": "R-10434.2"}, "geometry": {"type": "LineString", "coordinates": [[-122.46580831, 37.80053928], [-122.46580919, 37.80053971]]}}, {"type": "Feature", "properties": {"weight": "light", "source": "R-10434.2"}, "geometry": {"type": "LineString", "coordinates": [[-122.46580919, 37.80053971], [-122.46581036, 37.80054014]]}}, {"type": "Feature", "properties": {"weight": "light", "source": "R-10434.2"}, "geometry": {"type": "LineString", "coordinates": [[-122.46581036, 37.80054014], [-122.46581183, 37.8005408]]}}, {"type": "Feature", "properties": {"weight": "light", "source": "R-10434.2"}, "geometry": {"type": "LineString", "coordinates": [[-122.46581183, 37.8005408], [-122.46581358, 37.80054121]]}}, {"type": "Feature", "properties": {"weight": "light", "source": "R-10434.2"}, "geometry": {"type": "LineString", "coordinates": [[-122.46581358, 37.80054121], [-122.46581533, 37.80054163]]}}, {"type": "Feature", "properties": {"weight": "light", "source": "R-10434.2"}, "geometry": {"type": "LineString", "coordinates": [[-122.46581533, 37.80054163], [-122.46581736, 37.80054204]]}}, {"type": "Feature", "properties": {"weight": "light", "source": "R-10434.2"}, "geometry": {"type": "LineString", "coordinates": [[-122.46581736, 37.80054204], [-122.46582171, 37.80054262]]}}, {"type": "Feature", "properties": {"weight": "light", "source": "R-10434.2"}, "geometry": {"type": "LineString", "coordinates": [[-122.46582171, 37.80054262], [-122.46582665, 37.80054341]]}}, {"type": "Feature", "properties": {"weight": "light", "source": "R-10434.2"}, "geometry": {"type": "LineString", "coordinates": [[-122.46582665, 37.80054341], [-122.46583158, 37.80054398]]}}, {"type": "Feature", "properties": {"weight": "light", "source": "R-10434.2"}, "geometry": {"type": "LineString", "coordinates": [[-122.46583158, 37.80054398], [-122.46584258, 37.80054509]]}}, {"type": "Feature", "properties": {"weight": "light", "source": "R-10434.2"}, "geometry": {"type": "LineString", "coordinates": [[-122.46568607, 37.80052688], [-122.46568888, 37.80054009]]}}, {"type": "Feature", "properties": {"weight": "light", "source": "R-10434.2"}, "geometry": {"type": "LineString", "coordinates": [[-122.46568888, 37.80054009], [-122.46569197, 37.80055307]]}}, {"type": "Feature", "properties": {"weight": "light", "source": "R-10434.2"}, "geometry": {"type": "LineString", "coordinates": [[-122.46569197, 37.80055307], [-122.46569366, 37.80055944]]}}, {"type": "Feature", "properties": {"weight": "light", "source": "R-10434.2"}, "geometry": {"type": "LineString", "coordinates": [[-122.46569366, 37.80055944], [-122.46569535, 37.80056581]]}}, {"type": "Feature", "properties": {"weight": "light", "source": "R-10434.2"}, "geometry": {"type": "LineString", "coordinates": [[-122.46569535, 37.80056581], [-122.46569731, 37.80057172]]}}, {"type": "Feature", "properties": {"weight": "light", "source": "R-10434.2"}, "geometry": {"type": "LineString", "coordinates": [[-122.46569731, 37.80057172], [-122.46569956, 37.80057784]]}}, {"type": "Feature", "properties": {"weight": "light", "source": "R-10434.2"}, "geometry": {"type": "LineString", "coordinates": [[-122.46569956, 37.80057784], [-122.4657018, 37.80058352]]}}, {"type": "Feature", "properties": {"weight": "light", "source": "R-10434.2"}, "geometry": {"type": "LineString", "coordinates": [[-122.4657018, 37.80058352], [-122.46570432, 37.80058918]]}}, {"type": "Feature", "properties": {"weight": "light", "source": "R-10434.2"}, "geometry": {"type": "LineString", "coordinates": [[-122.46570432, 37.80058918], [-122.46570712, 37.80059438]]}}, {"type": "Feature", "properties": {"weight": "light", "source": "R-10434.2"}, "geometry": {"type": "LineString", "coordinates": [[-122.46570712, 37.80059438], [-122.46570991, 37.80059958]]}}, {"type": "Feature", "properties": {"weight": "light", "source": "R-10434.2"}, "geometry": {"type": "LineString", "coordinates": [[-122.46570991, 37.80059958], [-122.46571327, 37.8006043]]}}, {"type": "Feature", "properties": {"weight": "light", "source": "R-10434.2"}, "geometry": {"type": "LineString", "coordinates": [[-122.46571327, 37.8006043], [-122.4657169, 37.80060879]]}}, {"type": "Feature", "properties": {"weight": "light", "source": "R-10434.2"}, "geometry": {"type": "LineString", "coordinates": [[-122.4657169, 37.80060879], [-122.465719, 37.8006108]]}}, {"type": "Feature", "properties": {"weight": "light", "source": "R-10434.2"}, "geometry": {"type": "LineString", "coordinates": [[-122.465719, 37.8006108], [-122.46572081, 37.80061282]]}}, {"type": "Feature", "properties": {"weight": "light", "source": "R-10434.2"}, "geometry": {"type": "LineString", "coordinates": [[-122.46572081, 37.80061282], [-122.46572291, 37.80061483]]}}, {"type": "Feature", "properties": {"weight": "light", "source": "R-10434.2"}, "geometry": {"type": "LineString", "coordinates": [[-122.46572291, 37.80061483], [-122.46572528, 37.80061661]]}}, {"type": "Feature", "properties": {"weight": "light", "source": "R-10434.2"}, "geometry": {"type": "LineString", "coordinates": [[-122.46572528, 37.80061661], [-122.46572766, 37.80061838]]}}, {"type": "Feature", "properties": {"weight": "light", "source": "R-10434.2"}, "geometry": {"type": "LineString", "coordinates": [[-122.46572766, 37.80061838], [-122.46573003, 37.80061993]]}}, {"type": "Feature", "properties": {"weight": "light", "source": "R-10434.2"}, "geometry": {"type": "LineString", "coordinates": [[-122.46573003, 37.80061993], [-122.4657324, 37.8006217]]}}, {"type": "Feature", "properties": {"weight": "light", "source": "R-10434.2"}, "geometry": {"type": "LineString", "coordinates": [[-122.4657324, 37.8006217], [-122.46573505, 37.80062301]]}}, {"type": "Feature", "properties": {"weight": "light", "source": "R-10434.2"}, "geometry": {"type": "LineString", "coordinates": [[-122.46573505, 37.80062301], [-122.4657377, 37.80062432]]}}, {"type": "Feature", "properties": {"weight": "light", "source": "R-10434.2"}, "geometry": {"type": "LineString", "coordinates": [[-122.4657377, 37.80062432], [-122.46574063, 37.80062562]]}}, {"type": "Feature", "properties": {"weight": "light", "source": "R-10434.2"}, "geometry": {"type": "LineString", "coordinates": [[-122.46574063, 37.80062562], [-122.46574356, 37.8006267]]}}, {"type": "Feature", "properties": {"weight": "light", "source": "R-10434.2"}, "geometry": {"type": "LineString", "coordinates": [[-122.46574356, 37.8006267], [-122.46574649, 37.80062777]]}}, {"type": "Feature", "properties": {"weight": "light", "source": "R-10434.2"}, "geometry": {"type": "LineString", "coordinates": [[-122.46574649, 37.80062777], [-122.4657497, 37.80062884]]}}, {"type": "Feature", "properties": {"weight": "light", "source": "R-10434.2"}, "geometry": {"type": "LineString", "coordinates": [[-122.4657497, 37.80062884], [-122.46575291, 37.80062968]]}}, {"type": "Feature", "properties": {"weight": "light", "source": "R-10434.2"}, "geometry": {"type": "LineString", "coordinates": [[-122.46575291, 37.80062968], [-122.46575932, 37.80063136]]}}, {"type": "Feature", "properties": {"weight": "light", "source": "R-10434.2"}, "geometry": {"type": "LineString", "coordinates": [[-122.46575932, 37.80063136], [-122.46576629, 37.80063256]]}}, {"type": "Feature", "properties": {"weight": "light", "source": "R-10434.2"}, "geometry": {"type": "LineString", "coordinates": [[-122.46576629, 37.80063256], [-122.46577354, 37.80063353]]}}, {"type": "Feature", "properties": {"weight": "light", "source": "R-10434.2"}, "geometry": {"type": "LineString", "coordinates": [[-122.46577354, 37.80063353], [-122.46578079, 37.8006345]]}}, {"type": "Feature", "properties": {"weight": "light", "source": "R-10434.2"}, "geometry": {"type": "LineString", "coordinates": [[-122.46578079, 37.8006345], [-122.46578831, 37.80063501]]}}, {"type": "Feature", "properties": {"weight": "light", "source": "R-10434.2"}, "geometry": {"type": "LineString", "coordinates": [[-122.46578831, 37.80063501], [-122.46579612, 37.80063551]]}}, {"type": "Feature", "properties": {"weight": "light", "source": "R-10434.2"}, "geometry": {"type": "LineString", "coordinates": [[-122.46579612, 37.80063551], [-122.46580421, 37.80063577]]}}, {"type": "Feature", "properties": {"weight": "light", "source": "R-10434.2"}, "geometry": {"type": "LineString", "coordinates": [[-122.46580421, 37.80063577], [-122.46581229, 37.8006358]]}}, {"type": "Feature", "properties": {"weight": "light", "source": "R-10434.2"}, "geometry": {"type": "LineString", "coordinates": [[-122.46581229, 37.8006358], [-122.46582038, 37.80063584]]}}, {"type": "Feature", "properties": {"weight": "light", "source": "R-10434.2"}, "geometry": {"type": "LineString", "coordinates": [[-122.46582038, 37.80063584], [-122.46583683, 37.8006359]]}}, {"type": "Feature", "properties": {"weight": "light", "source": "R-10434.2"}, "geometry": {"type": "LineString", "coordinates": [[-122.46512554, 37.8007492], [-122.46511951, 37.80074248]]}}, {"type": "Feature", "properties": {"weight": "light", "source": "R-10434.2"}, "geometry": {"type": "LineString", "coordinates": [[-122.46511951, 37.80074248], [-122.4651165, 37.80073912]]}}, {"type": "Feature", "properties": {"weight": "light", "source": "R-10434.2"}, "geometry": {"type": "LineString", "coordinates": [[-122.4651165, 37.80073912], [-122.46511321, 37.80073599]]}}, {"type": "Feature", "properties": {"weight": "light", "source": "R-10434.2"}, "geometry": {"type": "LineString", "coordinates": [[-122.46511321, 37.80073599], [-122.46510963, 37.8007331]]}}, {"type": "Feature", "properties": {"weight": "light", "source": "R-10434.2"}, "geometry": {"type": "LineString", "coordinates": [[-122.46510963, 37.8007331], [-122.46510786, 37.800732]]}}, {"type": "Feature", "properties": {"weight": "light", "source": "R-10434.2"}, "geometry": {"type": "LineString", "coordinates": [[-122.46510786, 37.800732], [-122.46510579, 37.80073067]]}}, {"type": "Feature", "properties": {"weight": "light", "source": "R-10434.2"}, "geometry": {"type": "LineString", "coordinates": [[-122.46510579, 37.80073067], [-122.46510402, 37.80072957]]}}, {"type": "Feature", "properties": {"weight": "light", "source": "R-10434.2"}, "geometry": {"type": "LineString", "coordinates": [[-122.46510402, 37.80072957], [-122.46510195, 37.80072848]]}}, {"type": "Feature", "properties": {"weight": "light", "source": "R-10434.2"}, "geometry": {"type": "LineString", "coordinates": [[-122.46510195, 37.80072848], [-122.4650999, 37.80072761]]}}, {"type": "Feature", "properties": {"weight": "light", "source": "R-10434.2"}, "geometry": {"type": "LineString", "coordinates": [[-122.4650999, 37.80072761], [-122.46509757, 37.80072698]]}}, {"type": "Feature", "properties": {"weight": "light", "source": "R-10434.2"}, "geometry": {"type": "LineString", "coordinates": [[-122.46509757, 37.80072698], [-122.46509289, 37.80072549]]}}, {"type": "Feature", "properties": {"weight": "light", "source": "R-10434.2"}, "geometry": {"type": "LineString", "coordinates": [[-122.46509289, 37.80072549], [-122.46508824, 37.80072446]]}}, {"type": "Feature", "properties": {"weight": "light", "source": "R-10434.2"}, "geometry": {"type": "LineString", "coordinates": [[-122.46508824, 37.80072446], [-122.4650833, 37.80072366]]}}, {"type": "Feature", "properties": {"weight": "light", "source": "R-10434.2"}, "geometry": {"type": "LineString", "coordinates": [[-122.4650833, 37.80072366], [-122.46507809, 37.8007231]]}}, {"type": "Feature", "properties": {"weight": "light", "source": "R-10434.2"}, "geometry": {"type": "LineString", "coordinates": [[-122.46507809, 37.8007231], [-122.46507288, 37.80072277]]}}, {"type": "Feature", "properties": {"weight": "light", "source": "R-10434.2"}, "geometry": {"type": "LineString", "coordinates": [[-122.46507288, 37.80072277], [-122.46506738, 37.80072244]]}}, {"type": "Feature", "properties": {"weight": "light", "source": "R-10434.2"}, "geometry": {"type": "LineString", "coordinates": [[-122.46506738, 37.80072244], [-122.46505669, 37.80072201]]}}, {"type": "Feature", "properties": {"weight": "light", "source": "R-10434.2"}, "geometry": {"type": "LineString", "coordinates": [[-122.46326921, 37.80147988], [-122.46335663, 37.80136627]]}}, {"type": "Feature", "properties": {"weight": "light", "source": "R-10434.2"}, "geometry": {"type": "LineString", "coordinates": [[-122.46335663, 37.80136627], [-122.46339353, 37.80136538]]}}, {"type": "Feature", "properties": {"weight": "light", "source": "R-10434.2"}, "geometry": {"type": "LineString", "coordinates": [[-122.46244037, 37.80146961], [-122.46244054, 37.80147395]]}}, {"type": "Feature", "properties": {"weight": "light", "source": "R-10434.2"}, "geometry": {"type": "LineString", "coordinates": [[-122.46244054, 37.80147395], [-122.46244099, 37.80147829]]}}, {"type": "Feature", "properties": {"weight": "light", "source": "R-10434.2"}, "geometry": {"type": "LineString", "coordinates": [[-122.46244099, 37.80147829], [-122.46244136, 37.80148034]]}}, {"type": "Feature", "properties": {"weight": "light", "source": "R-10434.2"}, "geometry": {"type": "LineString", "coordinates": [[-122.46244136, 37.80148034], [-122.46244172, 37.80148239]]}}, {"type": "Feature", "properties": {"weight": "light", "source": "R-10434.2"}, "geometry": {"type": "LineString", "coordinates": [[-122.46244172, 37.80148239], [-122.46244237, 37.80148421]]}}, {"type": "Feature", "properties": {"weight": "light", "source": "R-10434.2"}, "geometry": {"type": "LineString", "coordinates": [[-122.46244237, 37.80148421], [-122.46244302, 37.80148603]]}}, {"type": "Feature", "properties": {"weight": "light", "source": "R-10434.2"}, "geometry": {"type": "LineString", "coordinates": [[-122.46244302, 37.80148603], [-122.46244395, 37.80148784]]}}, {"type": "Feature", "properties": {"weight": "light", "source": "R-10434.2"}, "geometry": {"type": "LineString", "coordinates": [[-122.46244395, 37.80148784], [-122.46244518, 37.80148964]]}}, {"type": "Feature", "properties": {"weight": "light", "source": "R-10434.2"}, "geometry": {"type": "LineString", "coordinates": [[-122.46244518, 37.80148964], [-122.46244638, 37.80149098]]}}, {"type": "Feature", "properties": {"weight": "light", "source": "R-10434.2"}, "geometry": {"type": "LineString", "coordinates": [[-122.46244638, 37.80149098], [-122.46244788, 37.80149255]]}}, {"type": "Feature", "properties": {"weight": "light", "source": "R-10434.2"}, "geometry": {"type": "LineString", "coordinates": [[-122.46244788, 37.80149255], [-122.46244995, 37.80149364]]}}, {"type": "Feature", "properties": {"weight": "light", "source": "R-10434.2"}, "geometry": {"type": "LineString", "coordinates": [[-122.46244995, 37.80149364], [-122.46245201, 37.80149474]]}}, {"type": "Feature", "properties": {"weight": "light", "source": "R-10434.2"}, "geometry": {"type": "LineString", "coordinates": [[-122.46245201, 37.80149474], [-122.46245465, 37.80149582]]}}, {"type": "Feature", "properties": {"weight": "light", "source": "R-10434.2"}, "geometry": {"type": "LineString", "coordinates": [[-122.46245465, 37.80149582], [-122.46245727, 37.80149667]]}}, {"type": "Feature", "properties": {"weight": "light", "source": "R-10434.2"}, "geometry": {"type": "LineString", "coordinates": [[-122.46245727, 37.80149667], [-122.46246018, 37.80149729]]}}, {"type": "Feature", "properties": {"weight": "light", "source": "R-10434.2"}, "geometry": {"type": "LineString", "coordinates": [[-122.46246018, 37.80149729], [-122.46246309, 37.80149791]]}}, {"type": "Feature", "properties": {"weight": "light", "source": "R-10434.2"}, "geometry": {"type": "LineString", "coordinates": [[-122.46246309, 37.80149791], [-122.4624689, 37.80149891]]}}, {"type": "Feature", "properties": {"weight": "light", "source": "R-10434.2"}, "geometry": {"type": "LineString", "coordinates": [[-122.4624689, 37.80149891], [-122.4624747, 37.80149969]]}}, {"type": "Feature", "properties": {"weight": "light", "source": "R-10434.2"}, "geometry": {"type": "LineString", "coordinates": [[-122.4624747, 37.80149969], [-122.46247732, 37.80150031]]}}, {"type": "Feature", "properties": {"weight": "light", "source": "R-10434.2"}, "geometry": {"type": "LineString", "coordinates": [[-122.46247732, 37.80150031], [-122.46247965, 37.80150071]]}}, {"type": "Feature", "properties": {"weight": "light", "source": "R-10434.2"}, "geometry": {"type": "LineString", "coordinates": [[-122.46247965, 37.80150071], [-122.46248168, 37.80150112]]}}, {"type": "Feature", "properties": {"weight": "light", "source": "R-10434.2"}, "geometry": {"type": "LineString", "coordinates": [[-122.46248168, 37.80150112], [-122.46248344, 37.80150177]]}}, {"type": "Feature", "properties": {"weight": "light", "source": "R-10434.2"}, "geometry": {"type": "LineString", "coordinates": [[-122.46248344, 37.80150177], [-122.4624849, 37.80150219]]}}, {"type": "Feature", "properties": {"weight": "light", "source": "R-10434.2"}, "geometry": {"type": "LineString", "coordinates": [[-122.4624849, 37.80150219], [-122.4624858, 37.80150309]]}}, {"type": "Feature", "properties": {"weight": "light", "source": "R-10434.2"}, "geometry": {"type": "LineString", "coordinates": [[-122.4624858, 37.80150309], [-122.46248581, 37.80150331]]}}, {"type": "Feature", "properties": {"weight": "light", "source": "R-10434.2"}, "geometry": {"type": "LineString", "coordinates": [[-122.46248581, 37.80150331], [-122.46248611, 37.80150376]]}}, {"type": "Feature", "properties": {"weight": "light", "source": "R-10434.2"}, "geometry": {"type": "LineString", "coordinates": [[-122.46248611, 37.80150376], [-122.46248586, 37.80150469]]}}, {"type": "Feature", "properties": {"weight": "light", "source": "R-10434.2"}, "geometry": {"type": "LineString", "coordinates": [[-122.46248586, 37.80150469], [-122.46248504, 37.80150585]]}}, {"type": "Feature", "properties": {"weight": "light", "source": "R-10434.2"}, "geometry": {"type": "LineString", "coordinates": [[-122.46248504, 37.80150585], [-122.46248393, 37.80150702]]}}, {"type": "Feature", "properties": {"weight": "light", "source": "R-10434.2"}, "geometry": {"type": "LineString", "coordinates": [[-122.46248393, 37.80150702], [-122.46248253, 37.8015082]]}}, {"type": "Feature", "properties": {"weight": "light", "source": "R-10434.2"}, "geometry": {"type": "LineString", "coordinates": [[-122.46248253, 37.8015082], [-122.46248057, 37.80150962]]}}, {"type": "Feature", "properties": {"weight": "light", "source": "R-10434.2"}, "geometry": {"type": "LineString", "coordinates": [[-122.46248057, 37.80150962], [-122.4624786, 37.80151104]]}}, {"type": "Feature", "properties": {"weight": "light", "source": "R-10434.2"}, "geometry": {"type": "LineString", "coordinates": [[-122.4624786, 37.80151104], [-122.46247635, 37.80151247]]}}, {"type": "Feature", "properties": {"weight": "light", "source": "R-10434.2"}, "geometry": {"type": "LineString", "coordinates": [[-122.46247635, 37.80151247], [-122.46247126, 37.80151534]]}}, {"type": "Feature", "properties": {"weight": "light", "source": "R-10434.2"}, "geometry": {"type": "LineString", "coordinates": [[-122.46247126, 37.80151534], [-122.46246619, 37.80151844]]}}, {"type": "Feature", "properties": {"weight": "light", "source": "R-10434.2"}, "geometry": {"type": "LineString", "coordinates": [[-122.46246619, 37.80151844], [-122.4624614, 37.80152153]]}}, {"type": "Feature", "properties": {"weight": "light", "source": "R-10434.2"}, "geometry": {"type": "LineString", "coordinates": [[-122.4624614, 37.80152153], [-122.46245915, 37.80152319]]}}, {"type": "Feature", "properties": {"weight": "light", "source": "R-10434.2"}, "geometry": {"type": "LineString", "coordinates": [[-122.46245915, 37.80152319], [-122.46245719, 37.80152461]]}}, {"type": "Feature", "properties": {"weight": "light", "source": "R-10434.2"}, "geometry": {"type": "LineString", "coordinates": [[-122.46245719, 37.80152461], [-122.46245551, 37.80152602]]}}, {"type": "Feature", "properties": {"weight": "light", "source": "R-10434.2"}, "geometry": {"type": "LineString", "coordinates": [[-122.46245551, 37.80152602], [-122.46245412, 37.80152743]]}}, {"type": "Feature", "properties": {"weight": "light", "source": "R-10434.2"}, "geometry": {"type": "LineString", "coordinates": [[-122.46245412, 37.80152743], [-122.46245331, 37.80152882]]}}, {"type": "Feature", "properties": {"weight": "light", "source": "R-10434.2"}, "geometry": {"type": "LineString", "coordinates": [[-122.46245331, 37.80152882], [-122.46245278, 37.80152998]]}}, {"type": "Feature", "properties": {"weight": "light", "source": "R-10434.2"}, "geometry": {"type": "LineString", "coordinates": [[-122.46245278, 37.80152998], [-122.46245253, 37.80153113]]}}, {"type": "Feature", "properties": {"weight": "light", "source": "R-10434.2"}, "geometry": {"type": "LineString", "coordinates": [[-122.46245253, 37.80153113], [-122.46245315, 37.80153226]]}}, {"type": "Feature", "properties": {"weight": "light", "source": "R-10434.2"}, "geometry": {"type": "LineString", "coordinates": [[-122.46245315, 37.80153226], [-122.46245405, 37.80153316]]}}, {"type": "Feature", "properties": {"weight": "light", "source": "R-10434.2"}, "geometry": {"type": "LineString", "coordinates": [[-122.46245405, 37.80153316], [-122.46245525, 37.80153427]]}}, {"type": "Feature", "properties": {"weight": "light", "source": "R-10434.2"}, "geometry": {"type": "LineString", "coordinates": [[-122.46245525, 37.80153427], [-122.46245673, 37.80153515]]}}, {"type": "Feature", "properties": {"weight": "light", "source": "R-10434.2"}, "geometry": {"type": "LineString", "coordinates": [[-122.46245673, 37.80153515], [-122.46245878, 37.80153602]]}}, {"type": "Feature", "properties": {"weight": "light", "source": "R-10434.2"}, "geometry": {"type": "LineString", "coordinates": [[-122.46245878, 37.80153602], [-122.46246082, 37.80153666]]}}, {"type": "Feature", "properties": {"weight": "light", "source": "R-10434.2"}, "geometry": {"type": "LineString", "coordinates": [[-122.46246082, 37.80153666], [-122.46246345, 37.80153751]]}}, {"type": "Feature", "properties": {"weight": "light", "source": "R-10434.2"}, "geometry": {"type": "LineString", "coordinates": [[-122.46246345, 37.80153751], [-122.46246607, 37.80153813]]}}, {"type": "Feature", "properties": {"weight": "light", "source": "R-10434.2"}, "geometry": {"type": "LineString", "coordinates": [[-122.46246607, 37.80153813], [-122.46246898, 37.80153875]]}}, {"type": "Feature", "properties": {"weight": "light", "source": "R-10434.2"}, "geometry": {"type": "LineString", "coordinates": [[-122.46246898, 37.80153875], [-122.46247219, 37.80153959]]}}, {"type": "Feature", "properties": {"weight": "light", "source": "R-10434.2"}, "geometry": {"type": "LineString", "coordinates": [[-122.46247219, 37.80153959], [-122.46247539, 37.8015402]]}}, {"type": "Feature", "properties": {"weight": "light", "source": "R-10434.2"}, "geometry": {"type": "LineString", "coordinates": [[-122.46247539, 37.8015402], [-122.46248206, 37.80154118]]}}, {"type": "Feature", "properties": {"weight": "light", "source": "R-10434.2"}, "geometry": {"type": "LineString", "coordinates": [[-122.46248206, 37.80154118], [-122.46248932, 37.80154238]]}}, {"type": "Feature", "properties": {"weight": "light", "source": "R-10434.2"}, "geometry": {"type": "LineString", "coordinates": [[-122.4650272, 37.80138419], [-122.4650348, 37.80138675]]}}, {"type": "Feature", "properties": {"weight": "light", "source": "R-10434.2"}, "geometry": {"type": "LineString", "coordinates": [[-122.4650348, 37.80138675], [-122.46504211, 37.8013891]]}}, {"type": "Feature", "properties": {"weight": "light", "source": "R-10434.2"}, "geometry": {"type": "LineString", "coordinates": [[-122.46504211, 37.8013891], [-122.46504533, 37.80139039]]}}, {"type": "Feature", "properties": {"weight": "light", "source": "R-10434.2"}, "geometry": {"type": "LineString", "coordinates": [[-122.46504533, 37.80139039], [-122.46504885, 37.80139191]]}}, {"type": "Feature", "properties": {"weight": "light", "source": "R-10434.2"}, "geometry": {"type": "LineString", "coordinates": [[-122.46504885, 37.80139191], [-122.46505179, 37.80139321]]}}, {"type": "Feature", "properties": {"weight": "light", "source": "R-10434.2"}, "geometry": {"type": "LineString", "coordinates": [[-122.46505179, 37.80139321], [-122.46505473, 37.80139475]]}}, {"type": "Feature", "properties": {"weight": "light", "source": "R-10434.2"}, "geometry": {"type": "LineString", "coordinates": [[-122.46505473, 37.80139475], [-122.46505709, 37.80139606]]}}, {"type": "Feature", "properties": {"weight": "light", "source": "R-10434.2"}, "geometry": {"type": "LineString", "coordinates": [[-122.46505709, 37.80139606], [-122.46505946, 37.80139761]]}}, {"type": "Feature", "properties": {"weight": "light", "source": "R-10434.2"}, "geometry": {"type": "LineString", "coordinates": [[-122.46505946, 37.80139761], [-122.46506126, 37.8013994]]}}, {"type": "Feature", "properties": {"weight": "light", "source": "R-10434.2"}, "geometry": {"type": "LineString", "coordinates": [[-122.46506126, 37.8013994], [-122.46506277, 37.80140119]]}}, {"type": "Feature", "properties": {"weight": "light", "source": "R-10434.2"}, "geometry": {"type": "LineString", "coordinates": [[-122.46506277, 37.80140119], [-122.46506371, 37.801403]]}}, {"type": "Feature", "properties": {"weight": "light", "source": "R-10434.2"}, "geometry": {"type": "LineString", "coordinates": [[-122.46506371, 37.801403], [-122.46506435, 37.80140482]]}}, {"type": "Feature", "properties": {"weight": "light", "source": "R-10434.2"}, "geometry": {"type": "LineString", "coordinates": [[-122.46506435, 37.80140482], [-122.46506472, 37.80140687]]}}, {"type": "Feature", "properties": {"weight": "light", "source": "R-10434.2"}, "geometry": {"type": "LineString", "coordinates": [[-122.46506472, 37.80140687], [-122.46506452, 37.80140916]]}}, {"type": "Feature", "properties": {"weight": "light", "source": "R-10434.2"}, "geometry": {"type": "LineString", "coordinates": [[-122.46506452, 37.80140916], [-122.46506373, 37.80141124]]}}, {"type": "Feature", "properties": {"weight": "light", "source": "R-10434.2"}, "geometry": {"type": "LineString", "coordinates": [[-122.46506373, 37.80141124], [-122.46506295, 37.80141355]]}}, {"type": "Feature", "properties": {"weight": "light", "source": "R-10434.2"}, "geometry": {"type": "LineString", "coordinates": [[-122.46506295, 37.80141355], [-122.4650616, 37.80141587]]}}, {"type": "Feature", "properties": {"weight": "light", "source": "R-10434.2"}, "geometry": {"type": "LineString", "coordinates": [[-122.4650616, 37.80141587], [-122.46505997, 37.80141843]]}}, {"type": "Feature", "properties": {"weight": "light", "source": "R-10434.2"}, "geometry": {"type": "LineString", "coordinates": [[-122.46505997, 37.80141843], [-122.46505833, 37.80142099]]}}, {"type": "Feature", "properties": {"weight": "light", "source": "R-10434.2"}, "geometry": {"type": "LineString", "coordinates": [[-122.46505833, 37.80142099], [-122.4650564, 37.80142333]]}}, {"type": "Feature", "properties": {"weight": "light", "source": "R-10434.2"}, "geometry": {"type": "LineString", "coordinates": [[-122.4650564, 37.80142333], [-122.46505419, 37.8014259]]}}, {"type": "Feature", "properties": {"weight": "light", "source": "R-10434.2"}, "geometry": {"type": "LineString", "coordinates": [[-122.46505419, 37.8014259], [-122.46505198, 37.80142847]]}}, {"type": "Feature", "properties": {"weight": "light", "source": "R-10434.2"}, "geometry": {"type": "LineString", "coordinates": [[-122.46505198, 37.80142847], [-122.46504699, 37.80143363]]}}, {"type": "Feature", "properties": {"weight": "light", "source": "R-10434.2"}, "geometry": {"type": "LineString", "coordinates": [[-122.46504699, 37.80143363], [-122.46504199, 37.80143878]]}}, {"type": "Feature", "properties": {"weight": "light", "source": "R-10434.2"}, "geometry": {"type": "LineString", "coordinates": [[-122.46504199, 37.80143878], [-122.46503698, 37.80144371]]}}, {"type": "Feature", "properties": {"weight": "light", "source": "R-10434.2"}, "geometry": {"type": "LineString", "coordinates": [[-122.46503698, 37.80144371], [-122.46503477, 37.80144606]]}}, {"type": "Feature", "properties": {"weight": "light", "source": "R-10434.2"}, "geometry": {"type": "LineString", "coordinates": [[-122.46503477, 37.80144606], [-122.46503255, 37.8014484]]}}, {"type": "Feature", "properties": {"weight": "light", "source": "R-10434.2"}, "geometry": {"type": "LineString", "coordinates": [[-122.46503255, 37.8014484], [-122.46503062, 37.80145074]]}}, {"type": "Feature", "properties": {"weight": "light", "source": "R-10434.2"}, "geometry": {"type": "LineString", "coordinates": [[-122.46503062, 37.80145074], [-122.46502869, 37.80145307]]}}, {"type": "Feature", "properties": {"weight": "light", "source": "R-10434.2"}, "geometry": {"type": "LineString", "coordinates": [[-122.46502869, 37.80145307], [-122.46502703, 37.80145517]]}}, {"type": "Feature", "properties": {"weight": "light", "source": "R-10434.2"}, "geometry": {"type": "LineString", "coordinates": [[-122.46502703, 37.80145517], [-122.46502596, 37.80145726]]}}, {"type": "Feature", "properties": {"weight": "light", "source": "R-10434.2"}, "geometry": {"type": "LineString", "coordinates": [[-122.46502596, 37.80145726], [-122.46502488, 37.80145912]]}}, {"type": "Feature", "properties": {"weight": "light", "source": "R-10434.2"}, "geometry": {"type": "LineString", "coordinates": [[-122.46502488, 37.80145912], [-122.46502408, 37.80146097]]}}, {"type": "Feature", "properties": {"weight": "light", "source": "R-10434.2"}, "geometry": {"type": "LineString", "coordinates": [[-122.46502408, 37.80146097], [-122.46502386, 37.8014628]]}}, {"type": "Feature", "properties": {"weight": "light", "source": "R-10434.2"}, "geometry": {"type": "LineString", "coordinates": [[-122.46502386, 37.8014628], [-122.46502393, 37.8014644]]}}, {"type": "Feature", "properties": {"weight": "light", "source": "R-10434.2"}, "geometry": {"type": "LineString", "coordinates": [[-122.46502393, 37.8014644], [-122.46502455, 37.80146576]]}}, {"type": "Feature", "properties": {"weight": "light", "source": "R-10434.2"}, "geometry": {"type": "LineString", "coordinates": [[-122.46502455, 37.80146576], [-122.46502547, 37.80146711]]}}, {"type": "Feature", "properties": {"weight": "light", "source": "R-10434.2"}, "geometry": {"type": "LineString", "coordinates": [[-122.46502547, 37.80146711], [-122.46502668, 37.80146846]]}}, {"type": "Feature", "properties": {"weight": "light", "source": "R-10434.2"}, "geometry": {"type": "LineString", "coordinates": [[-122.46502668, 37.80146846], [-122.46502816, 37.80146957]]}}, {"type": "Feature", "properties": {"weight": "light", "source": "R-10434.2"}, "geometry": {"type": "LineString", "coordinates": [[-122.46502816, 37.80146957], [-122.46502994, 37.80147067]]}}, {"type": "Feature", "properties": {"weight": "light", "source": "R-10434.2"}, "geometry": {"type": "LineString", "coordinates": [[-122.46502994, 37.80147067], [-122.46503228, 37.80147153]]}}, {"type": "Feature", "properties": {"weight": "light", "source": "R-10434.2"}, "geometry": {"type": "LineString", "coordinates": [[-122.46503228, 37.80147153], [-122.46503462, 37.80147239]]}}, {"type": "Feature", "properties": {"weight": "light", "source": "R-10434.2"}, "geometry": {"type": "LineString", "coordinates": [[-122.46503462, 37.80147239], [-122.46503725, 37.80147324]]}}, {"type": "Feature", "properties": {"weight": "light", "source": "R-10434.2"}, "geometry": {"type": "LineString", "coordinates": [[-122.46503725, 37.80147324], [-122.46504045, 37.80147385]]}}, {"type": "Feature", "properties": {"weight": "light", "source": "R-10434.2"}, "geometry": {"type": "LineString", "coordinates": [[-122.46504045, 37.80147385], [-122.46504364, 37.80147446]]}}, {"type": "Feature", "properties": {"weight": "light", "source": "R-10434.2"}, "geometry": {"type": "LineString", "coordinates": [[-122.46504364, 37.80147446], [-122.46504713, 37.80147506]]}}, {"type": "Feature", "properties": {"weight": "light", "source": "R-10434.2"}, "geometry": {"type": "LineString", "coordinates": [[-122.46504713, 37.80147506], [-122.46505061, 37.80147544]]}}, {"type": "Feature", "properties": {"weight": "light", "source": "R-10434.2"}, "geometry": {"type": "LineString", "coordinates": [[-122.46505061, 37.80147544], [-122.46505466, 37.8014758]]}}, {"type": "Feature", "properties": {"weight": "light", "source": "R-10434.2"}, "geometry": {"type": "LineString", "coordinates": [[-122.46505466, 37.8014758], [-122.46505871, 37.80147616]]}}, {"type": "Feature", "properties": {"weight": "light", "source": "R-10434.2"}, "geometry": {"type": "LineString", "coordinates": [[-122.46505871, 37.80147616], [-122.46506277, 37.80147652]]}}, {"type": "Feature", "properties": {"weight": "light", "source": "R-10434.2"}, "geometry": {"type": "LineString", "coordinates": [[-122.46506277, 37.80147652], [-122.4650671, 37.80147664]]}}, {"type": "Feature", "properties": {"weight": "light", "source": "R-10434.2"}, "geometry": {"type": "LineString", "coordinates": [[-122.4650671, 37.80147664], [-122.46507606, 37.80147712]]}}, {"type": "Feature", "properties": {"weight": "light", "source": "R-10434.2"}, "geometry": {"type": "LineString", "coordinates": [[-122.46507606, 37.80147712], [-122.4650856, 37.80147734]]}}, {"type": "Feature", "properties": {"weight": "light", "source": "R-10434.2"}, "geometry": {"type": "LineString", "coordinates": [[-122.4650856, 37.80147734], [-122.46509513, 37.80147757]]}}, {"type": "Feature", "properties": {"weight": "light", "source": "R-10434.2"}, "geometry": {"type": "LineString", "coordinates": [[-122.46509513, 37.80147757], [-122.46510495, 37.80147779]]}}, {"type": "Feature", "properties": {"weight": "light", "source": "R-10434.2"}, "geometry": {"type": "LineString", "coordinates": [[-122.46496023, 37.80197927], [-122.46496691, 37.80198025]]}}, {"type": "Feature", "properties": {"weight": "light", "source": "R-10434.2"}, "geometry": {"type": "LineString", "coordinates": [[-122.46496691, 37.80198025], [-122.46497358, 37.80198124]]}}, {"type": "Feature", "properties": {"weight": "light", "source": "R-10434.2"}, "geometry": {"type": "LineString", "coordinates": [[-122.46497358, 37.80198124], [-122.46497676, 37.80198139]]}}, {"type": "Feature", "properties": {"weight": "light", "source": "R-10434.2"}, "geometry": {"type": "LineString", "coordinates": [[-122.46497676, 37.80198139], [-122.46497994, 37.80198154]]}}, {"type": "Feature", "properties": {"weight": "light", "source": "R-10434.2"}, "geometry": {"type": "LineString", "coordinates": [[-122.46497994, 37.80198154], [-122.46498283, 37.8019817]]}}, {"type": "Feature", "properties": {"weight": "light", "source": "R-10434.2"}, "geometry": {"type": "LineString", "coordinates": [[-122.46498283, 37.8019817], [-122.464986, 37.8019814]]}}, {"type": "Feature", "properties": {"weight": "light", "source": "R-10434.2"}, "geometry": {"type": "LineString", "coordinates": [[-122.464986, 37.8019814], [-122.46498858, 37.80198111]]}}, {"type": "Feature", "properties": {"weight": "light", "source": "R-10434.2"}, "geometry": {"type": "LineString", "coordinates": [[-122.46498858, 37.80198111], [-122.46499116, 37.80198059]]}}, {"type": "Feature", "properties": {"weight": "light", "source": "R-10434.2"}, "geometry": {"type": "LineString", "coordinates": [[-122.46499116, 37.80198059], [-122.46499373, 37.80197984]]}}, {"type": "Feature", "properties": {"weight": "light", "source": "R-10434.2"}, "geometry": {"type": "LineString", "coordinates": [[-122.46499373, 37.80197984], [-122.464996, 37.80197887]]}}, {"type": "Feature", "properties": {"weight": "light", "source": "R-10434.2"}, "geometry": {"type": "LineString", "coordinates": [[-122.464996, 37.80197887], [-122.46499825, 37.80197744]]}}, {"type": "Feature", "properties": {"weight": "light", "source": "R-10434.2"}, "geometry": {"type": "LineString", "coordinates": [[-122.46499825, 37.80197744], [-122.46500021, 37.80197579]]}}, {"type": "Feature", "properties": {"weight": "light", "source": "R-10434.2"}, "geometry": {"type": "LineString", "coordinates": [[-122.46500021, 37.80197579], [-122.46500187, 37.80197392]]}}, {"type": "Feature", "properties": {"weight": "light", "source": "R-10434.2"}, "geometry": {"type": "LineString", "coordinates": [[-122.46500187, 37.80197392], [-122.46500352, 37.80197182]]}}, {"type": "Feature", "properties": {"weight": "light", "source": "R-10434.2"}, "geometry": {"type": "LineString", "coordinates": [[-122.46500352, 37.80197182], [-122.46500653, 37.80196739]]}}, {"type": "Feature", "properties": {"weight": "light", "source": "R-10434.2"}, "geometry": {"type": "LineString", "coordinates": [[-122.46500653, 37.80196739], [-122.46500789, 37.8019653]]}}, {"type": "Feature", "properties": {"weight": "light", "source": "R-10434.2"}, "geometry": {"type": "LineString", "coordinates": [[-122.46500789, 37.8019653], [-122.46500955, 37.80196343]]}}, {"type": "Feature", "properties": {"weight": "light", "source": "R-10434.2"}, "geometry": {"type": "LineString", "coordinates": [[-122.46500955, 37.80196343], [-122.46501122, 37.80196179]]}}, {"type": "Feature", "properties": {"weight": "light", "source": "R-10434.2"}, "geometry": {"type": "LineString", "coordinates": [[-122.46501122, 37.80196179], [-122.46501205, 37.80196108]]}}, {"type": "Feature", "properties": {"weight": "light", "source": "R-10434.2"}, "geometry": {"type": "LineString", "coordinates": [[-122.46501205, 37.80196108], [-122.46501289, 37.80196037]]}}, {"type": "Feature", "properties": {"weight": "light", "source": "R-10434.2"}, "geometry": {"type": "LineString", "coordinates": [[-122.46501289, 37.80196037], [-122.46501403, 37.80195989]]}}, {"type": "Feature", "properties": {"weight": "light", "source": "R-10434.2"}, "geometry": {"type": "LineString", "coordinates": [[-122.46501403, 37.80195989], [-122.46501517, 37.80195963]]}}, {"type": "Feature", "properties": {"weight": "light", "source": "R-10434.2"}, "geometry": {"type": "LineString", "coordinates": [[-122.46501517, 37.80195963], [-122.46501632, 37.80195937]]}}, {"type": "Feature", "properties": {"weight": "light", "source": "R-10434.2"}, "geometry": {"type": "LineString", "coordinates": [[-122.46501632, 37.80195937], [-122.46501746, 37.80195912]]}}, {"type": "Feature", "properties": {"weight": "light", "source": "R-10434.2"}, "geometry": {"type": "LineString", "coordinates": [[-122.46501746, 37.80195912], [-122.46502006, 37.80195905]]}}, {"type": "Feature", "properties": {"weight": "light", "source": "R-10434.2"}, "geometry": {"type": "LineString", "coordinates": [[-122.46502006, 37.80195905], [-122.46502267, 37.80195945]]}}, {"type": "Feature", "properties": {"weight": "light", "source": "R-10434.2"}, "geometry": {"type": "LineString", "coordinates": [[-122.46502267, 37.80195945], [-122.46502557, 37.80195984]]}}, {"type": "Feature", "properties": {"weight": "light", "source": "R-10434.2"}, "geometry": {"type": "LineString", "coordinates": [[-122.46502557, 37.80195984], [-122.46502849, 37.80196068]]}}, {"type": "Feature", "properties": {"weight": "light", "source": "R-10434.2"}, "geometry": {"type": "LineString", "coordinates": [[-122.46502849, 37.80196068], [-122.4650317, 37.80196175]]}}, {"type": "Feature", "properties": {"weight": "light", "source": "R-10434.2"}, "geometry": {"type": "LineString", "coordinates": [[-122.4650317, 37.80196175], [-122.46503463, 37.80196282]]}}, {"type": "Feature", "properties": {"weight": "light", "source": "R-10434.2"}, "geometry": {"type": "LineString", "coordinates": [[-122.46503463, 37.80196282], [-122.46504108, 37.80196542]]}}, {"type": "Feature", "properties": {"weight": "light", "source": "R-10434.2"}, "geometry": {"type": "LineString", "coordinates": [[-122.46138141, 37.80135016], [-122.46129193, 37.80113045]]}}, {"type": "Feature", "properties": {"weight": "light", "source": "R-10434.2"}, "geometry": {"type": "LineString", "coordinates": [[-122.46129193, 37.80113045], [-122.46124321, 37.80113162]]}}, {"type": "Feature", "properties": {"weight": "light", "source": "R-10434.2"}, "geometry": {"type": "LineString", "coordinates": [[-122.46152747, 37.80135145], [-122.46153484, 37.80134784]]}}, {"type": "Feature", "properties": {"weight": "light", "source": "R-10434.2"}, "geometry": {"type": "LineString", "coordinates": [[-122.46153484, 37.80134784], [-122.4615425, 37.80134445]]}}, {"type": "Feature", "properties": {"weight": "light", "source": "R-10434.2"}, "geometry": {"type": "LineString", "coordinates": [[-122.4615425, 37.80134445], [-122.46154647, 37.80134275]]}}, {"type": "Feature", "properties": {"weight": "light", "source": "R-10434.2"}, "geometry": {"type": "LineString", "coordinates": [[-122.46154647, 37.80134275], [-122.46155046, 37.80134128]]}}, {"type": "Feature", "properties": {"weight": "light", "source": "R-10434.2"}, "geometry": {"type": "LineString", "coordinates": [[-122.46155046, 37.80134128], [-122.46155445, 37.80134004]]}}, {"type": "Feature", "properties": {"weight": "light", "source": "R-10434.2"}, "geometry": {"type": "LineString", "coordinates": [[-122.46155445, 37.80134004], [-122.46155873, 37.80133879]]}}, {"type": "Feature", "properties": {"weight": "light", "source": "R-10434.2"}, "geometry": {"type": "LineString", "coordinates": [[-122.46155873, 37.80133879], [-122.46156331, 37.80133777]]}}, {"type": "Feature", "properties": {"weight": "light", "source": "R-10434.2"}, "geometry": {"type": "LineString", "coordinates": [[-122.46156331, 37.80133777], [-122.46156789, 37.80133697]]}}, {"type": "Feature", "properties": {"weight": "light", "source": "R-10434.2"}, "geometry": {"type": "LineString", "coordinates": [[-122.46156789, 37.80133697], [-122.46157278, 37.80133639]]}}, {"type": "Feature", "properties": {"weight": "light", "source": "R-10434.2"}, "geometry": {"type": "LineString", "coordinates": [[-122.46157278, 37.80133639], [-122.46157738, 37.80133605]]}}, {"type": "Feature", "properties": {"weight": "light", "source": "R-10434.2"}, "geometry": {"type": "LineString", "coordinates": [[-122.46157738, 37.80133605], [-122.46158716, 37.80133513]]}}, {"type": "Feature", "properties": {"weight": "light", "source": "R-10434.2"}, "geometry": {"type": "LineString", "coordinates": [[-122.46158716, 37.80133513], [-122.46159176, 37.80133479]]}}, {"type": "Feature", "properties": {"weight": "light", "source": "R-10434.2"}, "geometry": {"type": "LineString", "coordinates": [[-122.46159176, 37.80133479], [-122.46159607, 37.80133423]]}}, {"type": "Feature", "properties": {"weight": "light", "source": "R-10434.2"}, "geometry": {"type": "LineString", "coordinates": [[-122.46159607, 37.80133423], [-122.46160037, 37.80133344]]}}, {"type": "Feature", "properties": {"weight": "light", "source": "R-10434.2"}, "geometry": {"type": "LineString", "coordinates": [[-122.46160037, 37.80133344], [-122.46160409, 37.80133266]]}}, {"type": "Feature", "properties": {"weight": "light", "source": "R-10434.2"}, "geometry": {"type": "LineString", "coordinates": [[-122.46160409, 37.80133266], [-122.4616058, 37.80133216]]}}, {"type": "Feature", "properties": {"weight": "light", "source": "R-10434.2"}, "geometry": {"type": "LineString", "coordinates": [[-122.4616058, 37.80133216], [-122.46160751, 37.80133167]]}}, {"type": "Feature", "properties": {"weight": "light", "source": "R-10434.2"}, "geometry": {"type": "LineString", "coordinates": [[-122.46160751, 37.80133167], [-122.46160921, 37.80133094]]}}, {"type": "Feature", "properties": {"weight": "light", "source": "R-10434.2"}, "geometry": {"type": "LineString", "coordinates": [[-122.46160921, 37.80133094], [-122.46161063, 37.80133022]]}}, {"type": "Feature", "properties": {"weight": "light", "source": "R-10434.2"}, "geometry": {"type": "LineString", "coordinates": [[-122.46161063, 37.80133022], [-122.46161175, 37.80132927]]}}, {"type": "Feature", "properties": {"weight": "light", "source": "R-10434.2"}, "geometry": {"type": "LineString", "coordinates": [[-122.46161175, 37.80132927], [-122.46161316, 37.80132832]]}}, {"type": "Feature", "properties": {"weight": "light", "source": "R-10434.2"}, "geometry": {"type": "LineString", "coordinates": [[-122.46161316, 37.80132832], [-122.46161398, 37.80132739]]}}, {"type": "Feature", "properties": {"weight": "light", "source": "R-10434.2"}, "geometry": {"type": "LineString", "coordinates": [[-122.46161398, 37.80132739], [-122.4616151, 37.80132645]]}}, {"type": "Feature", "properties": {"weight": "light", "source": "R-10434.2"}, "geometry": {"type": "LineString", "coordinates": [[-122.4616151, 37.80132645], [-122.46161592, 37.80132528]]}}, {"type": "Feature", "properties": {"weight": "light", "source": "R-10434.2"}, "geometry": {"type": "LineString", "coordinates": [[-122.46161592, 37.80132528], [-122.46161675, 37.80132412]]}}, {"type": "Feature", "properties": {"weight": "light", "source": "R-10434.2"}, "geometry": {"type": "LineString", "coordinates": [[-122.46161675, 37.80132412], [-122.4616178, 37.80132157]]}}, {"type": "Feature", "properties": {"weight": "light", "source": "R-10434.2"}, "geometry": {"type": "LineString", "coordinates": [[-122.4616178, 37.80132157], [-122.46161884, 37.80131857]]}}, {"type": "Feature", "properties": {"weight": "light", "source": "R-10434.2"}, "geometry": {"type": "LineString", "coordinates": [[-122.46161884, 37.80131857], [-122.46161931, 37.80131558]]}}, {"type": "Feature", "properties": {"weight": "light", "source": "R-10434.2"}, "geometry": {"type": "LineString", "coordinates": [[-122.46161931, 37.80131558], [-122.46161947, 37.80131237]]}}, {"type": "Feature", "properties": {"weight": "light", "source": "R-10434.2"}, "geometry": {"type": "LineString", "coordinates": [[-122.46161947, 37.80131237], [-122.46161933, 37.80130871]]}}, {"type": "Feature", "properties": {"weight": "light", "source": "R-10434.2"}, "geometry": {"type": "LineString", "coordinates": [[-122.46161933, 37.80130871], [-122.4616189, 37.80130506]]}}, {"type": "Feature", "properties": {"weight": "light", "source": "R-10434.2"}, "geometry": {"type": "LineString", "coordinates": [[-122.4616189, 37.80130506], [-122.46161847, 37.80130118]]}}, {"type": "Feature", "properties": {"weight": "light", "source": "R-10434.2"}, "geometry": {"type": "LineString", "coordinates": [[-122.46161847, 37.80130118], [-122.46161774, 37.8012973]]}}, {"type": "Feature", "properties": {"weight": "light", "source": "R-10434.2"}, "geometry": {"type": "LineString", "coordinates": [[-122.46161774, 37.8012973], [-122.46161672, 37.80129321]]}}, {"type": "Feature", "properties": {"weight": "light", "source": "R-10434.2"}, "geometry": {"type": "LineString", "coordinates": [[-122.46161672, 37.80129321], [-122.4616157, 37.80128911]]}}, {"type": "Feature", "properties": {"weight": "light", "source": "R-10434.2"}, "geometry": {"type": "LineString", "coordinates": [[-122.4616157, 37.80128911], [-122.46161438, 37.80128479]]}}, {"type": "Feature", "properties": {"weight": "light", "source": "R-10434.2"}, "geometry": {"type": "LineString", "coordinates": [[-122.46161438, 37.80128479], [-122.46161173, 37.80127593]]}}, {"type": "Feature", "properties": {"weight": "light", "source": "R-10434.2"}, "geometry": {"type": "LineString", "coordinates": [[-122.46161173, 37.80127593], [-122.46160908, 37.80126706]]}}, {"type": "Feature", "properties": {"weight": "light", "source": "R-10434.2"}, "geometry": {"type": "LineString", "coordinates": [[-122.46160908, 37.80126706], [-122.46160673, 37.80125842]]}}, {"type": "Feature", "properties": {"weight": "light", "source": "R-10434.2"}, "geometry": {"type": "LineString", "coordinates": [[-122.46160673, 37.80125842], [-122.46160541, 37.8012541]]}}, {"type": "Feature", "properties": {"weight": "light", "source": "R-10434.2"}, "geometry": {"type": "LineString", "coordinates": [[-122.46160541, 37.8012541], [-122.46160438, 37.80124977]]}}, {"type": "Feature", "properties": {"weight": "light", "source": "R-10434.2"}, "geometry": {"type": "LineString", "coordinates": [[-122.46160438, 37.80124977], [-122.46160364, 37.80124544]]}}, {"type": "Feature", "properties": {"weight": "light", "source": "R-10434.2"}, "geometry": {"type": "LineString", "coordinates": [[-122.46160364, 37.80124544], [-122.4616029, 37.80124134]]}}, {"type": "Feature", "properties": {"weight": "light", "source": "R-10434.2"}, "geometry": {"type": "LineString", "coordinates": [[-122.4616029, 37.80124134], [-122.46160247, 37.80123746]]}}, {"type": "Feature", "properties": {"weight": "light", "source": "R-10434.2"}, "geometry": {"type": "LineString", "coordinates": [[-122.46160247, 37.80123746], [-122.46160232, 37.80123357]]}}, {"type": "Feature", "properties": {"weight": "light", "source": "R-10434.2"}, "geometry": {"type": "LineString", "coordinates": [[-122.46160232, 37.80123357], [-122.46160218, 37.80122991]]}}, {"type": "Feature", "properties": {"weight": "light", "source": "R-10434.2"}, "geometry": {"type": "LineString", "coordinates": [[-122.46160218, 37.80122991], [-122.46160263, 37.80122646]]}}, {"type": "Feature", "properties": {"weight": "light", "source": "R-10434.2"}, "geometry": {"type": "LineString", "coordinates": [[-122.46160263, 37.80122646], [-122.46160336, 37.80122301]]}}, {"type": "Feature", "properties": {"weight": "light", "source": "R-10434.2"}, "geometry": {"type": "LineString", "coordinates": [[-122.46160336, 37.80122301], [-122.46160411, 37.80122001]]}}, {"type": "Feature", "properties": {"weight": "light", "source": "R-10434.2"}, "geometry": {"type": "LineString", "coordinates": [[-122.46160411, 37.80122001], [-122.46160573, 37.801217]]}}, {"type": "Feature", "properties": {"weight": "light", "source": "R-10434.2"}, "geometry": {"type": "LineString", "coordinates": [[-122.46160573, 37.801217], [-122.46160655, 37.80121583]]}}, {"type": "Feature", "properties": {"weight": "light", "source": "R-10434.2"}, "geometry": {"type": "LineString", "coordinates": [[-122.46160655, 37.80121583], [-122.46160736, 37.80121444]]}}, {"type": "Feature", "properties": {"weight": "light", "source": "R-10434.2"}, "geometry": {"type": "LineString", "coordinates": [[-122.46160736, 37.80121444], [-122.46160847, 37.80121327]]}}, {"type": "Feature", "properties": {"weight": "light", "source": "R-10434.2"}, "geometry": {"type": "LineString", "coordinates": [[-122.46160847, 37.80121327], [-122.46160987, 37.80121209]]}}, {"type": "Feature", "properties": {"weight": "light", "source": "R-10434.2"}, "geometry": {"type": "LineString", "coordinates": [[-122.46160987, 37.80121209], [-122.46161099, 37.80121115]]}}, {"type": "Feature", "properties": {"weight": "light", "source": "R-10434.2"}, "geometry": {"type": "LineString", "coordinates": [[-122.46161099, 37.80121115], [-122.46161238, 37.80120997]]}}, {"type": "Feature", "properties": {"weight": "light", "source": "R-10434.2"}, "geometry": {"type": "LineString", "coordinates": [[-122.46161238, 37.80120997], [-122.46161409, 37.80120924]]}}, {"type": "Feature", "properties": {"weight": "light", "source": "R-10434.2"}, "geometry": {"type": "LineString", "coordinates": [[-122.46161409, 37.80120924], [-122.46161578, 37.80120829]]}}, {"type": "Feature", "properties": {"weight": "light", "source": "R-10434.2"}, "geometry": {"type": "LineString", "coordinates": [[-122.46161578, 37.80120829], [-122.46161748, 37.80120756]]}}, {"type": "Feature", "properties": {"weight": "light", "source": "R-10434.2"}, "geometry": {"type": "LineString", "coordinates": [[-122.46161748, 37.80120756], [-122.46161948, 37.80120682]]}}, {"type": "Feature", "properties": {"weight": "light", "source": "R-10434.2"}, "geometry": {"type": "LineString", "coordinates": [[-122.46161948, 37.80120682], [-122.46162347, 37.80120558]]}}, {"type": "Feature", "properties": {"weight": "light", "source": "R-10434.2"}, "geometry": {"type": "LineString", "coordinates": [[-122.46162347, 37.80120558], [-122.46162805, 37.80120456]]}}, {"type": "Feature", "properties": {"weight": "light", "source": "R-10434.2"}, "geometry": {"type": "LineString", "coordinates": [[-122.46162805, 37.80120456], [-122.46163292, 37.80120375]]}}, {"type": "Feature", "properties": {"weight": "light", "source": "R-10434.2"}, "geometry": {"type": "LineString", "coordinates": [[-122.46163292, 37.80120375], [-122.4616378, 37.80120318]]}}, {"type": "Feature", "properties": {"weight": "light", "source": "R-10434.2"}, "geometry": {"type": "LineString", "coordinates": [[-122.4616378, 37.80120318], [-122.46164327, 37.80120259]]}}, {"type": "Feature", "properties": {"weight": "light", "source": "R-10434.2"}, "geometry": {"type": "LineString", "coordinates": [[-122.46164327, 37.80120259], [-122.46164873, 37.80120223]]}}, {"type": "Feature", "properties": {"weight": "light", "source": "R-10434.2"}, "geometry": {"type": "LineString", "coordinates": [[-122.46164873, 37.80120223], [-122.46165967, 37.80120151]]}}, {"type": "Feature", "properties": {"weight": "light", "source": "R-10434.2"}, "geometry": {"type": "LineString", "coordinates": [[-122.4610275, 37.80190543], [-122.46102383, 37.80191491]]}}, {"type": "Feature", "properties": {"weight": "light", "source": "R-10434.2"}, "geometry": {"type": "LineString", "coordinates": [[-122.46102383, 37.80191491], [-122.46102072, 37.80192414]]}}, {"type": "Feature", "properties": {"weight": "light", "source": "R-10434.2"}, "geometry": {"type": "LineString", "coordinates": [[-122.46102072, 37.80192414], [-122.46101916, 37.80192876]]}}, {"type": "Feature", "properties": {"weight": "light", "source": "R-10434.2"}, "geometry": {"type": "LineString", "coordinates": [[-122.46101916, 37.80192876], [-122.46101789, 37.80193336]]}}, {"type": "Feature", "properties": {"weight": "light", "source": "R-10434.2"}, "geometry": {"type": "LineString", "coordinates": [[-122.46101789, 37.80193336], [-122.4610172, 37.80193796]]}}, {"type": "Feature", "properties": {"weight": "light", "source": "R-10434.2"}, "geometry": {"type": "LineString", "coordinates": [[-122.4610172, 37.80193796], [-122.46101651, 37.80194256]]}}, {"type": "Feature", "properties": {"weight": "light", "source": "R-10434.2"}, "geometry": {"type": "LineString", "coordinates": [[-122.46101651, 37.80194256], [-122.4610161, 37.80194692]]}}, {"type": "Feature", "properties": {"weight": "light", "source": "R-10434.2"}, "geometry": {"type": "LineString", "coordinates": [[-122.4610161, 37.80194692], [-122.46101628, 37.80195149]]}}, {"type": "Feature", "properties": {"weight": "light", "source": "R-10434.2"}, "geometry": {"type": "LineString", "coordinates": [[-122.46101628, 37.80195149], [-122.46101674, 37.80195606]]}}, {"type": "Feature", "properties": {"weight": "light", "source": "R-10434.2"}, "geometry": {"type": "LineString", "coordinates": [[-122.46101674, 37.80195606], [-122.46101777, 37.80196039]]}}, {"type": "Feature", "properties": {"weight": "light", "source": "R-10434.2"}, "geometry": {"type": "LineString", "coordinates": [[-122.46101777, 37.80196039], [-122.46101909, 37.8019647]]}}, {"type": "Feature", "properties": {"weight": "light", "source": "R-10434.2"}, "geometry": {"type": "LineString", "coordinates": [[-122.46101909, 37.8019647], [-122.461021, 37.80196924]]}}, {"type": "Feature", "properties": {"weight": "light", "source": "R-10434.2"}, "geometry": {"type": "LineString", "coordinates": [[-122.461021, 37.80196924], [-122.46102347, 37.80197353]]}}, {"type": "Feature", "properties": {"weight": "light", "source": "R-10434.2"}, "geometry": {"type": "LineString", "coordinates": [[-122.46102347, 37.80197353], [-122.46102651, 37.80197758]]}}, {"type": "Feature", "properties": {"weight": "light", "source": "R-10434.2"}, "geometry": {"type": "LineString", "coordinates": [[-122.46102651, 37.80197758], [-122.46102956, 37.80198185]]}}, {"type": "Feature", "properties": {"weight": "light", "source": "R-10434.2"}, "geometry": {"type": "LineString", "coordinates": [[-122.46102956, 37.80198185], [-122.46103318, 37.80198612]]}}, {"type": "Feature", "properties": {"weight": "light", "source": "R-10434.2"}, "geometry": {"type": "LineString", "coordinates": [[-122.46103318, 37.80198612], [-122.46103709, 37.80199014]]}}, {"type": "Feature", "properties": {"weight": "light", "source": "R-10434.2"}, "geometry": {"type": "LineString", "coordinates": [[-122.46103709, 37.80199014], [-122.46104158, 37.80199439]]}}, {"type": "Feature", "properties": {"weight": "light", "source": "R-10434.2"}, "geometry": {"type": "LineString", "coordinates": [[-122.46104158, 37.80199439], [-122.46104606, 37.8019984]]}}, {"type": "Feature", "properties": {"weight": "light", "source": "R-10434.2"}, "geometry": {"type": "LineString", "coordinates": [[-122.46104606, 37.8019984], [-122.46105083, 37.80200241]]}}, {"type": "Feature", "properties": {"weight": "light", "source": "R-10434.2"}, "geometry": {"type": "LineString", "coordinates": [[-122.46105083, 37.80200241], [-122.46105589, 37.80200641]]}}, {"type": "Feature", "properties": {"weight": "light", "source": "R-10434.2"}, "geometry": {"type": "LineString", "coordinates": [[-122.46105589, 37.80200641], [-122.46106123, 37.80201017]]}}, {"type": "Feature", "properties": {"weight": "light", "source": "R-10434.2"}, "geometry": {"type": "LineString", "coordinates": [[-122.46106123, 37.80201017], [-122.46106657, 37.80201416]]}}, {"type": "Feature", "properties": {"weight": "light", "source": "R-10434.2"}, "geometry": {"type": "LineString", "coordinates": [[-122.46106657, 37.80201416], [-122.4610722, 37.80201792]]}}, {"type": "Feature", "properties": {"weight": "light", "source": "R-10434.2"}, "geometry": {"type": "LineString", "coordinates": [[-122.4610722, 37.80201792], [-122.46108346, 37.80202566]]}}, {"type": "Feature", "properties": {"weight": "light", "source": "R-10434.2"}, "geometry": {"type": "LineString", "coordinates": [[-122.46108346, 37.80202566], [-122.46109529, 37.80203316]]}}, {"type": "Feature", "properties": {"weight": "light", "source": "R-10434.2"}, "geometry": {"type": "LineString", "coordinates": [[-122.46109529, 37.80203316], [-122.46110711, 37.80204043]]}}, {"type": "Feature", "properties": {"weight": "light", "source": "R-10434.2"}, "geometry": {"type": "LineString", "coordinates": [[-122.46110711, 37.80204043], [-122.46111863, 37.80204748]]}}, {"type": "Feature", "properties": {"weight": "light", "source": "R-10434.2"}, "geometry": {"type": "LineString", "coordinates": [[-122.46111863, 37.80204748], [-122.46112425, 37.80205101]]}}, {"type": "Feature", "properties": {"weight": "light", "source": "R-10434.2"}, "geometry": {"type": "LineString", "coordinates": [[-122.46112425, 37.80205101], [-122.46112987, 37.80205454]]}}, {"type": "Feature", "properties": {"weight": "light", "source": "R-10434.2"}, "geometry": {"type": "LineString", "coordinates": [[-122.46112987, 37.80205454], [-122.4611352, 37.80205807]]}}, {"type": "Feature", "properties": {"weight": "light", "source": "R-10434.2"}, "geometry": {"type": "LineString", "coordinates": [[-122.4611352, 37.80205807], [-122.46114053, 37.80206161]]}}, {"type": "Feature", "properties": {"weight": "light", "source": "R-10434.2"}, "geometry": {"type": "LineString", "coordinates": [[-122.46114053, 37.80206161], [-122.46114527, 37.80206493]]}}, {"type": "Feature", "properties": {"weight": "light", "source": "R-10434.2"}, "geometry": {"type": "LineString", "coordinates": [[-122.46114527, 37.80206493], [-122.46115002, 37.80206825]]}}, {"type": "Feature", "properties": {"weight": "light", "source": "R-10434.2"}, "geometry": {"type": "LineString", "coordinates": [[-122.46115002, 37.80206825], [-122.46115447, 37.80207158]]}}, {"type": "Feature", "properties": {"weight": "light", "source": "R-10434.2"}, "geometry": {"type": "LineString", "coordinates": [[-122.46115447, 37.80207158], [-122.46115864, 37.80207491]]}}, {"type": "Feature", "properties": {"weight": "light", "source": "R-10434.2"}, "geometry": {"type": "LineString", "coordinates": [[-122.46115864, 37.80207491], [-122.46116252, 37.80207825]]}}, {"type": "Feature", "properties": {"weight": "light", "source": "R-10434.2"}, "geometry": {"type": "LineString", "coordinates": [[-122.46116252, 37.80207825], [-122.4611661, 37.80208137]]}}, {"type": "Feature", "properties": {"weight": "light", "source": "R-10434.2"}, "geometry": {"type": "LineString", "coordinates": [[-122.4611661, 37.80208137], [-122.46116911, 37.80208473]]}}, {"type": "Feature", "properties": {"weight": "light", "source": "R-10434.2"}, "geometry": {"type": "LineString", "coordinates": [[-122.46116911, 37.80208473], [-122.46117183, 37.80208787]]}}, {"type": "Feature", "properties": {"weight": "light", "source": "R-10434.2"}, "geometry": {"type": "LineString", "coordinates": [[-122.46117183, 37.80208787], [-122.46117397, 37.80209103]]}}, {"type": "Feature", "properties": {"weight": "light", "source": "R-10434.2"}, "geometry": {"type": "LineString", "coordinates": [[-122.46117397, 37.80209103], [-122.46117582, 37.80209419]]}}, {"type": "Feature", "properties": {"weight": "light", "source": "R-10434.2"}, "geometry": {"type": "LineString", "coordinates": [[-122.46117582, 37.80209419], [-122.46117709, 37.80209713]]}}, {"type": "Feature", "properties": {"weight": "light", "source": "R-10434.2"}, "geometry": {"type": "LineString", "coordinates": [[-122.46117709, 37.80209713], [-122.46117744, 37.80209873]]}}, {"type": "Feature", "properties": {"weight": "light", "source": "R-10434.2"}, "geometry": {"type": "LineString", "coordinates": [[-122.46117744, 37.80209873], [-122.46117779, 37.80210032]]}}, {"type": "Feature", "properties": {"weight": "light", "source": "R-10434.2"}, "geometry": {"type": "LineString", "coordinates": [[-122.46117779, 37.80210032], [-122.46117813, 37.80210169]]}}, {"type": "Feature", "properties": {"weight": "light", "source": "R-10434.2"}, "geometry": {"type": "LineString", "coordinates": [[-122.46117813, 37.80210169], [-122.4611779, 37.8021033]]}}, {"type": "Feature", "properties": {"weight": "light", "source": "R-10434.2"}, "geometry": {"type": "LineString", "coordinates": [[-122.4611779, 37.8021033], [-122.46117796, 37.8021049]]}}, {"type": "Feature", "properties": {"weight": "light", "source": "R-10434.2"}, "geometry": {"type": "LineString", "coordinates": [[-122.46117796, 37.8021049], [-122.46117773, 37.80210628]]}}, {"type": "Feature", "properties": {"weight": "light", "source": "R-10434.2"}, "geometry": {"type": "LineString", "coordinates": [[-122.46117773, 37.80210628], [-122.46117721, 37.80210789]]}}, {"type": "Feature", "properties": {"weight": "light", "source": "R-10434.2"}, "geometry": {"type": "LineString", "coordinates": [[-122.46117721, 37.80210789], [-122.46117669, 37.80210928]]}}, {"type": "Feature", "properties": {"weight": "light", "source": "R-10434.2"}, "geometry": {"type": "LineString", "coordinates": [[-122.46117669, 37.80210928], [-122.46117588, 37.8021109]]}}, {"type": "Feature", "properties": {"weight": "light", "source": "R-10434.2"}, "geometry": {"type": "LineString", "coordinates": [[-122.46117588, 37.8021109], [-122.46117507, 37.80211229]]}}, {"type": "Feature", "properties": {"weight": "light", "source": "R-10434.2"}, "geometry": {"type": "LineString", "coordinates": [[-122.46117507, 37.80211229], [-122.46117397, 37.80211369]]}}, {"type": "Feature", "properties": {"weight": "light", "source": "R-10434.2"}, "geometry": {"type": "LineString", "coordinates": [[-122.46117397, 37.80211369], [-122.46117287, 37.80211509]]}}, {"type": "Feature", "properties": {"weight": "light", "source": "R-10434.2"}, "geometry": {"type": "LineString", "coordinates": [[-122.46117287, 37.80211509], [-122.46117149, 37.80211673]]}}, {"type": "Feature", "properties": {"weight": "light", "source": "R-10434.2"}, "geometry": {"type": "LineString", "coordinates": [[-122.46117149, 37.80211673], [-122.46116981, 37.80211814]]}}, {"type": "Feature", "properties": {"weight": "light", "source": "R-10434.2"}, "geometry": {"type": "LineString", "coordinates": [[-122.46116981, 37.80211814], [-122.46116814, 37.80211956]]}}, {"type": "Feature", "properties": {"weight": "light", "source": "R-10434.2"}, "geometry": {"type": "LineString", "coordinates": [[-122.46116814, 37.80211956], [-122.46116646, 37.80212097]]}}, {"type": "Feature", "properties": {"weight": "light", "source": "R-10434.2"}, "geometry": {"type": "LineString", "coordinates": [[-122.46116646, 37.80212097], [-122.46116224, 37.80212382]]}}, {"type": "Feature", "properties": {"weight": "light", "source": "R-10434.2"}, "geometry": {"type": "LineString", "coordinates": [[-122.46116224, 37.80212382], [-122.46115773, 37.80212668]]}}, {"type": "Feature", "properties": {"weight": "light", "source": "R-10434.2"}, "geometry": {"type": "LineString", "coordinates": [[-122.46115773, 37.80212668], [-122.46115293, 37.80212954]]}}, {"type": "Feature", "properties": {"weight": "light", "source": "R-10434.2"}, "geometry": {"type": "LineString", "coordinates": [[-122.46115293, 37.80212954], [-122.46114785, 37.80213241]]}}, {"type": "Feature", "properties": {"weight": "light", "source": "R-10434.2"}, "geometry": {"type": "LineString", "coordinates": [[-122.46114785, 37.80213241], [-122.46114247, 37.80213506]]}}, {"type": "Feature", "properties": {"weight": "light", "source": "R-10434.2"}, "geometry": {"type": "LineString", "coordinates": [[-122.46114247, 37.80213506], [-122.46113115, 37.80214083]]}}, {"type": "Feature", "properties": {"weight": "light", "source": "R-10434.2"}, "geometry": {"type": "LineString", "coordinates": [[-122.46093119, 37.8013935], [-122.46093366, 37.80120913]]}}, {"type": "Feature", "properties": {"weight": "light", "source": "R-10434.2"}, "geometry": {"type": "LineString", "coordinates": [[-122.46093366, 37.80120913], [-122.46089503, 37.80121006]]}}, {"type": "Feature", "properties": {"weight": "light", "source": "R-10434.2"}, "geometry": {"type": "LineString", "coordinates": [[-122.4611062, 37.80145775], [-122.46109923, 37.80153966]]}}, {"type": "Feature", "properties": {"weight": "light", "source": "R-10434.2"}, "geometry": {"type": "LineString", "coordinates": [[-122.46109923, 37.80153966], [-122.46105342, 37.801549]]}}, {"type": "Feature", "properties": {"weight": "light", "source": "R-10434.2"}, "geometry": {"type": "LineString", "coordinates": [[-122.4613367, 37.80139588], [-122.46133147, 37.80140242]]}}, {"type": "Feature", "properties": {"weight": "light", "source": "R-10434.2"}, "geometry": {"type": "LineString", "coordinates": [[-122.46133147, 37.80140242], [-122.46132871, 37.80140569]]}}, {"type": "Feature", "properties": {"weight": "light", "source": "R-10434.2"}, "geometry": {"type": "LineString", "coordinates": [[-122.46132871, 37.80140569], [-122.46132565, 37.80140874]]}}, {"type": "Feature", "properties": {"weight": "light", "source": "R-10434.2"}, "geometry": {"type": "LineString", "coordinates": [[-122.46132565, 37.80140874], [-122.46132257, 37.80141133]]}}, {"type": "Feature", "properties": {"weight": "light", "source": "R-10434.2"}, "geometry": {"type": "LineString", "coordinates": [[-122.46132257, 37.80141133], [-122.46131921, 37.80141393]]}}, {"type": "Feature", "properties": {"weight": "light", "source": "R-10434.2"}, "geometry": {"type": "LineString", "coordinates": [[-122.46131921, 37.80141393], [-122.46131554, 37.80141608]]}}, {"type": "Feature", "properties": {"weight": "light", "source": "R-10434.2"}, "geometry": {"type": "LineString", "coordinates": [[-122.46131554, 37.80141608], [-122.46131158, 37.80141824]]}}, {"type": "Feature", "properties": {"weight": "light", "source": "R-10434.2"}, "geometry": {"type": "LineString", "coordinates": [[-122.46131158, 37.80141824], [-122.46130732, 37.80141994]]}}, {"type": "Feature", "properties": {"weight": "light", "source": "R-10434.2"}, "geometry": {"type": "LineString", "coordinates": [[-122.46130732, 37.80141994], [-122.46130306, 37.80142165]]}}, {"type": "Feature", "properties": {"weight": "light", "source": "R-10434.2"}, "geometry": {"type": "LineString", "coordinates": [[-122.46130306, 37.80142165], [-122.4612985, 37.80142313]]}}, {"type": "Feature", "properties": {"weight": "light", "source": "R-10434.2"}, "geometry": {"type": "LineString", "coordinates": [[-122.4612985, 37.80142313], [-122.46129393, 37.80142438]]}}, {"type": "Feature", "properties": {"weight": "light", "source": "R-10434.2"}, "geometry": {"type": "LineString", "coordinates": [[-122.46129393, 37.80142438], [-122.4612845, 37.8014269]]}}, {"type": "Feature", "properties": {"weight": "light", "source": "R-10434.2"}, "geometry": {"type": "LineString", "coordinates": [[-122.4612845, 37.8014269], [-122.46127478, 37.8014292]]}}, {"type": "Feature", "properties": {"weight": "light", "source": "R-10434.2"}, "geometry": {"type": "LineString", "coordinates": [[-122.46079379, 37.80190601], [-122.46097995, 37.80199014]]}}, {"type": "Feature", "properties": {"weight": "light", "source": "R-10434.2"}, "geometry": {"type": "LineString", "coordinates": [[-122.46146927, 37.80185954], [-122.46146685, 37.80186418]]}}, {"type": "Feature", "properties": {"weight": "light", "source": "R-10434.2"}, "geometry": {"type": "LineString", "coordinates": [[-122.46146685, 37.80186418], [-122.46146472, 37.80186881]]}}, {"type": "Feature", "properties": {"weight": "light", "source": "R-10434.2"}, "geometry": {"type": "LineString", "coordinates": [[-122.46146472, 37.80186881], [-122.46146287, 37.80187343]]}}, {"type": "Feature", "properties": {"weight": "light", "source": "R-10434.2"}, "geometry": {"type": "LineString", "coordinates": [[-122.46146287, 37.80187343], [-122.46146238, 37.80187573]]}}, {"type": "Feature", "properties": {"weight": "light", "source": "R-10434.2"}, "geometry": {"type": "LineString", "coordinates": [[-122.46146238, 37.80187573], [-122.46146161, 37.80187827]]}}, {"type": "Feature", "properties": {"weight": "light", "source": "R-10434.2"}, "geometry": {"type": "LineString", "coordinates": [[-122.46146161, 37.80187827], [-122.46146113, 37.80188057]]}}, {"type": "Feature", "properties": {"weight": "light", "source": "R-10434.2"}, "geometry": {"type": "LineString", "coordinates": [[-122.46146113, 37.80188057], [-122.46146093, 37.8018831]]}}, {"type": "Feature", "properties": {"weight": "light", "source": "R-10434.2"}, "geometry": {"type": "LineString", "coordinates": [[-122.46146093, 37.8018831], [-122.46146103, 37.80188561]]}}, {"type": "Feature", "properties": {"weight": "light", "source": "R-10434.2"}, "geometry": {"type": "LineString", "coordinates": [[-122.46146103, 37.80188561], [-122.46146113, 37.80188813]]}}, {"type": "Feature", "properties": {"weight": "light", "source": "R-10434.2"}, "geometry": {"type": "LineString", "coordinates": [[-122.46146113, 37.80188813], [-122.46146151, 37.80189064]]}}, {"type": "Feature", "properties": {"weight": "light", "source": "R-10434.2"}, "geometry": {"type": "LineString", "coordinates": [[-122.46146151, 37.80189064], [-122.4614619, 37.80189338]]}}, {"type": "Feature", "properties": {"weight": "light", "source": "R-10434.2"}, "geometry": {"type": "LineString", "coordinates": [[-122.4614619, 37.80189338], [-122.46146287, 37.8018961]]}}, {"type": "Feature", "properties": {"weight": "light", "source": "R-10434.2"}, "geometry": {"type": "LineString", "coordinates": [[-122.46146287, 37.8018961], [-122.46146384, 37.80189882]]}}, {"type": "Feature", "properties": {"weight": "light", "source": "R-10434.2"}, "geometry": {"type": "LineString", "coordinates": [[-122.46146384, 37.80189882], [-122.46146481, 37.80190155]]}}, {"type": "Feature", "properties": {"weight": "light", "source": "R-10434.2"}, "geometry": {"type": "LineString", "coordinates": [[-122.46146481, 37.80190155], [-122.46146607, 37.80190427]]}}, {"type": "Feature", "properties": {"weight": "light", "source": "R-10434.2"}, "geometry": {"type": "LineString", "coordinates": [[-122.46146607, 37.80190427], [-122.46146762, 37.80190698]]}}, {"type": "Feature", "properties": {"weight": "light", "source": "R-10434.2"}, "geometry": {"type": "LineString", "coordinates": [[-122.46146762, 37.80190698], [-122.46146917, 37.80190991]]}}, {"type": "Feature", "properties": {"weight": "light", "source": "R-10434.2"}, "geometry": {"type": "LineString", "coordinates": [[-122.46146917, 37.80190991], [-122.46147256, 37.80191556]]}}, {"type": "Feature", "properties": {"weight": "light", "source": "R-10434.2"}, "geometry": {"type": "LineString", "coordinates": [[-122.46147256, 37.80191556], [-122.46147624, 37.80192119]]}}, {"type": "Feature", "properties": {"weight": "light", "source": "R-10434.2"}, "geometry": {"type": "LineString", "coordinates": [[-122.46147624, 37.80192119], [-122.46148049, 37.80192681]]}}, {"type": "Feature", "properties": {"weight": "light", "source": "R-10434.2"}, "geometry": {"type": "LineString", "coordinates": [[-122.46148049, 37.80192681], [-122.46148475, 37.80193244]]}}, {"type": "Feature", "properties": {"weight": "light", "source": "R-10434.2"}, "geometry": {"type": "LineString", "coordinates": [[-122.46148475, 37.80193244], [-122.461489, 37.80193806]]}}, {"type": "Feature", "properties": {"weight": "light", "source": "R-10434.2"}, "geometry": {"type": "LineString", "coordinates": [[-122.461489, 37.80193806], [-122.46149325, 37.80194345]]}}, {"type": "Feature", "properties": {"weight": "light", "source": "R-10434.2"}, "geometry": {"type": "LineString", "coordinates": [[-122.46149325, 37.80194345], [-122.46149749, 37.80194861]]}}, {"type": "Feature", "properties": {"weight": "light", "source": "R-10434.2"}, "geometry": {"type": "LineString", "coordinates": [[-122.46149749, 37.80194861], [-122.46150144, 37.80195379]]}}, {"type": "Feature", "properties": {"weight": "light", "source": "R-10434.2"}, "geometry": {"type": "LineString", "coordinates": [[-122.46150144, 37.80195379], [-122.4615048, 37.80195874]]}}, {"type": "Feature", "properties": {"weight": "light", "source": "R-10434.2"}, "geometry": {"type": "LineString", "coordinates": [[-122.4615048, 37.80195874], [-122.46150662, 37.80196099]]}}, {"type": "Feature", "properties": {"weight": "light", "source": "R-10434.2"}, "geometry": {"type": "LineString", "coordinates": [[-122.46150662, 37.80196099], [-122.46150815, 37.80196324]]}}, {"type": "Feature", "properties": {"weight": "light", "source": "R-10434.2"}, "geometry": {"type": "LineString", "coordinates": [[-122.46150815, 37.80196324], [-122.46150939, 37.8019655]]}}, {"type": "Feature", "properties": {"weight": "light", "source": "R-10434.2"}, "geometry": {"type": "LineString", "coordinates": [[-122.46150939, 37.8019655], [-122.46151062, 37.80196753]]}}, {"type": "Feature", "properties": {"weight": "light", "source": "R-10434.2"}, "geometry": {"type": "LineString", "coordinates": [[-122.46151062, 37.80196753], [-122.46151156, 37.80196957]]}}, {"type": "Feature", "properties": {"weight": "light", "source": "R-10434.2"}, "geometry": {"type": "LineString", "coordinates": [[-122.46151156, 37.80196957], [-122.46151251, 37.80197161]]}}, {"type": "Feature", "properties": {"weight": "light", "source": "R-10434.2"}, "geometry": {"type": "LineString", "coordinates": [[-122.46151251, 37.80197161], [-122.46151315, 37.80197342]]}}, {"type": "Feature", "properties": {"weight": "light", "source": "R-10434.2"}, "geometry": {"type": "LineString", "coordinates": [[-122.46151315, 37.80197342], [-122.4615138, 37.80197524]]}}, {"type": "Feature", "properties": {"weight": "light", "source": "R-10434.2"}, "geometry": {"type": "LineString", "coordinates": [[-122.4615138, 37.80197524], [-122.46151386, 37.80197684]]}}, {"type": "Feature", "properties": {"weight": "light", "source": "R-10434.2"}, "geometry": {"type": "LineString", "coordinates": [[-122.46151386, 37.80197684], [-122.46151392, 37.80197844]]}}, {"type": "Feature", "properties": {"weight": "light", "source": "R-10434.2"}, "geometry": {"type": "LineString", "coordinates": [[-122.46151392, 37.80197844], [-122.46151369, 37.80197982]]}}, {"type": "Feature", "properties": {"weight": "light", "source": "R-10434.2"}, "geometry": {"type": "LineString", "coordinates": [[-122.46151369, 37.80197982], [-122.46151345, 37.8019812]]}}, {"type": "Feature", "properties": {"weight": "light", "source": "R-10434.2"}, "geometry": {"type": "LineString", "coordinates": [[-122.46151345, 37.8019812], [-122.46151264, 37.80198259]]}}, {"type": "Feature", "properties": {"weight": "light", "source": "R-10434.2"}, "geometry": {"type": "LineString", "coordinates": [[-122.46151264, 37.80198259], [-122.46151153, 37.80198377]]}}, {"type": "Feature", "properties": {"weight": "light", "source": "R-10434.2"}, "geometry": {"type": "LineString", "coordinates": [[-122.46151153, 37.80198377], [-122.46151041, 37.80198471]]}}, {"type": "Feature", "properties": {"weight": "light", "source": "R-10434.2"}, "geometry": {"type": "LineString", "coordinates": [[-122.46151041, 37.80198471], [-122.46150871, 37.80198544]]}}, {"type": "Feature", "properties": {"weight": "light", "source": "R-10434.2"}, "geometry": {"type": "LineString", "coordinates": [[-122.46150871, 37.80198544], [-122.46150701, 37.80198639]]}}, {"type": "Feature", "properties": {"weight": "light", "source": "R-10434.2"}, "geometry": {"type": "LineString", "coordinates": [[-122.46150701, 37.80198639], [-122.46150472, 37.80198691]]}}, {"type": "Feature", "properties": {"weight": "light", "source": "R-10434.2"}, "geometry": {"type": "LineString", "coordinates": [[-122.46150472, 37.80198691], [-122.46150214, 37.80198743]]}}, {"type": "Feature", "properties": {"weight": "light", "source": "R-10434.2"}, "geometry": {"type": "LineString", "coordinates": [[-122.46150214, 37.80198743], [-122.46149927, 37.80198772]]}}, {"type": "Feature", "properties": {"weight": "light", "source": "R-10434.2"}, "geometry": {"type": "LineString", "coordinates": [[-122.46149927, 37.80198772], [-122.4614964, 37.80198802]]}}, {"type": "Feature", "properties": {"weight": "light", "source": "R-10434.2"}, "geometry": {"type": "LineString", "coordinates": [[-122.4614964, 37.80198802], [-122.46149323, 37.80198833]]}}, {"type": "Feature", "properties": {"weight": "light", "source": "R-10434.2"}, "geometry": {"type": "LineString", "coordinates": [[-122.46149323, 37.80198833], [-122.4614866, 37.80198849]]}}, {"type": "Feature", "properties": {"weight": "light", "source": "R-10434.2"}, "geometry": {"type": "LineString", "coordinates": [[-122.4614866, 37.80198849], [-122.4614794, 37.80198866]]}}, {"type": "Feature", "properties": {"weight": "light", "source": "R-10434.2"}, "geometry": {"type": "LineString", "coordinates": [[-122.4614503, 37.80183138], [-122.46145434, 37.80182395]]}}, {"type": "Feature", "properties": {"weight": "light", "source": "R-10434.2"}, "geometry": {"type": "LineString", "coordinates": [[-122.46145434, 37.80182395], [-122.4614581, 37.80181654]]}}, {"type": "Feature", "properties": {"weight": "light", "source": "R-10434.2"}, "geometry": {"type": "LineString", "coordinates": [[-122.4614581, 37.80181654], [-122.46146157, 37.80180913]]}}, {"type": "Feature", "properties": {"weight": "light", "source": "R-10434.2"}, "geometry": {"type": "LineString", "coordinates": [[-122.46146157, 37.80180913], [-122.46146345, 37.80180542]]}}, {"type": "Feature", "properties": {"weight": "light", "source": "R-10434.2"}, "geometry": {"type": "LineString", "coordinates": [[-122.46146345, 37.80180542], [-122.46146475, 37.80180172]]}}, {"type": "Feature", "properties": {"weight": "light", "source": "R-10434.2"}, "geometry": {"type": "LineString", "coordinates": [[-122.46146475, 37.80180172], [-122.46146604, 37.8017978]]}}, {"type": "Feature", "properties": {"weight": "light", "source": "R-10434.2"}, "geometry": {"type": "LineString", "coordinates": [[-122.46146604, 37.8017978], [-122.46146734, 37.8017941]]}}, {"type": "Feature", "properties": {"weight": "light", "source": "R-10434.2"}, "geometry": {"type": "LineString", "coordinates": [[-122.46146734, 37.8017941], [-122.46146835, 37.80179019]]}}, {"type": "Feature", "properties": {"weight": "light", "source": "R-10434.2"}, "geometry": {"type": "LineString", "coordinates": [[-122.46146835, 37.80179019], [-122.46146906, 37.80178628]]}}, {"type": "Feature", "properties": {"weight": "light", "source": "R-10434.2"}, "geometry": {"type": "LineString", "coordinates": [[-122.46146906, 37.80178628], [-122.46146978, 37.80178237]]}}, {"type": "Feature", "properties": {"weight": "light", "source": "R-10434.2"}, "geometry": {"type": "LineString", "coordinates": [[-122.46146978, 37.80178237], [-122.46147021, 37.80177847]]}}, {"type": "Feature", "properties": {"weight": "light", "source": "R-10434.2"}, "geometry": {"type": "LineString", "coordinates": [[-122.46147021, 37.80177847], [-122.46147077, 37.80177044]]}}, {"type": "Feature", "properties": {"weight": "light", "source": "R-10434.2"}, "geometry": {"type": "LineString", "coordinates": [[-122.46155344, 37.80176662], [-122.46154705, 37.80176563]]}}, {"type": "Feature", "properties": {"weight": "light", "source": "R-10434.2"}, "geometry": {"type": "LineString", "coordinates": [[-122.46154705, 37.80176563], [-122.46154095, 37.8017644]]}}, {"type": "Feature", "properties": {"weight": "light", "source": "R-10434.2"}, "geometry": {"type": "LineString", "coordinates": [[-122.46154095, 37.8017644], [-122.46153774, 37.80176356]]}}, {"type": "Feature", "properties": {"weight": "light", "source": "R-10434.2"}, "geometry": {"type": "LineString", "coordinates": [[-122.46153774, 37.80176356], [-122.46153512, 37.80176294]]}}, {"type": "Feature", "properties": {"weight": "light", "source": "R-10434.2"}, "geometry": {"type": "LineString", "coordinates": [[-122.46153512, 37.80176294], [-122.4615322, 37.80176209]]}}, {"type": "Feature", "properties": {"weight": "light", "source": "R-10434.2"}, "geometry": {"type": "LineString", "coordinates": [[-122.4615322, 37.80176209], [-122.46152957, 37.80176124]]}}, {"type": "Feature", "properties": {"weight": "light", "source": "R-10434.2"}, "geometry": {"type": "LineString", "coordinates": [[-122.46152957, 37.80176124], [-122.46152723, 37.80176038]]}}, {"type": "Feature", "properties": {"weight": "light", "source": "R-10434.2"}, "geometry": {"type": "LineString", "coordinates": [[-122.46152723, 37.80176038], [-122.46152517, 37.80175929]]}}, {"type": "Feature", "properties": {"weight": "light", "source": "R-10434.2"}, "geometry": {"type": "LineString", "coordinates": [[-122.46152517, 37.80175929], [-122.46152311, 37.80175819]]}}, {"type": "Feature", "properties": {"weight": "light", "source": "R-10434.2"}, "geometry": {"type": "LineString", "coordinates": [[-122.46152311, 37.80175819], [-122.46152132, 37.80175686]]}}, {"type": "Feature", "properties": {"weight": "light", "source": "R-10434.2"}, "geometry": {"type": "LineString", "coordinates": [[-122.46152132, 37.80175686], [-122.46151983, 37.80175552]]}}, {"type": "Feature", "properties": {"weight": "light", "source": "R-10434.2"}, "geometry": {"type": "LineString", "coordinates": [[-122.46151983, 37.80175552], [-122.4615189, 37.80175394]]}}, {"type": "Feature", "properties": {"weight": "light", "source": "R-10434.2"}, "geometry": {"type": "LineString", "coordinates": [[-122.4615189, 37.80175394], [-122.46151797, 37.80175213]]}}, {"type": "Feature", "properties": {"weight": "light", "source": "R-10434.2"}, "geometry": {"type": "LineString", "coordinates": [[-122.46151797, 37.80175213], [-122.46151732, 37.80175032]]}}, {"type": "Feature", "properties": {"weight": "light", "source": "R-10434.2"}, "geometry": {"type": "LineString", "coordinates": [[-122.46151732, 37.80175032], [-122.46151696, 37.80174849]]}}, {"type": "Feature", "properties": {"weight": "light", "source": "R-10434.2"}, "geometry": {"type": "LineString", "coordinates": [[-122.46151696, 37.80174849], [-122.46151688, 37.80174643]]}}, {"type": "Feature", "properties": {"weight": "light", "source": "R-10434.2"}, "geometry": {"type": "LineString", "coordinates": [[-122.46151688, 37.80174643], [-122.46151709, 37.80174437]]}}, {"type": "Feature", "properties": {"weight": "light", "source": "R-10434.2"}, "geometry": {"type": "LineString", "coordinates": [[-122.46151709, 37.80174437], [-122.4615173, 37.80174207]]}}, {"type": "Feature", "properties": {"weight": "light", "source": "R-10434.2"}, "geometry": {"type": "LineString", "coordinates": [[-122.4615173, 37.80174207], [-122.46151778, 37.80173977]]}}, {"type": "Feature", "properties": {"weight": "light", "source": "R-10434.2"}, "geometry": {"type": "LineString", "coordinates": [[-122.46151778, 37.80173977], [-122.46151856, 37.80173746]]}}, {"type": "Feature", "properties": {"weight": "light", "source": "R-10434.2"}, "geometry": {"type": "LineString", "coordinates": [[-122.46151856, 37.80173746], [-122.46151933, 37.80173493]]}}, {"type": "Feature", "properties": {"weight": "light", "source": "R-10434.2"}, "geometry": {"type": "LineString", "coordinates": [[-122.46151933, 37.80173493], [-122.4615204, 37.80173261]]}}, {"type": "Feature", "properties": {"weight": "light", "source": "R-10434.2"}, "geometry": {"type": "LineString", "coordinates": [[-122.4615204, 37.80173261], [-122.46152279, 37.80172729]]}}, {"type": "Feature", "properties": {"weight": "light", "source": "R-10434.2"}, "geometry": {"type": "LineString", "coordinates": [[-122.46152279, 37.80172729], [-122.46152547, 37.80172196]]}}, {"type": "Feature", "properties": {"weight": "light", "source": "R-10434.2"}, "geometry": {"type": "LineString", "coordinates": [[-122.46152547, 37.80172196], [-122.46152873, 37.80171661]]}}, {"type": "Feature", "properties": {"weight": "light", "source": "R-10434.2"}, "geometry": {"type": "LineString", "coordinates": [[-122.46152873, 37.80171661], [-122.46153169, 37.80171105]]}}, {"type": "Feature", "properties": {"weight": "light", "source": "R-10434.2"}, "geometry": {"type": "LineString", "coordinates": [[-122.46153169, 37.80171105], [-122.46153821, 37.80170036]]}}, {"type": "Feature", "properties": {"weight": "light", "source": "R-10434.2"}, "geometry": {"type": "LineString", "coordinates": [[-122.46153821, 37.80170036], [-122.46154118, 37.80169502]]}}, {"type": "Feature", "properties": {"weight": "light", "source": "R-10434.2"}, "geometry": {"type": "LineString", "coordinates": [[-122.46154118, 37.80169502], [-122.46154388, 37.80169015]]}}, {"type": "Feature", "properties": {"weight": "light", "source": "R-10434.2"}, "geometry": {"type": "LineString", "coordinates": [[-122.46154388, 37.80169015], [-122.46154523, 37.80168782]]}}, {"type": "Feature", "properties": {"weight": "light", "source": "R-10434.2"}, "geometry": {"type": "LineString", "coordinates": [[-122.46154523, 37.80168782], [-122.46154629, 37.80168528]]}}, {"type": "Feature", "properties": {"weight": "light", "source": "R-10434.2"}, "geometry": {"type": "LineString", "coordinates": [[-122.46154629, 37.80168528], [-122.46154708, 37.8016832]]}}, {"type": "Feature", "properties": {"weight": "light", "source": "R-10434.2"}, "geometry": {"type": "LineString", "coordinates": [[-122.46154708, 37.8016832], [-122.46154785, 37.80168089]]}}, {"type": "Feature", "properties": {"weight": "light", "source": "R-10434.2"}, "geometry": {"type": "LineString", "coordinates": [[-122.46154785, 37.80168089], [-122.46154865, 37.80167904]]}}, {"type": "Feature", "properties": {"weight": "light", "source": "R-10434.2"}, "geometry": {"type": "LineString", "coordinates": [[-122.46154865, 37.80167904], [-122.46154886, 37.80167698]]}}, {"type": "Feature", "properties": {"weight": "light", "source": "R-10434.2"}, "geometry": {"type": "LineString", "coordinates": [[-122.46154886, 37.80167698], [-122.46154908, 37.80167514]]}}, {"type": "Feature", "properties": {"weight": "light", "source": "R-10434.2"}, "geometry": {"type": "LineString", "coordinates": [[-122.46154908, 37.80167514], [-122.4615493, 37.80167353]]}}, {"type": "Feature", "properties": {"weight": "light", "source": "R-10434.2"}, "geometry": {"type": "LineString", "coordinates": [[-122.4615493, 37.80167353], [-122.46154895, 37.80167194]]}}, {"type": "Feature", "properties": {"weight": "light", "source": "R-10434.2"}, "geometry": {"type": "LineString", "coordinates": [[-122.46154895, 37.80167194], [-122.4615486, 37.80167034]]}}, {"type": "Feature", "properties": {"weight": "light", "source": "R-10434.2"}, "geometry": {"type": "LineString", "coordinates": [[-122.4615486, 37.80167034], [-122.46154769, 37.80166899]]}}, {"type": "Feature", "properties": {"weight": "light", "source": "R-10434.2"}, "geometry": {"type": "LineString", "coordinates": [[-122.46154769, 37.80166899], [-122.46154678, 37.80166787]]}}, {"type": "Feature", "properties": {"weight": "light", "source": "R-10434.2"}, "geometry": {"type": "LineString", "coordinates": [[-122.46154678, 37.80166787], [-122.46154559, 37.80166698]]}}, {"type": "Feature", "properties": {"weight": "light", "source": "R-10434.2"}, "geometry": {"type": "LineString", "coordinates": [[-122.46154559, 37.80166698], [-122.46154383, 37.80166611]]}}, {"type": "Feature", "properties": {"weight": "light", "source": "R-10434.2"}, "geometry": {"type": "LineString", "coordinates": [[-122.46154383, 37.80166611], [-122.46154207, 37.80166546]]}}, {"type": "Feature", "properties": {"weight": "light", "source": "R-10434.2"}, "geometry": {"type": "LineString", "coordinates": [[-122.46154207, 37.80166546], [-122.46153974, 37.80166483]]}}, {"type": "Feature", "properties": {"weight": "light", "source": "R-10434.2"}, "geometry": {"type": "LineString", "coordinates": [[-122.46153974, 37.80166483], [-122.46153742, 37.80166466]]}}, {"type": "Feature", "properties": {"weight": "light", "source": "R-10434.2"}, "geometry": {"type": "LineString", "coordinates": [[-122.46153742, 37.80166466], [-122.46153481, 37.80166426]]}}, {"type": "Feature", "properties": {"weight": "light", "source": "R-10434.2"}, "geometry": {"type": "LineString", "coordinates": [[-122.46153481, 37.80166426], [-122.46153192, 37.8016641]]}}, {"type": "Feature", "properties": {"weight": "light", "source": "R-10434.2"}, "geometry": {"type": "LineString", "coordinates": [[-122.46153192, 37.8016641], [-122.46152903, 37.80166417]]}}, {"type": "Feature", "properties": {"weight": "light", "source": "R-10434.2"}, "geometry": {"type": "LineString", "coordinates": [[-122.46152903, 37.80166417], [-122.46152268, 37.8016641]]}}, {"type": "Feature", "properties": {"weight": "light", "source": "R-10434.2"}, "geometry": {"type": "LineString", "coordinates": [[-122.46152268, 37.8016641], [-122.46151606, 37.80166449]]}}, {"type": "Feature", "properties": {"weight": "light", "source": "R-10434.2"}, "geometry": {"type": "LineString", "coordinates": [[-122.46135757, 37.80183636], [-122.46135369, 37.80183279]]}}, {"type": "Feature", "properties": {"weight": "light", "source": "R-10434.2"}, "geometry": {"type": "LineString", "coordinates": [[-122.46135369, 37.80183279], [-122.46135189, 37.801831]]}}, {"type": "Feature", "properties": {"weight": "light", "source": "R-10434.2"}, "geometry": {"type": "LineString", "coordinates": [[-122.46135189, 37.801831], [-122.46135009, 37.80182921]]}}, {"type": "Feature", "properties": {"weight": "light", "source": "R-10434.2"}, "geometry": {"type": "LineString", "coordinates": [[-122.46135009, 37.80182921], [-122.46134886, 37.80182741]]}}, {"type": "Feature", "properties": {"weight": "light", "source": "R-10434.2"}, "geometry": {"type": "LineString", "coordinates": [[-122.46134886, 37.80182741], [-122.46134763, 37.80182538]]}}, {"type": "Feature", "properties": {"weight": "light", "source": "R-10434.2"}, "geometry": {"type": "LineString", "coordinates": [[-122.46134763, 37.80182538], [-122.46134669, 37.80182334]]}}, {"type": "Feature", "properties": {"weight": "light", "source": "R-10434.2"}, "geometry": {"type": "LineString", "coordinates": [[-122.46134669, 37.80182334], [-122.46134632, 37.80182129]]}}, {"type": "Feature", "properties": {"weight": "light", "source": "R-10434.2"}, "geometry": {"type": "LineString", "coordinates": [[-122.46134632, 37.80182129], [-122.46134623, 37.801819]]}}, {"type": "Feature", "properties": {"weight": "light", "source": "R-10434.2"}, "geometry": {"type": "LineString", "coordinates": [[-122.46134623, 37.801819], [-122.46134643, 37.8018167]]}}, {"type": "Feature", "properties": {"weight": "light", "source": "R-10434.2"}, "geometry": {"type": "LineString", "coordinates": [[-122.46134643, 37.8018167], [-122.46134721, 37.8018144]]}}, {"type": "Feature", "properties": {"weight": "light", "source": "R-10434.2"}, "geometry": {"type": "LineString", "coordinates": [[-122.46134721, 37.8018144], [-122.46134798, 37.80181186]]}}, {"type": "Feature", "properties": {"weight": "light", "source": "R-10434.2"}, "geometry": {"type": "LineString", "coordinates": [[-122.46134798, 37.80181186], [-122.46134905, 37.80180954]]}}, {"type": "Feature", "properties": {"weight": "light", "source": "R-10434.2"}, "geometry": {"type": "LineString", "coordinates": [[-122.46134905, 37.80180954], [-122.46135039, 37.80180699]]}}, {"type": "Feature", "properties": {"weight": "light", "source": "R-10434.2"}, "geometry": {"type": "LineString", "coordinates": [[-122.46135039, 37.80180699], [-122.46135338, 37.80180211]]}}, {"type": "Feature", "properties": {"weight": "light", "source": "R-10434.2"}, "geometry": {"type": "LineString", "coordinates": [[-122.46135338, 37.80180211], [-122.46135445, 37.8017998]]}}, {"type": "Feature", "properties": {"weight": "light", "source": "R-10434.2"}, "geometry": {"type": "LineString", "coordinates": [[-122.46135445, 37.8017998], [-122.46135581, 37.8017977]]}}, {"type": "Feature", "properties": {"weight": "light", "source": "R-10434.2"}, "geometry": {"type": "LineString", "coordinates": [[-122.46135581, 37.8017977], [-122.46135688, 37.80179562]]}}, {"type": "Feature", "properties": {"weight": "light", "source": "R-10434.2"}, "geometry": {"type": "LineString", "coordinates": [[-122.46135688, 37.80179562], [-122.46135739, 37.80179377]]}}, {"type": "Feature", "properties": {"weight": "light", "source": "R-10434.2"}, "geometry": {"type": "LineString", "coordinates": [[-122.46135739, 37.80179377], [-122.4613579, 37.80179193]]}}, {"type": "Feature", "properties": {"weight": "light", "source": "R-10434.2"}, "geometry": {"type": "LineString", "coordinates": [[-122.4613579, 37.80179193], [-122.46135783, 37.80179033]]}}, {"type": "Feature", "properties": {"weight": "light", "source": "R-10434.2"}, "geometry": {"type": "LineString", "coordinates": [[-122.46135783, 37.80179033], [-122.46135781, 37.80178964]]}}, {"type": "Feature", "properties": {"weight": "light", "source": "R-10434.2"}, "geometry": {"type": "LineString", "coordinates": [[-122.46135781, 37.80178964], [-122.4613575, 37.80178919]]}}, {"type": "Feature", "properties": {"weight": "light", "source": "R-10434.2"}, "geometry": {"type": "LineString", "coordinates": [[-122.4613575, 37.80178919], [-122.4613569, 37.80178852]]}}, {"type": "Feature", "properties": {"weight": "light", "source": "R-10434.2"}, "geometry": {"type": "LineString", "coordinates": [[-122.4613569, 37.80178852], [-122.46135631, 37.80178808]]}}, {"type": "Feature", "properties": {"weight": "light", "source": "R-10434.2"}, "geometry": {"type": "LineString", "coordinates": [[-122.46135631, 37.80178808], [-122.46135571, 37.80178763]]}}, {"type": "Feature", "properties": {"weight": "light", "source": "R-10434.2"}, "geometry": {"type": "LineString", "coordinates": [[-122.46135571, 37.80178763], [-122.46135483, 37.8017872]]}}, {"type": "Feature", "properties": {"weight": "light", "source": "R-10434.2"}, "geometry": {"type": "LineString", "coordinates": [[-122.46135483, 37.8017872], [-122.46135279, 37.80178679]]}}, {"type": "Feature", "properties": {"weight": "light", "source": "R-10434.2"}, "geometry": {"type": "LineString", "coordinates": [[-122.46135279, 37.80178679], [-122.46135018, 37.80178639]]}}, {"type": "Feature", "properties": {"weight": "light", "source": "R-10434.2"}, "geometry": {"type": "LineString", "coordinates": [[-122.46135018, 37.80178639], [-122.46134758, 37.80178623]]}}, {"type": "Feature", "properties": {"weight": "light", "source": "R-10434.2"}, "geometry": {"type": "LineString", "coordinates": [[-122.46134758, 37.80178623], [-122.4613444, 37.80178607]]}}, {"type": "Feature", "properties": {"weight": "light", "source": "R-10434.2"}, "geometry": {"type": "LineString", "coordinates": [[-122.4613444, 37.80178607], [-122.46134094, 37.80178616]]}}, {"type": "Feature", "properties": {"weight": "light", "source": "R-10434.2"}, "geometry": {"type": "LineString", "coordinates": [[-122.46134094, 37.80178616], [-122.46133402, 37.80178632]]}}, {"type": "Feature", "properties": {"weight": "light", "source": "R-10434.2"}, "geometry": {"type": "LineString", "coordinates": [[-122.46079379, 37.80190601], [-122.46078106, 37.80196562]]}}, {"type": "Feature", "properties": {"weight": "light", "source": "R-10434.2"}, "geometry": {"type": "LineString", "coordinates": [[-122.46078106, 37.80196562], [-122.46031408, 37.8020689]]}}, {"type": "Feature", "properties": {"weight": "light", "source": "R-10434.2"}, "geometry": {"type": "LineString", "coordinates": [[-122.45950938, 37.80228309], [-122.45949845, 37.80228381]]}}, {"type": "Feature", "properties": {"weight": "light", "source": "R-10434.2"}, "geometry": {"type": "LineString", "coordinates": [[-122.45949845, 37.80228381], [-122.45949327, 37.80228417]]}}, {"type": "Feature", "properties": {"weight": "light", "source": "R-10434.2"}, "geometry": {"type": "LineString", "coordinates": [[-122.45949327, 37.80228417], [-122.4594878, 37.80228453]]}}, {"type": "Feature", "properties": {"weight": "light", "source": "R-10434.2"}, "geometry": {"type": "LineString", "coordinates": [[-122.4594878, 37.80228453], [-122.4594826, 37.80228442]]}}, {"type": "Feature", "properties": {"weight": "light", "source": "R-10434.2"}, "geometry": {"type": "LineString", "coordinates": [[-122.4594826, 37.80228442], [-122.4594774, 37.80228432]]}}, {"type": "Feature", "properties": {"weight": "light", "source": "R-10434.2"}, "geometry": {"type": "LineString", "coordinates": [[-122.4594774, 37.80228432], [-122.45947219, 37.80228399]]}}, {"type": "Feature", "properties": {"weight": "light", "source": "R-10434.2"}, "geometry": {"type": "LineString", "coordinates": [[-122.45947219, 37.80228399], [-122.45946727, 37.80228342]]}}, {"type": "Feature", "properties": {"weight": "light", "source": "R-10434.2"}, "geometry": {"type": "LineString", "coordinates": [[-122.45946727, 37.80228342], [-122.45946233, 37.80228262]]}}, {"type": "Feature", "properties": {"weight": "light", "source": "R-10434.2"}, "geometry": {"type": "LineString", "coordinates": [[-122.45946233, 37.80228262], [-122.45945738, 37.80228137]]}}, {"type": "Feature", "properties": {"weight": "light", "source": "R-10434.2"}, "geometry": {"type": "LineString", "coordinates": [[-122.45945738, 37.80228137], [-122.45945242, 37.80227988]]}}, {"type": "Feature", "properties": {"weight": "light", "source": "R-10434.2"}, "geometry": {"type": "LineString", "coordinates": [[-122.45945242, 37.80227988], [-122.45944802, 37.80227816]]}}, {"type": "Feature", "properties": {"weight": "light", "source": "R-10434.2"}, "geometry": {"type": "LineString", "coordinates": [[-122.45944802, 37.80227816], [-122.45944332, 37.80227598]]}}, {"type": "Feature", "properties": {"weight": "light", "source": "R-10434.2"}, "geometry": {"type": "LineString", "coordinates": [[-122.45944332, 37.80227598], [-122.45943862, 37.8022738]]}}, {"type": "Feature", "properties": {"weight": "light", "source": "R-10434.2"}, "geometry": {"type": "LineString", "coordinates": [[-122.45943862, 37.8022738], [-122.4594298, 37.80226944]]}}, {"type": "Feature", "properties": {"weight": "light", "source": "R-10434.2"}, "geometry": {"type": "LineString", "coordinates": [[-122.4594298, 37.80226944], [-122.4594251, 37.80226726]]}}, {"type": "Feature", "properties": {"weight": "light", "source": "R-10434.2"}, "geometry": {"type": "LineString", "coordinates": [[-122.4594251, 37.80226726], [-122.45942069, 37.80226508]]}}, {"type": "Feature", "properties": {"weight": "light", "source": "R-10434.2"}, "geometry": {"type": "LineString", "coordinates": [[-122.45942069, 37.80226508], [-122.45941599, 37.80226313]]}}, {"type": "Feature", "properties": {"weight": "light", "source": "R-10434.2"}, "geometry": {"type": "LineString", "coordinates": [[-122.45941599, 37.80226313], [-122.45941132, 37.80226164]]}}, {"type": "Feature", "properties": {"weight": "light", "source": "R-10434.2"}, "geometry": {"type": "LineString", "coordinates": [[-122.45941132, 37.80226164], [-122.45940665, 37.80226015]]}}, {"type": "Feature", "properties": {"weight": "light", "source": "R-10434.2"}, "geometry": {"type": "LineString", "coordinates": [[-122.45940665, 37.80226015], [-122.459402, 37.80225934]]}}, {"type": "Feature", "properties": {"weight": "light", "source": "R-10434.2"}, "geometry": {"type": "LineString", "coordinates": [[-122.459402, 37.80225934], [-122.45939707, 37.80225878]]}}, {"type": "Feature", "properties": {"weight": "light", "source": "R-10434.2"}, "geometry": {"type": "LineString", "coordinates": [[-122.45939707, 37.80225878], [-122.45939186, 37.80225844]]}}, {"type": "Feature", "properties": {"weight": "light", "source": "R-10434.2"}, "geometry": {"type": "LineString", "coordinates": [[-122.45939186, 37.80225844], [-122.45938696, 37.80225856]]}}, {"type": "Feature", "properties": {"weight": "light", "source": "R-10434.2"}, "geometry": {"type": "LineString", "coordinates": [[-122.45938696, 37.80225856], [-122.45938178, 37.80225891]]}}, {"type": "Feature", "properties": {"weight": "light", "source": "R-10434.2"}, "geometry": {"type": "LineString", "coordinates": [[-122.45938178, 37.80225891], [-122.45937632, 37.8022595]]}}, {"type": "Feature", "properties": {"weight": "light", "source": "R-10434.2"}, "geometry": {"type": "LineString", "coordinates": [[-122.45937632, 37.8022595], [-122.45937116, 37.80226031]]}}, {"type": "Feature", "properties": {"weight": "light", "source": "R-10434.2"}, "geometry": {"type": "LineString", "coordinates": [[-122.45937116, 37.80226031], [-122.459366, 37.80226113]]}}, {"type": "Feature", "properties": {"weight": "light", "source": "R-10434.2"}, "geometry": {"type": "LineString", "coordinates": [[-122.459366, 37.80226113], [-122.45936055, 37.80226217]]}}, {"type": "Feature", "properties": {"weight": "light", "source": "R-10434.2"}, "geometry": {"type": "LineString", "coordinates": [[-122.45936055, 37.80226217], [-122.45934967, 37.80226427]]}}, {"type": "Feature", "properties": {"weight": "light", "source": "R-10434.2"}, "geometry": {"type": "LineString", "coordinates": [[-122.45953041, 37.80224435], [-122.45917372, 37.80217554]]}}, {"type": "Feature", "properties": {"weight": "light", "source": "R-10434.2"}, "geometry": {"type": "LineString", "coordinates": [[-122.45839672, 37.80258619], [-122.45838657, 37.80258484]]}}, {"type": "Feature", "properties": {"weight": "light", "source": "R-10434.2"}, "geometry": {"type": "LineString", "coordinates": [[-122.45838657, 37.80258484], [-122.45837642, 37.80258348]]}}, {"type": "Feature", "properties": {"weight": "light", "source": "R-10434.2"}, "geometry": {"type": "LineString", "coordinates": [[-122.45837642, 37.80258348], [-122.4583715, 37.80258314]]}}, {"type": "Feature", "properties": {"weight": "light", "source": "R-10434.2"}, "geometry": {"type": "LineString", "coordinates": [[-122.4583715, 37.80258314], [-122.45836658, 37.8025828]]}}, {"type": "Feature", "properties": {"weight": "light", "source": "R-10434.2"}, "geometry": {"type": "LineString", "coordinates": [[-122.45836658, 37.8025828], [-122.45836138, 37.80258269]]}}, {"type": "Feature", "properties": {"weight": "light", "source": "R-10434.2"}, "geometry": {"type": "LineString", "coordinates": [[-122.45836138, 37.80258269], [-122.45835648, 37.80258281]]}}, {"type": "Feature", "properties": {"weight": "light", "source": "R-10434.2"}, "geometry": {"type": "LineString", "coordinates": [[-122.45835648, 37.80258281], [-122.4583513, 37.80258317]]}}, {"type": "Feature", "properties": {"weight": "light", "source": "R-10434.2"}, "geometry": {"type": "LineString", "coordinates": [[-122.4583513, 37.80258317], [-122.45834642, 37.80258374]]}}, {"type": "Feature", "properties": {"weight": "light", "source": "R-10434.2"}, "geometry": {"type": "LineString", "coordinates": [[-122.45834642, 37.80258374], [-122.45834124, 37.80258432]]}}, {"type": "Feature", "properties": {"weight": "light", "source": "R-10434.2"}, "geometry": {"type": "LineString", "coordinates": [[-122.45834124, 37.80258432], [-122.45833637, 37.80258513]]}}, {"type": "Feature", "properties": {"weight": "light", "source": "R-10434.2"}, "geometry": {"type": "LineString", "coordinates": [[-122.45833637, 37.80258513], [-122.45832634, 37.80258697]]}}, {"type": "Feature", "properties": {"weight": "light", "source": "R-10434.2"}, "geometry": {"type": "LineString", "coordinates": [[-122.45832634, 37.80258697], [-122.45831632, 37.80258904]]}}, {"type": "Feature", "properties": {"weight": "light", "source": "R-10434.2"}, "geometry": {"type": "LineString", "coordinates": [[-122.46485906, 37.80209527], [-122.46486183, 37.80209978]]}}, {"type": "Feature", "properties": {"weight": "light", "source": "R-10434.2"}, "geometry": {"type": "LineString", "coordinates": [[-122.46486183, 37.80209978], [-122.4648646, 37.8021043]]}}, {"type": "Feature", "properties": {"weight": "light", "source": "R-10434.2"}, "geometry": {"type": "LineString", "coordinates": [[-122.4648646, 37.8021043], [-122.46486679, 37.80210882]]}}, {"type": "Feature", "properties": {"weight": "light", "source": "R-10434.2"}, "geometry": {"type": "LineString", "coordinates": [[-122.46486679, 37.80210882], [-122.46486774, 37.80211109]]}}, {"type": "Feature", "properties": {"weight": "light", "source": "R-10434.2"}, "geometry": {"type": "LineString", "coordinates": [[-122.46486774, 37.80211109], [-122.4648687, 37.80211336]]}}, {"type": "Feature", "properties": {"weight": "light", "source": "R-10434.2"}, "geometry": {"type": "LineString", "coordinates": [[-122.4648687, 37.80211336], [-122.46486935, 37.8021154]]}}, {"type": "Feature", "properties": {"weight": "light", "source": "R-10434.2"}, "geometry": {"type": "LineString", "coordinates": [[-122.46486935, 37.8021154], [-122.46487002, 37.80211767]]}}, {"type": "Feature", "properties": {"weight": "light", "source": "R-10434.2"}, "geometry": {"type": "LineString", "coordinates": [[-122.46487002, 37.80211767], [-122.46487009, 37.80211973]]}}, {"type": "Feature", "properties": {"weight": "light", "source": "R-10434.2"}, "geometry": {"type": "LineString", "coordinates": [[-122.46487009, 37.80211973], [-122.46487018, 37.80212202]]}}, {"type": "Feature", "properties": {"weight": "light", "source": "R-10434.2"}, "geometry": {"type": "LineString", "coordinates": [[-122.46487018, 37.80212202], [-122.46487026, 37.80212408]]}}, {"type": "Feature", "properties": {"weight": "light", "source": "R-10434.2"}, "geometry": {"type": "LineString", "coordinates": [[-122.46487026, 37.80212408], [-122.46486976, 37.80212615]]}}, {"type": "Feature", "properties": {"weight": "light", "source": "R-10434.2"}, "geometry": {"type": "LineString", "coordinates": [[-122.46486976, 37.80212615], [-122.46486926, 37.80212823]]}}, {"type": "Feature", "properties": {"weight": "light", "source": "R-10434.2"}, "geometry": {"type": "LineString", "coordinates": [[-122.46486926, 37.80212823], [-122.46486819, 37.80213031]]}}, {"type": "Feature", "properties": {"weight": "light", "source": "R-10434.2"}, "geometry": {"type": "LineString", "coordinates": [[-122.46486819, 37.80213031], [-122.46486712, 37.8021324]]}}, {"type": "Feature", "properties": {"weight": "light", "source": "R-10434.2"}, "geometry": {"type": "LineString", "coordinates": [[-122.46486712, 37.8021324], [-122.46486546, 37.8021345]]}}, {"type": "Feature", "properties": {"weight": "light", "source": "R-10434.2"}, "geometry": {"type": "LineString", "coordinates": [[-122.46486546, 37.8021345], [-122.46486381, 37.8021366]]}}, {"type": "Feature", "properties": {"weight": "light", "source": "R-10434.2"}, "geometry": {"type": "LineString", "coordinates": [[-122.46486381, 37.8021366], [-122.46486215, 37.80213847]]}}, {"type": "Feature", "properties": {"weight": "light", "source": "R-10434.2"}, "geometry": {"type": "LineString", "coordinates": [[-122.46486215, 37.80213847], [-122.46485993, 37.80214059]]}}, {"type": "Feature", "properties": {"weight": "light", "source": "R-10434.2"}, "geometry": {"type": "LineString", "coordinates": [[-122.46485993, 37.80214059], [-122.46485769, 37.80214247]]}}, {"type": "Feature", "properties": {"weight": "light", "source": "R-10434.2"}, "geometry": {"type": "LineString", "coordinates": [[-122.46485769, 37.80214247], [-122.46485322, 37.80214624]]}}, {"type": "Feature", "properties": {"weight": "light", "source": "R-10434.2"}, "geometry": {"type": "LineString", "coordinates": [[-122.46485322, 37.80214624], [-122.46484817, 37.80215003]]}}, {"type": "Feature", "properties": {"weight": "light", "source": "R-10434.2"}, "geometry": {"type": "LineString", "coordinates": [[-122.46484817, 37.80215003], [-122.46484311, 37.80215358]]}}, {"type": "Feature", "properties": {"weight": "light", "source": "R-10434.2"}, "geometry": {"type": "LineString", "coordinates": [[-122.46484311, 37.80215358], [-122.46483804, 37.80215691]]}}, {"type": "Feature", "properties": {"weight": "light", "source": "R-10434.2"}, "geometry": {"type": "LineString", "coordinates": [[-122.46483804, 37.80215691], [-122.46483355, 37.80216022]]}}, {"type": "Feature", "properties": {"weight": "light", "source": "R-10434.2"}, "geometry": {"type": "LineString", "coordinates": [[-122.46483355, 37.80216022], [-122.46483131, 37.80216188]]}}, {"type": "Feature", "properties": {"weight": "light", "source": "R-10434.2"}, "geometry": {"type": "LineString", "coordinates": [[-122.46483131, 37.80216188], [-122.46482935, 37.80216353]]}}, {"type": "Feature", "properties": {"weight": "light", "source": "R-10434.2"}, "geometry": {"type": "LineString", "coordinates": [[-122.46482935, 37.80216353], [-122.46482767, 37.80216494]]}}, {"type": "Feature", "properties": {"weight": "light", "source": "R-10434.2"}, "geometry": {"type": "LineString", "coordinates": [[-122.46482767, 37.80216494], [-122.46482601, 37.80216659]]}}, {"type": "Feature", "properties": {"weight": "light", "source": "R-10434.2"}, "geometry": {"type": "LineString", "coordinates": [[-122.46482601, 37.80216659], [-122.46482462, 37.802168]]}}, {"type": "Feature", "properties": {"weight": "light", "source": "R-10434.2"}, "geometry": {"type": "LineString", "coordinates": [[-122.46482462, 37.802168], [-122.46482352, 37.8021694]]}}, {"type": "Feature", "properties": {"weight": "light", "source": "R-10434.2"}, "geometry": {"type": "LineString", "coordinates": [[-122.46482352, 37.8021694], [-122.4648227, 37.80217079]]}}, {"type": "Feature", "properties": {"weight": "light", "source": "R-10434.2"}, "geometry": {"type": "LineString", "coordinates": [[-122.4648227, 37.80217079], [-122.46482218, 37.80217218]]}}, {"type": "Feature", "properties": {"weight": "light", "source": "R-10434.2"}, "geometry": {"type": "LineString", "coordinates": [[-122.46482218, 37.80217218], [-122.46482194, 37.80217355]]}}, {"type": "Feature", "properties": {"weight": "light", "source": "R-10434.2"}, "geometry": {"type": "LineString", "coordinates": [[-122.46482194, 37.80217355], [-122.46482199, 37.8021747]]}}, {"type": "Feature", "properties": {"weight": "light", "source": "R-10434.2"}, "geometry": {"type": "LineString", "coordinates": [[-122.46482199, 37.8021747], [-122.46482262, 37.80217606]]}}, {"type": "Feature", "properties": {"weight": "light", "source": "R-10434.2"}, "geometry": {"type": "LineString", "coordinates": [[-122.46482262, 37.80217606], [-122.46482324, 37.80217719]]}}, {"type": "Feature", "properties": {"weight": "light", "source": "R-10434.2"}, "geometry": {"type": "LineString", "coordinates": [[-122.46482324, 37.80217719], [-122.46482443, 37.8021783]]}}, {"type": "Feature", "properties": {"weight": "light", "source": "R-10434.2"}, "geometry": {"type": "LineString", "coordinates": [[-122.46482443, 37.8021783], [-122.46482563, 37.80217942]]}}, {"type": "Feature", "properties": {"weight": "light", "source": "R-10434.2"}, "geometry": {"type": "LineString", "coordinates": [[-122.46482563, 37.80217942], [-122.4648274, 37.80218052]]}}, {"type": "Feature", "properties": {"weight": "light", "source": "R-10434.2"}, "geometry": {"type": "LineString", "coordinates": [[-122.4648274, 37.80218052], [-122.46482918, 37.80218162]]}}, {"type": "Feature", "properties": {"weight": "light", "source": "R-10434.2"}, "geometry": {"type": "LineString", "coordinates": [[-122.46482918, 37.80218162], [-122.46483124, 37.80218272]]}}, {"type": "Feature", "properties": {"weight": "light", "source": "R-10434.2"}, "geometry": {"type": "LineString", "coordinates": [[-122.46483124, 37.80218272], [-122.46483358, 37.80218358]]}}, {"type": "Feature", "properties": {"weight": "light", "source": "R-10434.2"}, "geometry": {"type": "LineString", "coordinates": [[-122.46483358, 37.80218358], [-122.46483622, 37.80218466]]}}, {"type": "Feature", "properties": {"weight": "light", "source": "R-10434.2"}, "geometry": {"type": "LineString", "coordinates": [[-122.46483622, 37.80218466], [-122.46483885, 37.80218551]]}}, {"type": "Feature", "properties": {"weight": "light", "source": "R-10434.2"}, "geometry": {"type": "LineString", "coordinates": [[-122.46483885, 37.80218551], [-122.46484178, 37.80218659]]}}, {"type": "Feature", "properties": {"weight": "light", "source": "R-10434.2"}, "geometry": {"type": "LineString", "coordinates": [[-122.46484178, 37.80218659], [-122.46484498, 37.80218742]]}}, {"type": "Feature", "properties": {"weight": "light", "source": "R-10434.2"}, "geometry": {"type": "LineString", "coordinates": [[-122.46484498, 37.80218742], [-122.46484819, 37.80218826]]}}, {"type": "Feature", "properties": {"weight": "light", "source": "R-10434.2"}, "geometry": {"type": "LineString", "coordinates": [[-122.46484819, 37.80218826], [-122.46485139, 37.8021891]]}}, {"type": "Feature", "properties": {"weight": "light", "source": "R-10434.2"}, "geometry": {"type": "LineString", "coordinates": [[-122.46485139, 37.8021891], [-122.46485868, 37.80219099]]}}, {"type": "Feature", "properties": {"weight": "light", "source": "R-10434.2"}, "geometry": {"type": "LineString", "coordinates": [[-122.46485868, 37.80219099], [-122.46486596, 37.80219264]]}}, {"type": "Feature", "properties": {"weight": "light", "source": "R-10434.2"}, "geometry": {"type": "LineString", "coordinates": [[-122.46486596, 37.80219264], [-122.46488138, 37.80219593]]}}, {"type": "Feature", "properties": {"weight": "light", "source": "R-10434.2"}, "geometry": {"type": "LineString", "coordinates": [[-122.46432319, 37.8012537], [-122.46431611, 37.80125428], [-122.46430939, 37.80125564], [-122.46430309, 37.80125772], [-122.46429728, 37.80126046], [-122.46429205, 37.80126379], [-122.46428746, 37.80126766], [-122.46428358, 37.80127201], [-122.46428049, 37.80127677], [-122.46427825, 37.80128188], [-122.46427694, 37.80128729], [-122.46427664, 37.80129293]]}}, {"type": "Feature", "properties": {"weight": "light", "source": "R-10434.2"}, "geometry": {"type": "LineString", "coordinates": [[-122.46427664, 37.80129293], [-122.46427737, 37.80129855], [-122.46427909, 37.80130388], [-122.46428171, 37.80130888], [-122.46428516, 37.80131349], [-122.46428936, 37.80131764], [-122.46429424, 37.80132128], [-122.46429971, 37.80132436], [-122.46430571, 37.80132682], [-122.46431216, 37.80132859], [-122.46431898, 37.80132963], [-122.46432608, 37.80132987]]}}, {"type": "Feature", "properties": {"weight": "light", "source": "R-10434.2"}, "geometry": {"type": "LineString", "coordinates": [[-122.46432331, 37.80125346], [-122.46460326, 37.80124695]]}}, {"type": "Feature", "properties": {"weight": "light", "source": "R-10434.2"}, "geometry": {"type": "LineString", "coordinates": [[-122.46460602, 37.80132313], [-122.46461309, 37.80132255], [-122.46461982, 37.80132118], [-122.46462612, 37.8013191], [-122.46463192, 37.80131637], [-122.46463715, 37.80131303], [-122.46464175, 37.80130916], [-122.46464562, 37.80130482], [-122.46464872, 37.80130006], [-122.46465096, 37.80129494], [-122.46465226, 37.80128953], [-122.46465257, 37.80128389]]}}, {"type": "Feature", "properties": {"weight": "light", "source": "R-10434.2"}, "geometry": {"type": "LineString", "coordinates": [[-122.46465257, 37.80128389], [-122.46465184, 37.80127828], [-122.46465012, 37.80127294], [-122.4646475, 37.80126794], [-122.46464405, 37.80126334], [-122.46463985, 37.80125919], [-122.46463497, 37.80125554], [-122.46462949, 37.80125246], [-122.46462349, 37.80125001], [-122.46461705, 37.80124823], [-122.46461023, 37.8012472], [-122.46460312, 37.80124695]]}}, {"type": "Feature", "properties": {"weight": "light", "source": "R-10434.2"}, "geometry": {"type": "LineString", "coordinates": [[-122.46460616, 37.8013229], [-122.46432623, 37.80132964]]}}, {"type": "Feature", "properties": {"weight": "light", "source": "R-10434.2"}, "geometry": {"type": "LineString", "coordinates": [[-122.46427692, 37.80129282], [-122.46423079, 37.80129393]]}}, {"type": "Feature", "properties": {"weight": "light", "source": "R-10434.2"}, "geometry": {"type": "LineString", "coordinates": [[-122.46423079, 37.80129393], [-122.46395469, 37.80170996]]}}, {"type": "Feature", "properties": {"weight": "light", "source": "R-10434.2"}, "geometry": {"type": "LineString", "coordinates": [[-122.46309799, 37.80181341], [-122.46309099, 37.80181239], [-122.46308405, 37.8018122], [-122.46307727, 37.80181279], [-122.46307073, 37.80181412], [-122.46306453, 37.80181615], [-122.46305875, 37.80181883], [-122.46305348, 37.80182214], [-122.46304882, 37.80182601], [-122.46304486, 37.80183042], [-122.46304169, 37.80183532], [-122.46303939, 37.80184066]]}}, {"type": "Feature", "properties": {"weight": "light", "source": "R-10434.2"}, "geometry": {"type": "LineString", "coordinates": [[-122.46303939, 37.80184066], [-122.4630381, 37.80184622], [-122.46303786, 37.80185172], [-122.4630386, 37.8018571], [-122.46304028, 37.80186229], [-122.46304283, 37.80186721], [-122.46304622, 37.8018718], [-122.46305039, 37.80187597], [-122.46305527, 37.80187967], [-122.46306083, 37.80188281], [-122.463067, 37.80188533], [-122.46307373, 37.80188715]]}}, {"type": "Feature", "properties": {"weight": "light", "source": "R-10434.2"}, "geometry": {"type": "LineString", "coordinates": [[-122.46309816, 37.80181347], [-122.46336924, 37.80186945]]}}, {"type": "Feature", "properties": {"weight": "light", "source": "R-10434.2"}, "geometry": {"type": "LineString", "coordinates": [[-122.46334482, 37.80194336], [-122.46335182, 37.80194438], [-122.46335875, 37.80194458], [-122.46336554, 37.80194399], [-122.46337208, 37.80194266], [-122.46337828, 37.80194063], [-122.46338406, 37.80193794], [-122.46338933, 37.80193464], [-122.46339398, 37.80193076], [-122.46339794, 37.80192636], [-122.46340112, 37.80192146], [-122.46340341, 37.80191611]]}}, {"type": "Feature", "properties": {"weight": "light", "source": "R-10434.2"}, "geometry": {"type": "LineString", "coordinates": [[-122.46340341, 37.80191611], [-122.4634047, 37.80191056], [-122.46340495, 37.80190506], [-122.46340421, 37.80189968], [-122.46340253, 37.80189449], [-122.46339997, 37.80188957], [-122.46339659, 37.80188498], [-122.46339242, 37.8018808], [-122.46338754, 37.80187711], [-122.46338198, 37.80187396], [-122.46337581, 37.80187144], [-122.46336907, 37.80186962]]}}, {"type": "Feature", "properties": {"weight": "light", "source": "R-10434.2"}, "geometry": {"type": "LineString", "coordinates": [[-122.46334493, 37.80194307], [-122.46307414, 37.80188709]]}}, {"type": "Feature", "properties": {"weight": "light", "source": "R-10434.2"}, "geometry": {"type": "LineString", "coordinates": [[-122.46704521, 37.80234146], [-122.46703818, 37.80234062], [-122.46703124, 37.80234059], [-122.46702448, 37.80234135], [-122.467018, 37.80234284], [-122.46701188, 37.80234503], [-122.46700621, 37.80234786], [-122.46700108, 37.80235129], [-122.46699657, 37.80235528], [-122.46699279, 37.80235978], [-122.46698981, 37.80236476], [-122.46698773, 37.80237016]]}}, {"type": "Feature", "properties": {"weight": "light", "source": "R-10434.2"}, "geometry": {"type": "LineString", "coordinates": [[-122.46698773, 37.80237016], [-122.46698666, 37.80237574], [-122.46698663, 37.80238125], [-122.46698758, 37.80238661], [-122.46698946, 37.80239175], [-122.46699222, 37.80239661], [-122.46699578, 37.80240111], [-122.46700011, 37.80240518], [-122.46700514, 37.80240875], [-122.46701082, 37.80241175], [-122.46701709, 37.80241412], [-122.46702389, 37.80241577]]}}, {"type": "Feature", "properties": {"weight": "light", "source": "R-10434.2"}, "geometry": {"type": "LineString", "coordinates": [[-122.46704539, 37.80234138], [-122.46731824, 37.80239067]]}}, {"type": "Feature", "properties": {"weight": "light", "source": "R-10434.2"}, "geometry": {"type": "LineString", "coordinates": [[-122.46729703, 37.80246505], [-122.46730406, 37.8024659], [-122.467311, 37.80246592], [-122.46731776, 37.80246517], [-122.46732424, 37.80246367], [-122.46733036, 37.80246149], [-122.46733603, 37.80245866], [-122.46734116, 37.80245523], [-122.46734567, 37.80245124], [-122.46734945, 37.80244673], [-122.46735243, 37.80244176], [-122.46735451, 37.80243636]]}}, {"type": "Feature", "properties": {"weight": "light", "source": "R-10434.2"}, "geometry": {"type": "LineString", "coordinates": [[-122.46735451, 37.80243636], [-122.46735558, 37.80243078], [-122.46735561, 37.80242527], [-122.46735466, 37.80241991], [-122.46735277, 37.80241476], [-122.46735002, 37.80240991], [-122.46734645, 37.80240541], [-122.46734213, 37.80240134], [-122.4673371, 37.80239776], [-122.46733142, 37.80239476], [-122.46732515, 37.8023924], [-122.46731835, 37.80239075]]}}, {"type": "Feature", "properties": {"weight": "light", "source": "R-10434.2"}, "geometry": {"type": "LineString", "coordinates": [[-122.46729713, 37.8024649], [-122.46702399, 37.80241562]]}}, {"type": "Feature", "properties": {"weight": "light", "source": "R-10434.2"}, "geometry": {"type": "LineString", "coordinates": [[-122.46006645, 37.8017044], [-122.46005982, 37.80170646], [-122.4600538, 37.8017092], [-122.46004843, 37.80171253], [-122.46004376, 37.8017164], [-122.46003984, 37.80172072], [-122.46003671, 37.80172543], [-122.46003443, 37.80173043], [-122.46003305, 37.80173568], [-122.46003262, 37.80174108], [-122.46003318, 37.80174657], [-122.46003478, 37.80175207]]}}, {"type": "Feature", "properties": {"weight": "light", "source": "R-10434.2"}, "geometry": {"type": "LineString", "coordinates": [[-122.46003478, 37.80175207], [-122.46003737, 37.80175733], [-122.46004082, 37.80176211], [-122.46004503, 37.80176637], [-122.4600499, 37.80177007], [-122.46005535, 37.80177319], [-122.46006128, 37.80177567], [-122.46006759, 37.80177747], [-122.4600742, 37.80177857], [-122.46008101, 37.80177891], [-122.46008792, 37.80177847], [-122.46009486, 37.8017772]]}}, {"type": "Feature", "properties": {"weight": "light", "source": "R-10434.2"}, "geometry": {"type": "LineString", "coordinates": [[-122.4600667, 37.80170416], [-122.46033399, 37.80163843]]}}, {"type": "Feature", "properties": {"weight": "light", "source": "R-10434.2"}, "geometry": {"type": "LineString", "coordinates": [[-122.46036244, 37.80171146], [-122.46036906, 37.8017094], [-122.46037509, 37.80170667], [-122.46038046, 37.80170333], [-122.46038513, 37.80169946], [-122.46038905, 37.80169514], [-122.46039218, 37.80169044], [-122.46039445, 37.80168543], [-122.46039583, 37.80168019], [-122.46039627, 37.80167478], [-122.46039571, 37.80166929], [-122.46039411, 37.80166379]]}}, {"type": "Feature", "properties": {"weight": "light", "source": "R-10434.2"}, "geometry": {"type": "LineString", "coordinates": [[-122.46039411, 37.80166379], [-122.46039151, 37.80165854], [-122.46038806, 37.80165376], [-122.46038386, 37.8016495], [-122.46037898, 37.80164579], [-122.46037354, 37.80164268], [-122.46036761, 37.8016402], [-122.4603613, 37.80163839], [-122.46035469, 37.8016373], [-122.46034788, 37.80163695], [-122.46034096, 37.80163739], [-122.46033403, 37.80163866]]}}, {"type": "Feature", "properties": {"weight": "light", "source": "R-10434.2"}, "geometry": {"type": "LineString", "coordinates": [[-122.46036246, 37.80171124], [-122.46009488, 37.80177698]]}}, {"type": "Feature", "properties": {"weight": "light", "source": "R-10434.2"}, "geometry": {"type": "LineString", "coordinates": [[-122.46472217, 37.80263892], [-122.46471509, 37.8026395], [-122.46470837, 37.80264086], [-122.46470207, 37.80264294], [-122.46469626, 37.80264568], [-122.46469103, 37.80264901], [-122.46468644, 37.80265288], [-122.46468256, 37.80265723], [-122.46467947, 37.80266199], [-122.46467723, 37.8026671], [-122.46467592, 37.80267251], [-122.46467562, 37.80267815]]}}, {"type": "Feature", "properties": {"weight": "light", "source": "R-10434.2"}, "geometry": {"type": "LineString", "coordinates": [[-122.46467562, 37.80267815], [-122.46467635, 37.80268377], [-122.46467807, 37.8026891], [-122.46468069, 37.8026941], [-122.46468414, 37.80269871], [-122.46468834, 37.80270286], [-122.46469322, 37.8027065], [-122.46469869, 37.80270958], [-122.46470469, 37.80271204], [-122.46471114, 37.80271381], [-122.46471796, 37.80271485], [-122.46472507, 37.80271509]]}}, {"type": "Feature", "properties": {"weight": "light", "source": "R-10434.2"}, "geometry": {"type": "LineString", "coordinates": [[-122.4647223, 37.80263869], [-122.46500224, 37.80263217]]}}, {"type": "Feature", "properties": {"weight": "light", "source": "R-10434.2"}, "geometry": {"type": "LineString", "coordinates": [[-122.465005, 37.80270835], [-122.46501208, 37.80270777], [-122.4650188, 37.8027064], [-122.4650251, 37.80270432], [-122.46503091, 37.80270159], [-122.46503614, 37.80269825], [-122.46504073, 37.80269438], [-122.46504461, 37.80269004], [-122.46504771, 37.80268528], [-122.46504994, 37.80268016], [-122.46505125, 37.80267475], [-122.46505156, 37.80266911]]}}, {"type": "Feature", "properties": {"weight": "light", "source": "R-10434.2"}, "geometry": {"type": "LineString", "coordinates": [[-122.46505156, 37.80266911], [-122.46505082, 37.8026635], [-122.46504911, 37.80265816], [-122.46504648, 37.80265316], [-122.46504303, 37.80264856], [-122.46503883, 37.80264441], [-122.46503395, 37.80264076], [-122.46502848, 37.80263768], [-122.46502248, 37.80263523], [-122.46501603, 37.80263345], [-122.46500922, 37.80263242], [-122.46500211, 37.80263217]]}}, {"type": "Feature", "properties": {"weight": "light", "source": "R-10434.2"}, "geometry": {"type": "LineString", "coordinates": [[-122.46500515, 37.80270812], [-122.46472521, 37.80271486]]}}, {"type": "Feature", "properties": {"weight": "light", "source": "R-10434.2"}, "geometry": {"type": "LineString", "coordinates": [[-122.46460533, 37.80226669], [-122.46400435, 37.80272924]]}}, {"type": "Feature", "properties": {"weight": "light", "source": "R-10434.2"}, "geometry": {"type": "LineString", "coordinates": [[-122.46400435, 37.80272924], [-122.46397062, 37.80273006]]}}, {"type": "Feature", "properties": {"weight": "light", "source": "R-10434.2"}, "geometry": {"type": "LineString", "coordinates": [[-122.46397062, 37.80273006], [-122.46460533, 37.80226669]]}}, {"type": "Feature", "properties": {"weight": "light", "source": "R-10434.2"}, "geometry": {"type": "LineString", "coordinates": [[-122.46328157, 37.80270841], [-122.46387056, 37.80269423]]}}, {"type": "Feature", "properties": {"weight": "light", "source": "R-10434.2"}, "geometry": {"type": "LineString", "coordinates": [[-122.46387333, 37.80277064], [-122.46388041, 37.80277005], [-122.46388713, 37.80276869], [-122.46389343, 37.80276661], [-122.46389923, 37.80276387], [-122.46390447, 37.80276054], [-122.46390906, 37.80275667], [-122.46391294, 37.80275232], [-122.46391603, 37.80274756], [-122.46391827, 37.80274245], [-122.46391958, 37.80273704], [-122.46391988, 37.8027314]]}}, {"type": "Feature", "properties": {"weight": "light", "source": "R-10434.2"}, "geometry": {"type": "LineString", "coordinates": [[-122.46391988, 37.8027314], [-122.46391915, 37.80272578], [-122.46391743, 37.80272045], [-122.46391481, 37.80271545], [-122.46391136, 37.80271085], [-122.46390716, 37.80270669], [-122.46390228, 37.80270305], [-122.46389681, 37.80269997], [-122.46389081, 37.80269752], [-122.46388436, 37.80269574], [-122.46387754, 37.80269471], [-122.46387043, 37.80269446]]}}, {"type": "Feature", "properties": {"weight": "light", "source": "R-10434.2"}, "geometry": {"type": "LineString", "coordinates": [[-122.46387347, 37.8027704], [-122.46328448, 37.80278459]]}}, {"type": "Feature", "properties": {"weight": "light", "source": "R-10434.2"}, "geometry": {"type": "LineString", "coordinates": [[-122.46328143, 37.80270841], [-122.46327436, 37.802709], [-122.46326763, 37.80271036], [-122.46326133, 37.80271244], [-122.46325553, 37.80271518], [-122.46325029, 37.80271851], [-122.4632457, 37.80272238], [-122.46324182, 37.80272673], [-122.46323873, 37.80273149], [-122.46323649, 37.8027366], [-122.46323518, 37.80274201], [-122.46323488, 37.80274765]]}}, {"type": "Feature", "properties": {"weight": "light", "source": "R-10434.2"}, "geometry": {"type": "LineString", "coordinates": [[-122.46323488, 37.80274765], [-122.46323561, 37.80275327], [-122.46323733, 37.8027586], [-122.46323995, 37.8027636], [-122.4632434, 37.8027682], [-122.4632476, 37.80277236], [-122.46325248, 37.802776], [-122.46325796, 37.80277908], [-122.46326396, 37.80278153], [-122.4632704, 37.80278331], [-122.46327722, 37.80278435], [-122.46328433, 37.80278459]]}}, {"type": "Feature", "properties": {"weight": "light", "source": "R-10434.2"}, "geometry": {"type": "LineString", "coordinates": [[-122.45973893, 37.80197695], [-122.46053942, 37.80259695]]}}, {"type": "Feature", "properties": {"weight": "light", "source": "R-10434.2"}, "geometry": {"type": "LineString", "coordinates": [[-122.46053942, 37.80259695], [-122.46050569, 37.80259777]]}}, {"type": "Feature", "properties": {"weight": "light", "source": "R-10434.2"}, "geometry": {"type": "LineString", "coordinates": [[-122.46050569, 37.80259777], [-122.45973893, 37.80197695]]}}, {"type": "Feature", "properties": {"weight": "light", "source": "R-10434.2"}, "geometry": {"type": "LineString", "coordinates": [[-122.46063656, 37.80255638], [-122.46122556, 37.80254244]]}}, {"type": "Feature", "properties": {"weight": "light", "source": "R-10434.2"}, "geometry": {"type": "LineString", "coordinates": [[-122.46122832, 37.80261862], [-122.46123539, 37.80261804], [-122.46124212, 37.80261668], [-122.46124842, 37.8026146], [-122.46125422, 37.80261186], [-122.46125946, 37.80260852], [-122.46126405, 37.80260465], [-122.46126793, 37.80260031], [-122.46127102, 37.80259555], [-122.46127326, 37.80259043], [-122.46127457, 37.80258503], [-122.46127487, 37.80257938]]}}, {"type": "Feature", "properties": {"weight": "light", "source": "R-10434.2"}, "geometry": {"type": "LineString", "coordinates": [[-122.46127487, 37.80257938], [-122.46127414, 37.80257377], [-122.46127242, 37.80256843], [-122.4612698, 37.80256343], [-122.46126635, 37.80255883], [-122.46126215, 37.80255468], [-122.46125727, 37.80255103], [-122.4612518, 37.80254796], [-122.4612458, 37.8025455], [-122.46123935, 37.80254373], [-122.46123253, 37.80254269], [-122.46122542, 37.80254244]]}}, {"type": "Feature", "properties": {"weight": "light", "source": "R-10434.2"}, "geometry": {"type": "LineString", "coordinates": [[-122.46122846, 37.80261839], [-122.46063947, 37.80263256]]}}, {"type": "Feature", "properties": {"weight": "light", "source": "R-10434.2"}, "geometry": {"type": "LineString", "coordinates": [[-122.46063642, 37.80255638], [-122.46062935, 37.80255697], [-122.46062262, 37.80255833], [-122.46061632, 37.80256041], [-122.46061052, 37.80256315], [-122.46060529, 37.80256648], [-122.46060069, 37.80257035], [-122.46059681, 37.8025747], [-122.46059372, 37.80257946], [-122.46059148, 37.80258457], [-122.46059017, 37.80258998], [-122.46058987, 37.80259562]]}}, {"type": "Feature", "properties": {"weight": "light", "source": "R-10434.2"}, "geometry": {"type": "LineString", "coordinates": [[-122.46058987, 37.80259562], [-122.4605906, 37.80260124], [-122.46059232, 37.80260657], [-122.46059494, 37.80261157], [-122.46059839, 37.80261617], [-122.46060259, 37.80262033], [-122.46060747, 37.80262397], [-122.46061295, 37.80262705], [-122.46061894, 37.8026295], [-122.46062539, 37.80263128], [-122.46063221, 37.80263232], [-122.46063932, 37.80263256]]}}, {"type": "Feature", "properties": {"weight": "light", "source": "R-10434.2"}, "geometry": {"type": "LineString", "coordinates": [[-122.46681681, 37.80261935], [-122.46621584, 37.80308191]]}}, {"type": "Feature", "properties": {"weight": "light", "source": "R-10434.2"}, "geometry": {"type": "LineString", "coordinates": [[-122.46621584, 37.80308191], [-122.46618211, 37.80308273]]}}, {"type": "Feature", "properties": {"weight": "light", "source": "R-10434.2"}, "geometry": {"type": "LineString", "coordinates": [[-122.46618211, 37.80308273], [-122.46681681, 37.80261935]]}}, {"type": "Feature", "properties": {"weight": "light", "source": "R-10434.2"}, "geometry": {"type": "LineString", "coordinates": [[-122.46535035, 37.80306453], [-122.46608206, 37.80304713]]}}, {"type": "Feature", "properties": {"weight": "light", "source": "R-10434.2"}, "geometry": {"type": "LineString", "coordinates": [[-122.46608482, 37.80312331], [-122.4660919, 37.80312273], [-122.46609862, 37.80312136], [-122.46610492, 37.80311928], [-122.46611073, 37.80311655], [-122.46611596, 37.80311321], [-122.46612055, 37.80310934], [-122.46612443, 37.803105], [-122.46612752, 37.80310024], [-122.46612976, 37.80309512], [-122.46613107, 37.80308971], [-122.46613138, 37.80308407]]}}, {"type": "Feature", "properties": {"weight": "light", "source": "R-10434.2"}, "geometry": {"type": "LineString", "coordinates": [[-122.46613138, 37.80308407], [-122.46613064, 37.80307846], [-122.46612892, 37.80307312], [-122.4661263, 37.80306812], [-122.46612285, 37.80306352], [-122.46611865, 37.80305937], [-122.46611377, 37.80305572], [-122.4661083, 37.80305264], [-122.4661023, 37.80305019], [-122.46609585, 37.80304841], [-122.46608903, 37.80304738], [-122.46608192, 37.80304713]]}}, {"type": "Feature", "properties": {"weight": "light", "source": "R-10434.2"}, "geometry": {"type": "LineString", "coordinates": [[-122.46608497, 37.80312308], [-122.46535326, 37.80314071]]}}, {"type": "Feature", "properties": {"weight": "light", "source": "R-10434.2"}, "geometry": {"type": "LineString", "coordinates": [[-122.46535022, 37.80306477], [-122.46534314, 37.80306535], [-122.46533642, 37.80306671], [-122.46533012, 37.80306879], [-122.46532432, 37.80307153], [-122.46531908, 37.80307486], [-122.46531449, 37.80307873], [-122.46531061, 37.80308308], [-122.46530752, 37.80308784], [-122.46530528, 37.80309295], [-122.46530397, 37.80309836], [-122.46530367, 37.803104]]}}, {"type": "Feature", "properties": {"weight": "light", "source": "R-10434.2"}, "geometry": {"type": "LineString", "coordinates": [[-122.46530367, 37.803104], [-122.4653044, 37.80310962], [-122.46530612, 37.80311495], [-122.46530874, 37.80311995], [-122.46531219, 37.80312456], [-122.46531639, 37.80312871], [-122.46532127, 37.80313235], [-122.46532675, 37.80313543], [-122.46533275, 37.80313788], [-122.46533919, 37.80313966], [-122.46534601, 37.8031407], [-122.46535312, 37.80314094]]}}, {"type": "Feature", "properties": {"weight": "light", "source": "R-10434.2"}, "geometry": {"type": "LineString", "coordinates": [[-122.46330657, 37.80124177], [-122.46315651, 37.80146794]]}}, {"type": "Feature", "properties": {"weight": "light", "source": "R-10434.2"}, "geometry": {"type": "LineString", "coordinates": [[-122.46330657, 37.80124177], [-122.46312625, 37.80140868]]}}, {"type": "Feature", "properties": {"weight": "light", "source": "R-10434.2"}, "geometry": {"type": "LineString", "coordinates": [[-122.46342577, 37.80120067], [-122.46341869, 37.80120125], [-122.46341196, 37.80120261], [-122.46340566, 37.80120469], [-122.46339986, 37.80120743], [-122.46339463, 37.80121076], [-122.46339004, 37.80121463], [-122.46338616, 37.80121898], [-122.46338306, 37.80122374], [-122.46338083, 37.80122885], [-122.46337952, 37.80123426], [-122.46337921, 37.8012399]]}}, {"type": "Feature", "properties": {"weight": "light", "source": "R-10434.2"}, "geometry": {"type": "LineString", "coordinates": [[-122.46337921, 37.8012399], [-122.46337995, 37.80124552], [-122.46338166, 37.80125085], [-122.46338428, 37.80125585], [-122.46338773, 37.80126046], [-122.46339193, 37.80126461], [-122.46339681, 37.80126825], [-122.46340229, 37.80127133], [-122.46340829, 37.80127379], [-122.46341473, 37.80127556], [-122.46342155, 37.8012766], [-122.46342866, 37.80127684]]}}, {"type": "Feature", "properties": {"weight": "light", "source": "R-10434.2"}, "geometry": {"type": "LineString", "coordinates": [[-122.4634259, 37.80120066], [-122.46370554, 37.80119393]]}}, {"type": "Feature", "properties": {"weight": "light", "source": "R-10434.2"}, "geometry": {"type": "LineString", "coordinates": [[-122.46370831, 37.80127034], [-122.46371539, 37.80126975], [-122.46372211, 37.80126839], [-122.46372841, 37.80126631], [-122.46373422, 37.80126357], [-122.46373945, 37.80126024], [-122.46374404, 37.80125637], [-122.46374792, 37.80125202], [-122.46375102, 37.80124726], [-122.46375325, 37.80124215], [-122.46375456, 37.80123674], [-122.46375487, 37.8012311]]}}, {"type": "Feature", "properties": {"weight": "light", "source": "R-10434.2"}, "geometry": {"type": "LineString", "coordinates": [[-122.46375487, 37.8012311], [-122.46375413, 37.80122548], [-122.46375242, 37.80122015], [-122.46374979, 37.80121515], [-122.46374634, 37.80121055], [-122.46374214, 37.80120639], [-122.46373726, 37.80120275], [-122.46373179, 37.80119967], [-122.46372579, 37.80119722], [-122.46371934, 37.80119544], [-122.46371253, 37.80119441], [-122.46370542, 37.80119416]]}}, {"type": "Feature", "properties": {"weight": "light", "source": "R-10434.2"}, "geometry": {"type": "LineString", "coordinates": [[-122.46370846, 37.8012701], [-122.46342853, 37.80127684]]}}, {"type": "Feature", "properties": {"weight": "light", "source": "R-10434.2"}, "geometry": {"type": "LineString", "coordinates": [[-122.46337921, 37.8012398], [-122.46330657, 37.80124177]]}}, {"type": "Feature", "properties": {"weight": "light", "source": "R-10434.2"}, "geometry": {"type": "LineString", "coordinates": [[-122.46285556, 37.80138543], [-122.46280819, 37.8012105]]}}, {"type": "Feature", "properties": {"weight": "light", "source": "R-10434.2"}, "geometry": {"type": "LineString", "coordinates": [[-122.46280819, 37.8012105], [-122.46285518, 37.80120937]]}}, {"type": "Feature", "properties": {"weight": "light", "source": "R-10434.2"}, "geometry": {"type": "LineString", "coordinates": [[-122.46721226, 37.80306866], [-122.46720518, 37.80306923], [-122.46719845, 37.80307059], [-122.46719215, 37.80307266], [-122.46718634, 37.80307539], [-122.4671811, 37.80307872], [-122.4671765, 37.80308259], [-122.46717262, 37.80308693], [-122.46716952, 37.80309169], [-122.46716727, 37.8030968], [-122.46716595, 37.8031022], [-122.46716564, 37.80310784]]}}, {"type": "Feature", "properties": {"weight": "light", "source": "R-10434.2"}, "geometry": {"type": "LineString", "coordinates": [[-122.46716564, 37.80310784], [-122.46716636, 37.80311346], [-122.46716807, 37.8031188], [-122.46717068, 37.8031238], [-122.46717413, 37.80312841], [-122.46717832, 37.80313256], [-122.46718319, 37.80313621], [-122.46718866, 37.8031393], [-122.46719466, 37.80314176], [-122.4672011, 37.80314354], [-122.46720792, 37.80314458], [-122.46721503, 37.80314483]]}}, {"type": "Feature", "properties": {"weight": "light", "source": "R-10434.2"}, "geometry": {"type": "LineString", "coordinates": [[-122.46721262, 37.80306865], [-122.46749257, 37.80306236]]}}, {"type": "Feature", "properties": {"weight": "light", "source": "R-10434.2"}, "geometry": {"type": "LineString", "coordinates": [[-122.46749498, 37.80313854], [-122.46750206, 37.80313797], [-122.46750879, 37.80313661], [-122.46751509, 37.80313454], [-122.4675209, 37.80313181], [-122.46752614, 37.80312848], [-122.46753074, 37.80312461], [-122.46753462, 37.80312027], [-122.46753772, 37.80311551], [-122.46753997, 37.8031104], [-122.46754129, 37.803105], [-122.4675416, 37.80309936]]}}, {"type": "Feature", "properties": {"weight": "light", "source": "R-10434.2"}, "geometry": {"type": "LineString", "coordinates": [[-122.4675416, 37.80309936], [-122.46754088, 37.80309374], [-122.46753917, 37.8030884], [-122.46753656, 37.8030834], [-122.46753311, 37.80307879], [-122.46752892, 37.80307464], [-122.46752405, 37.80307099], [-122.46751857, 37.8030679], [-122.46751258, 37.80306544], [-122.46750614, 37.80306366], [-122.46749932, 37.80306262], [-122.46749221, 37.80306237]]}}, {"type": "Feature", "properties": {"weight": "light", "source": "R-10434.2"}, "geometry": {"type": "LineString", "coordinates": [[-122.46749519, 37.80313831], [-122.46721524, 37.80314483]]}}, {"type": "Feature", "properties": {"weight": "light", "source": "R-10434.2"}, "geometry": {"type": "LineString", "coordinates": [[-122.46632248, 37.80261867], [-122.46621584, 37.80308191]]}}, {"type": "Feature", "properties": {"weight": "light", "source": "R-10434.2"}, "geometry": {"type": "LineString", "coordinates": [[-122.46621584, 37.80308191], [-122.46618211, 37.80308273]]}}, {"type": "Feature", "properties": {"weight": "light", "source": "R-10434.2"}, "geometry": {"type": "LineString", "coordinates": [[-122.46618211, 37.80308273], [-122.46632248, 37.80261867]]}}, {"type": "Feature", "properties": {"weight": "light", "source": "R-10434.2"}, "geometry": {"type": "LineString", "coordinates": [[-122.46446202, 37.80212613], [-122.46400435, 37.80272924]]}}, {"type": "Feature", "properties": {"weight": "light", "source": "R-10434.2"}, "geometry": {"type": "LineString", "coordinates": [[-122.46400435, 37.80272924], [-122.46397062, 37.80273006]]}}, {"type": "Feature", "properties": {"weight": "light", "source": "R-10434.2"}, "geometry": {"type": "LineString", "coordinates": [[-122.46397062, 37.80273006], [-122.46446202, 37.80212613]]}}, {"type": "Feature", "properties": {"weight": "light", "source": "R-10434.2"}, "geometry": {"type": "LineString", "coordinates": [[-122.46800358, 37.80310659], [-122.46795503, 37.80321766]]}}, {"type": "Feature", "properties": {"weight": "light", "source": "R-10434.2"}, "geometry": {"type": "LineString", "coordinates": [[-122.46795503, 37.80321766], [-122.46749606, 37.80322873]]}}, {"type": "Feature", "properties": {"weight": "light", "source": "R-10434.2"}, "geometry": {"type": "LineString", "coordinates": [[-122.46697618, 37.8027119], [-122.46695806, 37.80300724]]}}, {"type": "Feature", "properties": {"weight": "light", "source": "R-10434.2"}, "geometry": {"type": "LineString", "coordinates": [[-122.46695806, 37.80300724], [-122.46648523, 37.80301818]]}}, {"type": "Feature", "properties": {"weight": "light", "source": "R-10434.2"}, "geometry": {"type": "LineString", "coordinates": [[-122.46716075, 37.8022493], [-122.46725214, 37.80205866]]}}, {"type": "Feature", "properties": {"weight": "light", "source": "R-10434.2"}, "geometry": {"type": "LineString", "coordinates": [[-122.46725214, 37.80205866], [-122.46771658, 37.80204747]]}}, {"type": "Feature", "properties": {"weight": "light", "source": "R-10434.2"}, "geometry": {"type": "LineString", "coordinates": [[-122.46564589, 37.80199526], [-122.4656182, 37.80211636]]}}, {"type": "Feature", "properties": {"weight": "light", "source": "R-10434.2"}, "geometry": {"type": "LineString", "coordinates": [[-122.4656182, 37.80211636], [-122.46606186, 37.80220298]]}}, {"type": "Feature", "properties": {"weight": "light", "source": "R-10434.2"}, "geometry": {"type": "LineString", "coordinates": [[-122.46508024, 37.80096048], [-122.46504422, 37.8008938]]}}, {"type": "Feature", "properties": {"weight": "light", "source": "R-10434.2"}, "geometry": {"type": "LineString", "coordinates": [[-122.46504422, 37.8008938], [-122.46458353, 37.8009049]]}}, {"type": "Feature", "properties": {"weight": "light", "source": "R-10434.2"}, "geometry": {"type": "LineString", "coordinates": [[-122.46557448, 37.80025001], [-122.46544889, 37.80030867]]}}, {"type": "Feature", "properties": {"weight": "light", "source": "R-10434.2"}, "geometry": {"type": "LineString", "coordinates": [[-122.46544889, 37.80030867], [-122.46498821, 37.80031977]]}}, {"type": "Feature", "properties": {"weight": "light", "source": "R-10434.2"}, "geometry": {"type": "LineString", "coordinates": [[-122.46145438, 37.80119065], [-122.46152431, 37.80093642]]}}, {"type": "Feature", "properties": {"weight": "light", "source": "R-10434.2"}, "geometry": {"type": "LineString", "coordinates": [[-122.46152431, 37.80093642], [-122.46180281, 37.80065084]]}}, {"type": "Feature", "properties": {"weight": "light", "source": "R-10434.2"}, "geometry": {"type": "LineString", "coordinates": [[-122.45891641, 37.80246495], [-122.4591121, 37.8027382]]}}, {"type": "Feature", "properties": {"weight": "light", "source": "R-10434.2"}, "geometry": {"type": "LineString", "coordinates": [[-122.4591121, 37.8027382], [-122.45957482, 37.80272708]]}}, {"type": "Feature", "properties": {"weight": "light", "source": "R-10434.2"}, "geometry": {"type": "LineString", "coordinates": [[-122.4608613, 37.80144487], [-122.46044446, 37.80119891]]}}, {"type": "Feature", "properties": {"weight": "light", "source": "R-10434.2"}, "geometry": {"type": "LineString", "coordinates": [[-122.46044446, 37.80119891], [-122.45997396, 37.80121023]]}}, {"type": "Feature", "properties": {"weight": "light", "source": "R-10434.2"}, "geometry": {"type": "LineString", "coordinates": [[-122.45997307, 37.80149645], [-122.45980523, 37.80127267]]}}, {"type": "Feature", "properties": {"weight": "light", "source": "R-10434.2"}, "geometry": {"type": "LineString", "coordinates": [[-122.45980523, 37.80127267], [-122.45932234, 37.80128428]]}}, {"type": "Feature", "properties": {"weight": "light", "source": "R-10434.2"}, "geometry": {"type": "LineString", "coordinates": [[-122.4593143, 37.80176873], [-122.45931198, 37.80153433]]}}, {"type": "Feature", "properties": {"weight": "light", "source": "R-10434.2"}, "geometry": {"type": "LineString", "coordinates": [[-122.45931198, 37.80153433], [-122.45879997, 37.80154664]]}}, {"type": "Feature", "properties": {"weight": "light", "source": "R-10434.2"}, "geometry": {"type": "LineString", "coordinates": [[-122.45895711, 37.80198933], [-122.45917708, 37.80201427]]}}, {"type": "Feature", "properties": {"weight": "light", "source": "R-10434.2"}, "geometry": {"type": "LineString", "coordinates": [[-122.45917708, 37.80201427], [-122.45961544, 37.80187917]]}}, {"type": "Feature", "properties": {"weight": "light", "source": "R-10434.2"}, "geometry": {"type": "LineString", "coordinates": [[-122.45894796, 37.80195361], [-122.45885683, 37.80166777]]}}, {"type": "Feature", "properties": {"weight": "light", "source": "R-10434.2"}, "geometry": {"type": "LineString", "coordinates": [[-122.45885683, 37.80166777], [-122.45838575, 37.80167909]]}}, {"type": "Feature", "properties": {"weight": "light", "source": "R-10434.2"}, "geometry": {"type": "LineString", "coordinates": [[-122.46333463, 37.80196805], [-122.46314398, 37.80221946]]}}, {"type": "Feature", "properties": {"weight": "light", "source": "R-10434.2"}, "geometry": {"type": "LineString", "coordinates": [[-122.46314398, 37.80221946], [-122.46269424, 37.80223028]]}}, {"type": "Feature", "properties": {"weight": "light", "source": "R-10434.2"}, "geometry": {"type": "LineString", "coordinates": [[-122.46422654, 37.80214829], [-122.4641072, 37.8023325]]}}, {"type": "Feature", "properties": {"weight": "light", "source": "R-10434.2"}, "geometry": {"type": "LineString", "coordinates": [[-122.4641072, 37.8023325], [-122.46364102, 37.80234372]]}}, {"type": "Feature", "properties": {"weight": "light", "source": "R-10434.2"}, "geometry": {"type": "LineString", "coordinates": [[-122.46154344, 37.80185982], [-122.46184079, 37.80221053]]}}, {"type": "Feature", "properties": {"weight": "light", "source": "R-10434.2"}, "geometry": {"type": "LineString", "coordinates": [[-122.46184079, 37.80221053], [-122.46232628, 37.80219884]]}}, {"type": "Feature", "properties": {"weight": "light", "source": "R-10434.2"}, "geometry": {"type": "LineString", "coordinates": [[-122.46147478, 37.80136211], [-122.46131036, 37.80100865]]}}, {"type": "Feature", "properties": {"weight": "light", "source": "R-10434.2"}, "geometry": {"type": "LineString", "coordinates": [[-122.46131036, 37.80100865], [-122.4608589, 37.80101952]]}}, {"type": "Feature", "properties": {"weight": "light", "source": "R-10434.2"}, "geometry": {"type": "LineString", "coordinates": [[-122.4623251, 37.80143598], [-122.46217345, 37.80171873]]}}, {"type": "Feature", "properties": {"weight": "light", "source": "R-10434.2"}, "geometry": {"type": "LineString", "coordinates": [[-122.46217345, 37.80171873], [-122.46265745, 37.80178126]]}}, {"type": "Feature", "properties": {"weight": "light", "source": "R-10434.2"}, "geometry": {"type": "LineString", "coordinates": [[-122.4601567, 37.80220181], [-122.46031802, 37.80238362]]}}, {"type": "Feature", "properties": {"weight": "light", "source": "R-10434.2"}, "geometry": {"type": "LineString", "coordinates": [[-122.46031802, 37.80238362], [-122.46077757, 37.80237257]]}}, {"type": "Feature", "properties": {"weight": "light", "source": "R-10434.2"}, "geometry": {"type": "LineString", "coordinates": [[-122.45961461, 37.80221256], [-122.45978521, 37.80245574]]}}, {"type": "Feature", "properties": {"weight": "light", "source": "R-10434.2"}, "geometry": {"type": "LineString", "coordinates": [[-122.45978521, 37.80245574], [-122.46024504, 37.80244468]]}}, {"type": "Feature", "properties": {"weight": "light", "source": "R-10434.2"}, "geometry": {"type": "LineString", "coordinates": [[-122.46408723, 37.80191604], [-122.46408538, 37.80191311]]}}, {"type": "Feature", "properties": {"weight": "light", "source": "R-10434.2"}, "geometry": {"type": "LineString", "coordinates": [[-122.46408538, 37.80191311], [-122.46408354, 37.80191018]]}}, {"type": "Feature", "properties": {"weight": "light", "source": "R-10434.2"}, "geometry": {"type": "LineString", "coordinates": [[-122.46408354, 37.80191018], [-122.46408198, 37.80190724]]}}, {"type": "Feature", "properties": {"weight": "light", "source": "R-10434.2"}, "geometry": {"type": "LineString", "coordinates": [[-122.46408198, 37.80190724], [-122.46408101, 37.80190451]]}}, {"type": "Feature", "properties": {"weight": "light", "source": "R-10434.2"}, "geometry": {"type": "LineString", "coordinates": [[-122.46408101, 37.80190451], [-122.46408067, 37.80190315]]}}, {"type": "Feature", "properties": {"weight": "light", "source": "R-10434.2"}, "geometry": {"type": "LineString", "coordinates": [[-122.46408067, 37.80190315], [-122.46408033, 37.80190178]]}}, {"type": "Feature", "properties": {"weight": "light", "source": "R-10434.2"}, "geometry": {"type": "LineString", "coordinates": [[-122.46408033, 37.80190178], [-122.46408028, 37.80190041]]}}, {"type": "Feature", "properties": {"weight": "light", "source": "R-10434.2"}, "geometry": {"type": "LineString", "coordinates": [[-122.46408028, 37.80190041], [-122.46408052, 37.80189926]]}}, {"type": "Feature", "properties": {"weight": "light", "source": "R-10434.2"}, "geometry": {"type": "LineString", "coordinates": [[-122.46408052, 37.80189926], [-122.46408076, 37.80189788]]}}, {"type": "Feature", "properties": {"weight": "light", "source": "R-10434.2"}, "geometry": {"type": "LineString", "coordinates": [[-122.46408076, 37.80189788], [-122.46408129, 37.80189672]]}}, {"type": "Feature", "properties": {"weight": "light", "source": "R-10434.2"}, "geometry": {"type": "LineString", "coordinates": [[-122.46408129, 37.80189672], [-122.46408211, 37.80189556]]}}, {"type": "Feature", "properties": {"weight": "light", "source": "R-10434.2"}, "geometry": {"type": "LineString", "coordinates": [[-122.46408211, 37.80189556], [-122.46408294, 37.80189439]]}}, {"type": "Feature", "properties": {"weight": "light", "source": "R-10434.2"}, "geometry": {"type": "LineString", "coordinates": [[-122.46408294, 37.80189439], [-122.46408434, 37.80189344]]}}, {"type": "Feature", "properties": {"weight": "light", "source": "R-10434.2"}, "geometry": {"type": "LineString", "coordinates": [[-122.46408434, 37.80189344], [-122.46408545, 37.80189227]]}}, {"type": "Feature", "properties": {"weight": "light", "source": "R-10434.2"}, "geometry": {"type": "LineString", "coordinates": [[-122.46408545, 37.80189227], [-122.46408686, 37.80189132]]}}, {"type": "Feature", "properties": {"weight": "light", "source": "R-10434.2"}, "geometry": {"type": "LineString", "coordinates": [[-122.46408686, 37.80189132], [-122.46408855, 37.80189036]]}}, {"type": "Feature", "properties": {"weight": "light", "source": "R-10434.2"}, "geometry": {"type": "LineString", "coordinates": [[-122.46408855, 37.80189036], [-122.46409223, 37.80188844]]}}, {"type": "Feature", "properties": {"weight": "light", "source": "R-10434.2"}, "geometry": {"type": "LineString", "coordinates": [[-122.46409223, 37.80188844], [-122.46409592, 37.80188675]]}}, {"type": "Feature", "properties": {"weight": "light", "source": "R-10434.2"}, "geometry": {"type": "LineString", "coordinates": [[-122.46409592, 37.80188675], [-122.46410018, 37.80188505]]}}, {"type": "Feature", "properties": {"weight": "light", "source": "R-10434.2"}, "geometry": {"type": "LineString", "coordinates": [[-122.46410018, 37.80188505], [-122.46410444, 37.80188334]]}}, {"type": "Feature", "properties": {"weight": "light", "source": "R-10434.2"}, "geometry": {"type": "LineString", "coordinates": [[-122.46410444, 37.80188334], [-122.46410872, 37.80188187]]}}, {"type": "Feature", "properties": {"weight": "light", "source": "R-10434.2"}, "geometry": {"type": "LineString", "coordinates": [[-122.46410872, 37.80188187], [-122.46411271, 37.80188062]]}}, {"type": "Feature", "properties": {"weight": "light", "source": "R-10434.2"}, "geometry": {"type": "LineString", "coordinates": [[-122.46411271, 37.80188062], [-122.46411641, 37.80187939]]}}, {"type": "Feature", "properties": {"weight": "light", "source": "R-10434.2"}, "geometry": {"type": "LineString", "coordinates": [[-122.46411641, 37.80187939], [-122.46411982, 37.80187793]]}}, {"type": "Feature", "properties": {"weight": "light", "source": "R-10434.2"}, "geometry": {"type": "LineString", "coordinates": [[-122.46411982, 37.80187793], [-122.46412153, 37.80187744]]}}, {"type": "Feature", "properties": {"weight": "light", "source": "R-10434.2"}, "geometry": {"type": "LineString", "coordinates": [[-122.46412153, 37.80187744], [-122.46412296, 37.80187694]]}}, {"type": "Feature", "properties": {"weight": "light", "source": "R-10434.2"}, "geometry": {"type": "LineString", "coordinates": [[-122.46412296, 37.80187694], [-122.46412408, 37.80187623]]}}, {"type": "Feature", "properties": {"weight": "light", "source": "R-10434.2"}, "geometry": {"type": "LineString", "coordinates": [[-122.46412408, 37.80187623], [-122.46412522, 37.80187574]]}}, {"type": "Feature", "properties": {"weight": "light", "source": "R-10434.2"}, "geometry": {"type": "LineString", "coordinates": [[-122.46412522, 37.80187574], [-122.46412606, 37.80187527]]}}, {"type": "Feature", "properties": {"weight": "light", "source": "R-10434.2"}, "geometry": {"type": "LineString", "coordinates": [[-122.46412606, 37.80187527], [-122.46412661, 37.80187457]]}}, {"type": "Feature", "properties": {"weight": "light", "source": "R-10434.2"}, "geometry": {"type": "LineString", "coordinates": [[-122.46412661, 37.80187457], [-122.46412717, 37.80187409]]}}, {"type": "Feature", "properties": {"weight": "light", "source": "R-10434.2"}, "geometry": {"type": "LineString", "coordinates": [[-122.46412717, 37.80187409], [-122.46412745, 37.80187363]]}}, {"type": "Feature", "properties": {"weight": "light", "source": "R-10434.2"}, "geometry": {"type": "LineString", "coordinates": [[-122.46412745, 37.80187363], [-122.46412713, 37.80187295]]}}, {"type": "Feature", "properties": {"weight": "light", "source": "R-10434.2"}, "geometry": {"type": "LineString", "coordinates": [[-122.46412713, 37.80187295], [-122.46412682, 37.8018725]]}}, {"type": "Feature", "properties": {"weight": "light", "source": "R-10434.2"}, "geometry": {"type": "LineString", "coordinates": [[-122.46412682, 37.8018725], [-122.46412652, 37.80187205]]}}, {"type": "Feature", "properties": {"weight": "light", "source": "R-10434.2"}, "geometry": {"type": "LineString", "coordinates": [[-122.46412652, 37.80187205], [-122.46412563, 37.80187138]]}}, {"type": "Feature", "properties": {"weight": "light", "source": "R-10434.2"}, "geometry": {"type": "LineString", "coordinates": [[-122.46412563, 37.80187138], [-122.46412475, 37.80187095]]}}, {"type": "Feature", "properties": {"weight": "light", "source": "R-10434.2"}, "geometry": {"type": "LineString", "coordinates": [[-122.46412475, 37.80187095], [-122.46412357, 37.80187052]]}}, {"type": "Feature", "properties": {"weight": "light", "source": "R-10434.2"}, "geometry": {"type": "LineString", "coordinates": [[-122.46412357, 37.80187052], [-122.46412211, 37.80186987]]}}, {"type": "Feature", "properties": {"weight": "light", "source": "R-10434.2"}, "geometry": {"type": "LineString", "coordinates": [[-122.46412211, 37.80186987], [-122.46412065, 37.80186944]]}}, {"type": "Feature", "properties": {"weight": "light", "source": "R-10434.2"}, "geometry": {"type": "LineString", "coordinates": [[-122.46412065, 37.80186944], [-122.4641189, 37.80186903]]}}, {"type": "Feature", "properties": {"weight": "light", "source": "R-10434.2"}, "geometry": {"type": "LineString", "coordinates": [[-122.4641189, 37.80186903], [-122.46411714, 37.80186838]]}}, {"type": "Feature", "properties": {"weight": "light", "source": "R-10434.2"}, "geometry": {"type": "LineString", "coordinates": [[-122.46411714, 37.80186838], [-122.46411307, 37.80186756]]}}, {"type": "Feature", "properties": {"weight": "light", "source": "R-10434.2"}, "geometry": {"type": "LineString", "coordinates": [[-122.46411307, 37.80186756], [-122.46410871, 37.80186652]]}}, {"type": "Feature", "properties": {"weight": "light", "source": "R-10434.2"}, "geometry": {"type": "LineString", "coordinates": [[-122.46410871, 37.80186652], [-122.46410405, 37.80186549]]}}, {"type": "Feature", "properties": {"weight": "light", "source": "R-10434.2"}, "geometry": {"type": "LineString", "coordinates": [[-122.46410405, 37.80186549], [-122.46409417, 37.80186367]]}}, {"type": "Feature", "properties": {"weight": "light", "source": "R-10434.2"}, "geometry": {"type": "LineString", "coordinates": [[-122.46270621, 37.80084112], [-122.46269913, 37.8008417], [-122.4626924, 37.80084306], [-122.46268611, 37.80084514], [-122.4626803, 37.80084788], [-122.46267507, 37.80085122], [-122.46267048, 37.80085509], [-122.4626666, 37.80085943], [-122.4626635, 37.80086419], [-122.46266127, 37.80086931], [-122.46265996, 37.80087471], [-122.46265965, 37.80088036]]}}, {"type": "Feature", "properties": {"weight": "light", "source": "R-10434.2"}, "geometry": {"type": "LineString", "coordinates": [[-122.46265965, 37.80088036], [-122.46266039, 37.80088597], [-122.4626621, 37.80089131], [-122.46266472, 37.80089631], [-122.46266817, 37.80090091], [-122.46267238, 37.80090506], [-122.46267725, 37.80090871], [-122.46268273, 37.80091178], [-122.46268873, 37.80091424], [-122.46269518, 37.80091601], [-122.46270199, 37.80091705], [-122.4627091, 37.80091729]]}}, {"type": "Feature", "properties": {"weight": "light", "source": "R-10434.2"}, "geometry": {"type": "LineString", "coordinates": [[-122.46270633, 37.80084089], [-122.46298627, 37.80083438]]}}, {"type": "Feature", "properties": {"weight": "light", "source": "R-10434.2"}, "geometry": {"type": "LineString", "coordinates": [[-122.46298903, 37.80091056], [-122.46299611, 37.80090997], [-122.46300283, 37.80090861], [-122.46300913, 37.80090653], [-122.46301493, 37.80090379], [-122.46302017, 37.80090046], [-122.46302476, 37.80089659], [-122.46302864, 37.80089224], [-122.46303173, 37.80088748], [-122.46303397, 37.80088237], [-122.46303528, 37.80087696], [-122.46303558, 37.80087132]]}}, {"type": "Feature", "properties": {"weight": "light", "source": "R-10434.2"}, "geometry": {"type": "LineString", "coordinates": [[-122.46303558, 37.80087132], [-122.46303485, 37.8008657], [-122.46303313, 37.80086037], [-122.46303051, 37.80085537], [-122.46302706, 37.80085077], [-122.46302286, 37.80084661], [-122.46301798, 37.80084297], [-122.46301251, 37.80083989], [-122.46300651, 37.80083744], [-122.46300006, 37.80083566], [-122.46299325, 37.80083462], [-122.46298614, 37.80083438]]}}, {"type": "Feature", "properties": {"weight": "light", "source": "R-10434.2"}, "geometry": {"type": "LineString", "coordinates": [[-122.46298918, 37.80091032], [-122.46270924, 37.80091706]]}}, {"type": "Feature", "properties": {"weight": "light", "source": "R-10434.2"}, "geometry": {"type": "LineString", "coordinates": [[-122.46265994, 37.80088024], [-122.46257922, 37.80088218]]}}, {"type": "Feature", "properties": {"weight": "light", "source": "R-10434.2"}, "geometry": {"type": "LineString", "coordinates": [[-122.46257922, 37.80088218], [-122.4621501, 37.80142485]]}}, {"type": "Feature", "properties": {"weight": "light", "source": "R-10434.2"}, "geometry": {"type": "LineString", "coordinates": [[-122.46350801, 37.80098964], [-122.46350094, 37.80099023], [-122.46349421, 37.80099159], [-122.46348791, 37.80099367], [-122.46348211, 37.80099641], [-122.46347688, 37.80099974], [-122.46347228, 37.80100361], [-122.4634684, 37.80100796], [-122.46346531, 37.80101272], [-122.46346307, 37.80101783], [-122.46346177, 37.80102324], [-122.46346146, 37.80102888]]}}, {"type": "Feature", "properties": {"weight": "light", "source": "R-10434.2"}, "geometry": {"type": "LineString", "coordinates": [[-122.46346146, 37.80102888], [-122.46346219, 37.8010345], [-122.46346391, 37.80103983], [-122.46346653, 37.80104483], [-122.46346998, 37.80104943], [-122.46347418, 37.80105359], [-122.46347906, 37.80105723], [-122.46348454, 37.80106031], [-122.46349054, 37.80106276], [-122.46349698, 37.80106454], [-122.4635038, 37.80106558], [-122.46351091, 37.80106582]]}}, {"type": "Feature", "properties": {"weight": "light", "source": "R-10434.2"}, "geometry": {"type": "LineString", "coordinates": [[-122.46350815, 37.80098964], [-122.46378808, 37.8009829]]}}, {"type": "Feature", "properties": {"weight": "light", "source": "R-10434.2"}, "geometry": {"type": "LineString", "coordinates": [[-122.46379084, 37.80105908], [-122.46379792, 37.8010585], [-122.46380464, 37.80105713], [-122.46381094, 37.80105505], [-122.46381674, 37.80105232], [-122.46382198, 37.80104898], [-122.46382657, 37.80104511], [-122.46383045, 37.80104077], [-122.46383354, 37.80103601], [-122.46383578, 37.80103089], [-122.46383709, 37.80102548], [-122.46383739, 37.80101984]]}}, {"type": "Feature", "properties": {"weight": "light", "source": "R-10434.2"}, "geometry": {"type": "LineString", "coordinates": [[-122.46383739, 37.80101984], [-122.46383666, 37.80101423], [-122.46383494, 37.80100889], [-122.46383232, 37.80100389], [-122.46382887, 37.80099929], [-122.46382467, 37.80099514], [-122.46381979, 37.80099149], [-122.46381431, 37.80098842], [-122.46380831, 37.80098596], [-122.46380187, 37.80098419], [-122.46379505, 37.80098315], [-122.46378794, 37.8009829]]}}, {"type": "Feature", "properties": {"weight": "light", "source": "R-10434.2"}, "geometry": {"type": "LineString", "coordinates": [[-122.46379098, 37.80105885], [-122.46351105, 37.80106559]]}}, {"type": "Feature", "properties": {"weight": "light", "source": "R-10434.2"}, "geometry": {"type": "LineString", "coordinates": [[-122.463411, 37.80102999], [-122.46301484, 37.80143059]]}}, {"type": "Feature", "properties": {"weight": "light", "source": "R-10434.2"}, "geometry": {"type": "LineString", "coordinates": [[-122.46385398, 37.8004009], [-122.4638469, 37.80040148], [-122.46384018, 37.80040284], [-122.46383388, 37.80040492], [-122.46382808, 37.80040766], [-122.46382284, 37.80041099], [-122.46381825, 37.80041486], [-122.46381437, 37.80041921], [-122.46381128, 37.80042397], [-122.46380904, 37.80042909], [-122.46380774, 37.80043449], [-122.46380743, 37.80044013]]}}, {"type": "Feature", "properties": {"weight": "light", "source": "R-10434.2"}, "geometry": {"type": "LineString", "coordinates": [[-122.46380743, 37.80044013], [-122.46380816, 37.80044575], [-122.46380988, 37.80045109], [-122.4638125, 37.80045608], [-122.46381595, 37.80046069], [-122.46382015, 37.80046484], [-122.46382503, 37.80046848], [-122.46383051, 37.80047156], [-122.46383651, 37.80047402], [-122.46384295, 37.80047579], [-122.46384977, 37.80047683], [-122.46385688, 37.80047707]]}}, {"type": "Feature", "properties": {"weight": "light", "source": "R-10434.2"}, "geometry": {"type": "LineString", "coordinates": [[-122.4638544, 37.80040089], [-122.46413405, 37.80039415]]}}, {"type": "Feature", "properties": {"weight": "light", "source": "R-10434.2"}, "geometry": {"type": "LineString", "coordinates": [[-122.46413681, 37.80047033], [-122.46414388, 37.80046975], [-122.46415061, 37.80046839], [-122.46415691, 37.80046631], [-122.46416271, 37.80046357], [-122.46416794, 37.80046024], [-122.46417253, 37.80045636], [-122.46417641, 37.80045202], [-122.46417951, 37.80044726], [-122.46418174, 37.80044214], [-122.46418305, 37.80043674], [-122.46418336, 37.80043109]]}}, {"type": "Feature", "properties": {"weight": "light", "source": "R-10434.2"}, "geometry": {"type": "LineString", "coordinates": [[-122.46418336, 37.80043109], [-122.46418262, 37.80042548], [-122.46418091, 37.80042014], [-122.46417829, 37.80041515], [-122.46417484, 37.80041054], [-122.46417064, 37.80040639], [-122.46416576, 37.80040274], [-122.46416028, 37.80039967], [-122.46415428, 37.80039721], [-122.46414783, 37.80039544], [-122.46414102, 37.8003944], [-122.46413391, 37.80039416]]}}, {"type": "Feature", "properties": {"weight": "light", "source": "R-10434.2"}, "geometry": {"type": "LineString", "coordinates": [[-122.46413696, 37.80047033], [-122.46385702, 37.80047684]]}}, {"type": "Feature", "properties": {"weight": "light", "source": "R-10434.2"}, "geometry": {"type": "LineString", "coordinates": [[-122.4600766, 37.80101521], [-122.46006952, 37.80101579], [-122.4600628, 37.80101715], [-122.4600565, 37.80101923], [-122.4600507, 37.80102197], [-122.46004546, 37.80102531], [-122.46004087, 37.80102918], [-122.46003699, 37.80103352], [-122.4600339, 37.80103828], [-122.46003167, 37.8010434], [-122.46003036, 37.80104881], [-122.46003005, 37.80105445]]}}, {"type": "Feature", "properties": {"weight": "light", "source": "R-10434.2"}, "geometry": {"type": "LineString", "coordinates": [[-122.46003005, 37.80105445], [-122.46003079, 37.80106006], [-122.46003251, 37.8010654], [-122.46003513, 37.8010704], [-122.46003858, 37.801075], [-122.46004278, 37.80107915], [-122.46004766, 37.8010828], [-122.46005314, 37.80108587], [-122.46005914, 37.80108833], [-122.46006558, 37.8010901], [-122.4600724, 37.80109114], [-122.46007951, 37.80109138]]}}, {"type": "Feature", "properties": {"weight": "light", "source": "R-10434.2"}, "geometry": {"type": "LineString", "coordinates": [[-122.46007673, 37.80101497], [-122.46035638, 37.80100825]]}}, {"type": "Feature", "properties": {"weight": "light", "source": "R-10434.2"}, "geometry": {"type": "LineString", "coordinates": [[-122.46035915, 37.80108465], [-122.46036623, 37.80108407], [-122.46037295, 37.80108271], [-122.46037925, 37.80108063], [-122.46038505, 37.80107789], [-122.46039029, 37.80107456], [-122.46039488, 37.80107068], [-122.46039876, 37.80106634], [-122.46040185, 37.80106158], [-122.46040408, 37.80105646], [-122.46040539, 37.80105105], [-122.4604057, 37.80104541]]}}, {"type": "Feature", "properties": {"weight": "light", "source": "R-10434.2"}, "geometry": {"type": "LineString", "coordinates": [[-122.4604057, 37.80104541], [-122.46040496, 37.8010398], [-122.46040324, 37.80103446], [-122.46040062, 37.80102946], [-122.46039717, 37.80102486], [-122.46039297, 37.80102071], [-122.46038809, 37.80101707], [-122.46038261, 37.80101399], [-122.46037661, 37.80101153], [-122.46037017, 37.80100976], [-122.46036335, 37.80100872], [-122.46035624, 37.80100848]]}}, {"type": "Feature", "properties": {"weight": "light", "source": "R-10434.2"}, "geometry": {"type": "LineString", "coordinates": [[-122.46035929, 37.80108442], [-122.46007964, 37.80109115]]}}, {"type": "Feature", "properties": {"weight": "light", "source": "R-10434.2"}, "geometry": {"type": "LineString", "coordinates": [[-122.4672775, 37.8017224], [-122.46727042, 37.80172298], [-122.46726369, 37.80172434], [-122.46725739, 37.80172642], [-122.46725159, 37.80172916], [-122.46724636, 37.8017325], [-122.46724177, 37.80173637], [-122.46723789, 37.80174071], [-122.4672348, 37.80174548], [-122.46723256, 37.80175059], [-122.46723126, 37.801756], [-122.46723095, 37.80176164]]}}, {"type": "Feature", "properties": {"weight": "light", "source": "R-10434.2"}, "geometry": {"type": "LineString", "coordinates": [[-122.46723095, 37.80176164], [-122.46723169, 37.80176726], [-122.46723341, 37.80177259], [-122.46723603, 37.80177759], [-122.46723948, 37.80178219], [-122.46724368, 37.80178634], [-122.46724856, 37.80178999], [-122.46725404, 37.80179306], [-122.46726004, 37.80179552], [-122.46726649, 37.80179729], [-122.4672733, 37.80179833], [-122.46728041, 37.80179857]]}}, {"type": "Feature", "properties": {"weight": "light", "source": "R-10434.2"}, "geometry": {"type": "LineString", "coordinates": [[-122.46727763, 37.80172216], [-122.46755756, 37.80171541]]}}, {"type": "Feature", "properties": {"weight": "light", "source": "R-10434.2"}, "geometry": {"type": "LineString", "coordinates": [[-122.46756035, 37.80179182], [-122.46756742, 37.80179124], [-122.46757415, 37.80178987], [-122.46758045, 37.80178779], [-122.46758625, 37.80178505], [-122.46759148, 37.80178172], [-122.46759607, 37.80177785], [-122.46759995, 37.8017735], [-122.46760304, 37.80176874], [-122.46760528, 37.80176362], [-122.46760658, 37.80175822], [-122.46760689, 37.80175258]]}}, {"type": "Feature", "properties": {"weight": "light", "source": "R-10434.2"}, "geometry": {"type": "LineString", "coordinates": [[-122.46760689, 37.80175258], [-122.46760615, 37.80174696], [-122.46760443, 37.80174162], [-122.46760181, 37.80173663], [-122.46759836, 37.80173202], [-122.46759416, 37.80172787], [-122.46758928, 37.80172423], [-122.4675838, 37.80172115], [-122.4675778, 37.8017187], [-122.46757135, 37.80171692], [-122.46756454, 37.80171589], [-122.46755743, 37.80171565]]}}, {"type": "Feature", "properties": {"weight": "light", "source": "R-10434.2"}, "geometry": {"type": "LineString", "coordinates": [[-122.46756048, 37.80179159], [-122.46728055, 37.80179834]]}}, {"type": "Feature", "properties": {"weight": "light", "source": "R-10434.2"}, "geometry": {"type": "LineString", "coordinates": [[-122.46267733, 37.80250132], [-122.46267026, 37.80250191], [-122.46266353, 37.80250327], [-122.46265723, 37.80250535], [-122.46265143, 37.80250809], [-122.4626462, 37.80251142], [-122.46264161, 37.80251529], [-122.46263773, 37.80251964], [-122.46263464, 37.8025244], [-122.4626324, 37.80252952], [-122.46263109, 37.80253493], [-122.46263079, 37.80254057]]}}, {"type": "Feature", "properties": {"weight": "light", "source": "R-10434.2"}, "geometry": {"type": "LineString", "coordinates": [[-122.46263079, 37.80254057], [-122.46263152, 37.80254618], [-122.46263324, 37.80255152], [-122.46263586, 37.80255652], [-122.46263931, 37.80256112], [-122.46264352, 37.80256527], [-122.4626484, 37.80256891], [-122.46265387, 37.80257199], [-122.46265987, 37.80257444], [-122.46266632, 37.80257622], [-122.46267314, 37.80257726], [-122.46268025, 37.8025775]]}}, {"type": "Feature", "properties": {"weight": "light", "source": "R-10434.2"}, "geometry": {"type": "LineString", "coordinates": [[-122.46267748, 37.80250132], [-122.46295713, 37.80249459]]}}, {"type": "Feature", "properties": {"weight": "light", "source": "R-10434.2"}, "geometry": {"type": "LineString", "coordinates": [[-122.4629599, 37.80257077], [-122.46296697, 37.80257018], [-122.4629737, 37.80256882], [-122.46298, 37.80256674], [-122.4629858, 37.802564], [-122.46299103, 37.80256067], [-122.46299562, 37.80255679], [-122.4629995, 37.80255245], [-122.46300259, 37.80254769], [-122.46300483, 37.80254257], [-122.46300613, 37.80253716], [-122.46300644, 37.80253152]]}}, {"type": "Feature", "properties": {"weight": "light", "source": "R-10434.2"}, "geometry": {"type": "LineString", "coordinates": [[-122.46300644, 37.80253152], [-122.4630057, 37.80252591], [-122.46300399, 37.80252057], [-122.46300136, 37.80251557], [-122.46299791, 37.80251097], [-122.46299371, 37.80250682], [-122.46298883, 37.80250318], [-122.46298335, 37.8025001], [-122.46297735, 37.80249764], [-122.46297091, 37.80249587], [-122.46296409, 37.80249483], [-122.46295698, 37.80249459]]}}, {"type": "Feature", "properties": {"weight": "light", "source": "R-10434.2"}, "geometry": {"type": "LineString", "coordinates": [[-122.46296003, 37.80257053], [-122.46268038, 37.80257726]]}}, {"type": "Feature", "properties": {"weight": "light", "source": "R-10434.2"}, "geometry": {"type": "LineString", "coordinates": [[-122.45956869, 37.80221893], [-122.4595585, 37.80221666]]}}, {"type": "Feature", "properties": {"weight": "light", "source": "R-10434.2"}, "geometry": {"type": "LineString", "coordinates": [[-122.4595585, 37.80221666], [-122.45955383, 37.8022154]]}}, {"type": "Feature", "properties": {"weight": "light", "source": "R-10434.2"}, "geometry": {"type": "LineString", "coordinates": [[-122.45955383, 37.8022154], [-122.45954889, 37.80221437]]}}, {"type": "Feature", "properties": {"weight": "light", "source": "R-10434.2"}, "geometry": {"type": "LineString", "coordinates": [[-122.45954889, 37.80221437], [-122.45954451, 37.8022131]]}}, {"type": "Feature", "properties": {"weight": "light", "source": "R-10434.2"}, "geometry": {"type": "LineString", "coordinates": [[-122.45954451, 37.8022131], [-122.45954014, 37.80221183]]}}, {"type": "Feature", "properties": {"weight": "light", "source": "R-10434.2"}, "geometry": {"type": "LineString", "coordinates": [[-122.45954014, 37.80221183], [-122.45953605, 37.80221056]]}}, {"type": "Feature", "properties": {"weight": "light", "source": "R-10434.2"}, "geometry": {"type": "LineString", "coordinates": [[-122.45953605, 37.80221056], [-122.45953225, 37.80220928]]}}, {"type": "Feature", "properties": {"weight": "light", "source": "R-10434.2"}, "geometry": {"type": "LineString", "coordinates": [[-122.45953225, 37.80220928], [-122.45952873, 37.80220799]]}}, {"type": "Feature", "properties": {"weight": "light", "source": "R-10434.2"}, "geometry": {"type": "LineString", "coordinates": [[-122.45952873, 37.80220799], [-122.4595258, 37.80220668]]}}, {"type": "Feature", "properties": {"weight": "light", "source": "R-10434.2"}, "geometry": {"type": "LineString", "coordinates": [[-122.4595258, 37.80220668], [-122.45952314, 37.80220514]]}}, {"type": "Feature", "properties": {"weight": "light", "source": "R-10434.2"}, "geometry": {"type": "LineString", "coordinates": [[-122.45952314, 37.80220514], [-122.45952106, 37.80220359]]}}, {"type": "Feature", "properties": {"weight": "light", "source": "R-10434.2"}, "geometry": {"type": "LineString", "coordinates": [[-122.45952106, 37.80220359], [-122.45952017, 37.80220293]]}}, {"type": "Feature", "properties": {"weight": "light", "source": "R-10434.2"}, "geometry": {"type": "LineString", "coordinates": [[-122.45952017, 37.80220293], [-122.45951956, 37.80220202]]}}, {"type": "Feature", "properties": {"weight": "light", "source": "R-10434.2"}, "geometry": {"type": "LineString", "coordinates": [[-122.45951956, 37.80220202], [-122.45951895, 37.80220112]]}}, {"type": "Feature", "properties": {"weight": "light", "source": "R-10434.2"}, "geometry": {"type": "LineString", "coordinates": [[-122.45951895, 37.80220112], [-122.45951835, 37.80220045]]}}, {"type": "Feature", "properties": {"weight": "light", "source": "R-10434.2"}, "geometry": {"type": "LineString", "coordinates": [[-122.45951835, 37.80220045], [-122.45951831, 37.80219954]]}}, {"type": "Feature", "properties": {"weight": "light", "source": "R-10434.2"}, "geometry": {"type": "LineString", "coordinates": [[-122.45951831, 37.80219954], [-122.45951799, 37.80219863]]}}, {"type": "Feature", "properties": {"weight": "light", "source": "R-10434.2"}, "geometry": {"type": "LineString", "coordinates": [[-122.45951799, 37.80219863], [-122.45951824, 37.80219771]]}}, {"type": "Feature", "properties": {"weight": "light", "source": "R-10434.2"}, "geometry": {"type": "LineString", "coordinates": [[-122.45951824, 37.80219771], [-122.45951821, 37.80219679]]}}, {"type": "Feature", "properties": {"weight": "light", "source": "R-10434.2"}, "geometry": {"type": "LineString", "coordinates": [[-122.45951821, 37.80219679], [-122.45951875, 37.80219586]]}}, {"type": "Feature", "properties": {"weight": "light", "source": "R-10434.2"}, "geometry": {"type": "LineString", "coordinates": [[-122.45951875, 37.80219586], [-122.459519, 37.80219494]]}}, {"type": "Feature", "properties": {"weight": "light", "source": "R-10434.2"}, "geometry": {"type": "LineString", "coordinates": [[-122.459519, 37.80219494], [-122.45952037, 37.80219285]]}}, {"type": "Feature", "properties": {"weight": "light", "source": "R-10434.2"}, "geometry": {"type": "LineString", "coordinates": [[-122.45952037, 37.80219285], [-122.45952231, 37.80219074]]}}, {"type": "Feature", "properties": {"weight": "light", "source": "R-10434.2"}, "geometry": {"type": "LineString", "coordinates": [[-122.45952231, 37.80219074], [-122.45952453, 37.80218863]]}}, {"type": "Feature", "properties": {"weight": "light", "source": "R-10434.2"}, "geometry": {"type": "LineString", "coordinates": [[-122.45952453, 37.80218863], [-122.45952705, 37.8021865]]}}, {"type": "Feature", "properties": {"weight": "light", "source": "R-10434.2"}, "geometry": {"type": "LineString", "coordinates": [[-122.45952705, 37.8021865], [-122.45952984, 37.80218415]]}}, {"type": "Feature", "properties": {"weight": "light", "source": "R-10434.2"}, "geometry": {"type": "LineString", "coordinates": [[-122.45952984, 37.80218415], [-122.45953293, 37.80218178]]}}, {"type": "Feature", "properties": {"weight": "light", "source": "R-10434.2"}, "geometry": {"type": "LineString", "coordinates": [[-122.45953293, 37.80218178], [-122.4595363, 37.80217941]]}}, {"type": "Feature", "properties": {"weight": "light", "source": "R-10434.2"}, "geometry": {"type": "LineString", "coordinates": [[-122.4595363, 37.80217941], [-122.45954304, 37.80217467]]}}, {"type": "Feature", "properties": {"weight": "light", "source": "R-10434.2"}, "geometry": {"type": "LineString", "coordinates": [[-122.45954304, 37.80217467], [-122.45955036, 37.80216969]]}}, {"type": "Feature", "properties": {"weight": "light", "source": "R-10434.2"}, "geometry": {"type": "LineString", "coordinates": [[-122.45955036, 37.80216969], [-122.45955708, 37.80216449]]}}, {"type": "Feature", "properties": {"weight": "light", "source": "R-10434.2"}, "geometry": {"type": "LineString", "coordinates": [[-122.45955708, 37.80216449], [-122.45956045, 37.80216189]]}}, {"type": "Feature", "properties": {"weight": "light", "source": "R-10434.2"}, "geometry": {"type": "LineString", "coordinates": [[-122.45956045, 37.80216189], [-122.45956323, 37.80215907]]}}, {"type": "Feature", "properties": {"weight": "light", "source": "R-10434.2"}, "geometry": {"type": "LineString", "coordinates": [[-122.45956323, 37.80215907], [-122.45956601, 37.80215649]]}}, {"type": "Feature", "properties": {"weight": "light", "source": "R-10434.2"}, "geometry": {"type": "LineString", "coordinates": [[-122.45956601, 37.80215649], [-122.45956822, 37.80215392]]}}, {"type": "Feature", "properties": {"weight": "light", "source": "R-10434.2"}, "geometry": {"type": "LineString", "coordinates": [[-122.45956822, 37.80215392], [-122.45957042, 37.80215112]]}}, {"type": "Feature", "properties": {"weight": "light", "source": "R-10434.2"}, "geometry": {"type": "LineString", "coordinates": [[-122.45957042, 37.80215112], [-122.45957176, 37.80214834]]}}, {"type": "Feature", "properties": {"weight": "light", "source": "R-10434.2"}, "geometry": {"type": "LineString", "coordinates": [[-122.45957176, 37.80214834], [-122.45957282, 37.80214579]]}}, {"type": "Feature", "properties": {"weight": "light", "source": "R-10434.2"}, "geometry": {"type": "LineString", "coordinates": [[-122.45957282, 37.80214579], [-122.45957305, 37.80214441]]}}, {"type": "Feature", "properties": {"weight": "light", "source": "R-10434.2"}, "geometry": {"type": "LineString", "coordinates": [[-122.45957305, 37.80214441], [-122.45957329, 37.80214303]]}}, {"type": "Feature", "properties": {"weight": "light", "source": "R-10434.2"}, "geometry": {"type": "LineString", "coordinates": [[-122.45957329, 37.80214303], [-122.45957324, 37.80214166]]}}, {"type": "Feature", "properties": {"weight": "light", "source": "R-10434.2"}, "geometry": {"type": "LineString", "coordinates": [[-122.45957324, 37.80214166], [-122.45957318, 37.80214029]]}}, {"type": "Feature", "properties": {"weight": "light", "source": "R-10434.2"}, "geometry": {"type": "LineString", "coordinates": [[-122.45957318, 37.80214029], [-122.45957251, 37.80213779]]}}, {"type": "Feature", "properties": {"weight": "light", "source": "R-10434.2"}, "geometry": {"type": "LineString", "coordinates": [[-122.45957251, 37.80213779], [-122.45957154, 37.80213506]]}}, {"type": "Feature", "properties": {"weight": "light", "source": "R-10434.2"}, "geometry": {"type": "LineString", "coordinates": [[-122.45957154, 37.80213506], [-122.45956971, 37.80213236]]}}, {"type": "Feature", "properties": {"weight": "light", "source": "R-10434.2"}, "geometry": {"type": "LineString", "coordinates": [[-122.45956971, 37.80213236], [-122.45956788, 37.80212988]]}}, {"type": "Feature", "properties": {"weight": "light", "source": "R-10434.2"}, "geometry": {"type": "LineString", "coordinates": [[-122.45956788, 37.80212988], [-122.45956548, 37.80212742]]}}, {"type": "Feature", "properties": {"weight": "light", "source": "R-10434.2"}, "geometry": {"type": "LineString", "coordinates": [[-122.45956548, 37.80212742], [-122.45956279, 37.80212497]]}}, {"type": "Feature", "properties": {"weight": "light", "source": "R-10434.2"}, "geometry": {"type": "LineString", "coordinates": [[-122.45956279, 37.80212497], [-122.45955981, 37.80212252]]}}, {"type": "Feature", "properties": {"weight": "light", "source": "R-10434.2"}, "geometry": {"type": "LineString", "coordinates": [[-122.45955981, 37.80212252], [-122.45955655, 37.80212031]]}}, {"type": "Feature", "properties": {"weight": "light", "source": "R-10434.2"}, "geometry": {"type": "LineString", "coordinates": [[-122.45955655, 37.80212031], [-122.459553, 37.80211811]]}}, {"type": "Feature", "properties": {"weight": "light", "source": "R-10434.2"}, "geometry": {"type": "LineString", "coordinates": [[-122.459553, 37.80211811], [-122.45954946, 37.8021159]]}}, {"type": "Feature", "properties": {"weight": "light", "source": "R-10434.2"}, "geometry": {"type": "LineString", "coordinates": [[-122.45954946, 37.8021159], [-122.45954592, 37.80211393]]}}, {"type": "Feature", "properties": {"weight": "light", "source": "R-10434.2"}, "geometry": {"type": "LineString", "coordinates": [[-122.45954592, 37.80211393], [-122.4595421, 37.80211219]]}}, {"type": "Feature", "properties": {"weight": "light", "source": "R-10434.2"}, "geometry": {"type": "LineString", "coordinates": [[-122.4595421, 37.80211219], [-122.45953828, 37.80211045]]}}, {"type": "Feature", "properties": {"weight": "light", "source": "R-10434.2"}, "geometry": {"type": "LineString", "coordinates": [[-122.45953828, 37.80211045], [-122.45953447, 37.80210894]]}}, {"type": "Feature", "properties": {"weight": "light", "source": "R-10434.2"}, "geometry": {"type": "LineString", "coordinates": [[-122.45953447, 37.80210894], [-122.45953067, 37.80210743]]}}, {"type": "Feature", "properties": {"weight": "light", "source": "R-10434.2"}, "geometry": {"type": "LineString", "coordinates": [[-122.45953067, 37.80210743], [-122.45952715, 37.80210614]]}}, {"type": "Feature", "properties": {"weight": "light", "source": "R-10434.2"}, "geometry": {"type": "LineString", "coordinates": [[-122.45952715, 37.80210614], [-122.45952335, 37.80210485]]}}, {"type": "Feature", "properties": {"weight": "light", "source": "R-10434.2"}, "geometry": {"type": "LineString", "coordinates": [[-122.45952335, 37.80210485], [-122.45951635, 37.80210273]]}}, {"type": "Feature", "properties": {"weight": "light", "source": "R-10434.2"}, "geometry": {"type": "LineString", "coordinates": [[-122.45951635, 37.80210273], [-122.45950906, 37.80210085]]}}, {"type": "Feature", "properties": {"weight": "light", "source": "R-10434.2"}, "geometry": {"type": "LineString", "coordinates": [[-122.45950906, 37.80210085], [-122.4594948, 37.80209776]]}}, {"type": "Feature", "properties": {"weight": "light", "source": "R-10434.2"}, "geometry": {"type": "LineString", "coordinates": [[-122.45791024, 37.80257957], [-122.45796246, 37.80256435]]}}, {"type": "Feature", "properties": {"weight": "light", "source": "R-10434.2"}, "geometry": {"type": "LineString", "coordinates": [[-122.45796246, 37.80256435], [-122.45801497, 37.80254889]]}}, {"type": "Feature", "properties": {"weight": "light", "source": "R-10434.2"}, "geometry": {"type": "LineString", "coordinates": [[-122.45803266, 37.80254366], [-122.45808489, 37.80252844]]}}, {"type": "Feature", "properties": {"weight": "light", "source": "R-10434.2"}, "geometry": {"type": "LineString", "coordinates": [[-122.45808489, 37.80252844], [-122.45813739, 37.80251298]]}}, {"type": "Feature", "properties": {"weight": "light", "source": "R-10434.2"}, "geometry": {"type": "LineString", "coordinates": [[-122.45815508, 37.80250774], [-122.45820702, 37.80249253]]}}, {"type": "Feature", "properties": {"weight": "light", "source": "R-10434.2"}, "geometry": {"type": "LineString", "coordinates": [[-122.45820702, 37.80249253], [-122.45825953, 37.80247707]]}}, {"type": "Feature", "properties": {"weight": "light", "source": "R-10434.2"}, "geometry": {"type": "LineString", "coordinates": [[-122.45827751, 37.80247183], [-122.45832944, 37.80245662]]}}, {"type": "Feature", "properties": {"weight": "light", "source": "R-10434.2"}, "geometry": {"type": "LineString", "coordinates": [[-122.45832944, 37.80245662], [-122.45838195, 37.80244116]]}}, {"type": "Feature", "properties": {"weight": "light", "source": "R-10434.2"}, "geometry": {"type": "LineString", "coordinates": [[-122.45839993, 37.80243592], [-122.45845187, 37.80242071]]}}, {"type": "Feature", "properties": {"weight": "light", "source": "R-10434.2"}, "geometry": {"type": "LineString", "coordinates": [[-122.45845187, 37.80242071], [-122.45850437, 37.80240525]]}}, {"type": "Feature", "properties": {"weight": "light", "source": "R-10434.2"}, "geometry": {"type": "LineString", "coordinates": [[-122.45852235, 37.80240001], [-122.45857429, 37.80238479]]}}, {"type": "Feature", "properties": {"weight": "light", "source": "R-10434.2"}, "geometry": {"type": "LineString", "coordinates": [[-122.45857429, 37.80238479], [-122.45862679, 37.80236933]]}}, {"type": "Feature", "properties": {"weight": "light", "source": "R-10434.2"}, "geometry": {"type": "LineString", "coordinates": [[-122.45864477, 37.80236409], [-122.45869671, 37.80234888]]}}, {"type": "Feature", "properties": {"weight": "light", "source": "R-10434.2"}, "geometry": {"type": "LineString", "coordinates": [[-122.45869671, 37.80234888], [-122.45874921, 37.80233342]]}}, {"type": "Feature", "properties": {"weight": "light", "source": "R-10434.2"}, "geometry": {"type": "LineString", "coordinates": [[-122.45876719, 37.80232818], [-122.45881913, 37.80231297]]}}, {"type": "Feature", "properties": {"weight": "light", "source": "R-10434.2"}, "geometry": {"type": "LineString", "coordinates": [[-122.45881913, 37.80231297], [-122.45887164, 37.80229751]]}}, {"type": "Feature", "properties": {"weight": "light", "source": "R-10434.2"}, "geometry": {"type": "LineString", "coordinates": [[-122.45888962, 37.80229227], [-122.45894155, 37.80227705]]}}, {"type": "Feature", "properties": {"weight": "light", "source": "R-10434.2"}, "geometry": {"type": "LineString", "coordinates": [[-122.45894155, 37.80227705], [-122.45899406, 37.8022616]]}}, {"type": "Feature", "properties": {"weight": "light", "source": "R-10434.2"}, "geometry": {"type": "LineString", "coordinates": [[-122.45901204, 37.80225636], [-122.45906397, 37.80224114]]}}, {"type": "Feature", "properties": {"weight": "light", "source": "R-10434.2"}, "geometry": {"type": "LineString", "coordinates": [[-122.45906397, 37.80224114], [-122.45911648, 37.80222568]]}}, {"type": "Feature", "properties": {"weight": "light", "source": "R-10434.2"}, "geometry": {"type": "LineString", "coordinates": [[-122.45913446, 37.80222044], [-122.4591864, 37.80220523]]}}, {"type": "Feature", "properties": {"weight": "light", "source": "R-10434.2"}, "geometry": {"type": "LineString", "coordinates": [[-122.4591864, 37.80220523], [-122.4592389, 37.80218977]]}}, {"type": "Feature", "properties": {"weight": "light", "source": "R-10434.2"}, "geometry": {"type": "LineString", "coordinates": [[-122.45925688, 37.80218453], [-122.45930881, 37.80216908]]}}, {"type": "Feature", "properties": {"weight": "light", "source": "R-10434.2"}, "geometry": {"type": "LineString", "coordinates": [[-122.45930881, 37.80216908], [-122.45936132, 37.80215386]]}}, {"type": "Feature", "properties": {"weight": "light", "source": "R-10434.2"}, "geometry": {"type": "LineString", "coordinates": [[-122.4593793, 37.80214861], [-122.45943123, 37.80213317]]}}, {"type": "Feature", "properties": {"weight": "light", "source": "R-10434.2"}, "geometry": {"type": "LineString", "coordinates": [[-122.45943123, 37.80213317], [-122.45948374, 37.80211794]]}}, {"type": "Feature", "properties": {"weight": "light", "source": "R-10434.2"}, "geometry": {"type": "LineString", "coordinates": [[-122.45950172, 37.8021127], [-122.45955365, 37.80209726]]}}, {"type": "Feature", "properties": {"weight": "light", "source": "R-10434.2"}, "geometry": {"type": "LineString", "coordinates": [[-122.45955365, 37.80209726], [-122.45960616, 37.80208203]]}}, {"type": "Feature", "properties": {"weight": "light", "source": "R-10434.2"}, "geometry": {"type": "LineString", "coordinates": [[-122.45962414, 37.80207679], [-122.45967607, 37.80206134]]}}, {"type": "Feature", "properties": {"weight": "light", "source": "R-10434.2"}, "geometry": {"type": "LineString", "coordinates": [[-122.45967607, 37.80206134], [-122.45972858, 37.80204611]]}}, {"type": "Feature", "properties": {"weight": "light", "source": "R-10434.2"}, "geometry": {"type": "LineString", "coordinates": [[-122.45974656, 37.80204064], [-122.45979849, 37.80202543]]}}, {"type": "Feature", "properties": {"weight": "light", "source": "R-10434.2"}, "geometry": {"type": "LineString", "coordinates": [[-122.45979849, 37.80202543], [-122.459851, 37.80200997]]}}, {"type": "Feature", "properties": {"weight": "light", "source": "R-10434.2"}, "geometry": {"type": "LineString", "coordinates": [[-122.45986898, 37.80200473], [-122.45992091, 37.80198951]]}}, {"type": "Feature", "properties": {"weight": "light", "source": "R-10434.2"}, "geometry": {"type": "LineString", "coordinates": [[-122.45992091, 37.80198951], [-122.45997342, 37.80197406]]}}, {"type": "Feature", "properties": {"weight": "light", "source": "R-10434.2"}, "geometry": {"type": "LineString", "coordinates": [[-122.45999111, 37.80196882], [-122.46004333, 37.8019536]]}}, {"type": "Feature", "properties": {"weight": "light", "source": "R-10434.2"}, "geometry": {"type": "LineString", "coordinates": [[-122.46004333, 37.8019536], [-122.46005674, 37.80194961]]}}, {"type": "Feature", "properties": {"weight": "light", "source": "R-10434.2"}, "geometry": {"type": "LineString", "coordinates": [[-122.463379, 37.8018003], [-122.46337406, 37.80179927]]}}, {"type": "Feature", "properties": {"weight": "light", "source": "R-10434.2"}, "geometry": {"type": "LineString", "coordinates": [[-122.46337406, 37.80179927], [-122.46332523, 37.80179014]]}}, {"type": "Feature", "properties": {"weight": "light", "source": "R-10434.2"}, "geometry": {"type": "LineString", "coordinates": [[-122.46332523, 37.80179014], [-122.46329588, 37.80178467]]}}, {"type": "Feature", "properties": {"weight": "light", "source": "R-10434.2"}, "geometry": {"type": "LineString", "coordinates": [[-122.46329588, 37.80178467], [-122.4632706, 37.80178024]]}}, {"type": "Feature", "properties": {"weight": "light", "source": "R-10434.2"}, "geometry": {"type": "LineString", "coordinates": [[-122.463252, 37.80177679], [-122.46321743, 37.80177076]]}}, {"type": "Feature", "properties": {"weight": "light", "source": "R-10434.2"}, "geometry": {"type": "LineString", "coordinates": [[-122.46321743, 37.80177076], [-122.46319769, 37.80176757]]}}, {"type": "Feature", "properties": {"weight": "light", "source": "R-10434.2"}, "geometry": {"type": "LineString", "coordinates": [[-122.46319769, 37.80176757], [-122.46314309, 37.80175858]]}}, {"type": "Feature", "properties": {"weight": "light", "source": "R-10434.2"}, "geometry": {"type": "LineString", "coordinates": [[-122.46312422, 37.8017556], [-122.46306966, 37.8017473]]}}, {"type": "Feature", "properties": {"weight": "light", "source": "R-10434.2"}, "geometry": {"type": "LineString", "coordinates": [[-122.46306966, 37.8017473], [-122.46306007, 37.8017457]]}}, {"type": "Feature", "properties": {"weight": "light", "source": "R-10434.2"}, "geometry": {"type": "LineString", "coordinates": [[-122.46306007, 37.8017457], [-122.46301481, 37.80173923]]}}, {"type": "Feature", "properties": {"weight": "light", "source": "R-10434.2"}, "geometry": {"type": "LineString", "coordinates": [[-122.46299596, 37.80173671], [-122.46298116, 37.80173455]]}}, {"type": "Feature", "properties": {"weight": "light", "source": "R-10434.2"}, "geometry": {"type": "LineString", "coordinates": [[-122.46298116, 37.80173455], [-122.46294114, 37.80172933]]}}, {"type": "Feature", "properties": {"weight": "light", "source": "R-10434.2"}, "geometry": {"type": "LineString", "coordinates": [[-122.46294114, 37.80172933], [-122.4629017, 37.80172432]]}}, {"type": "Feature", "properties": {"weight": "light", "source": "R-10434.2"}, "geometry": {"type": "LineString", "coordinates": [[-122.4629017, 37.80172432], [-122.46288605, 37.80172241]]}}, {"type": "Feature", "properties": {"weight": "light", "source": "R-10434.2"}, "geometry": {"type": "LineString", "coordinates": [[-122.4628672, 37.80172012], [-122.46282227, 37.80171479]]}}, {"type": "Feature", "properties": {"weight": "light", "source": "R-10434.2"}, "geometry": {"type": "LineString", "coordinates": [[-122.46282227, 37.80171479], [-122.46281214, 37.80171389]]}}, {"type": "Feature", "properties": {"weight": "light", "source": "R-10434.2"}, "geometry": {"type": "LineString", "coordinates": [[-122.46281214, 37.80171389], [-122.46275679, 37.80170789]]}}, {"type": "Feature", "properties": {"weight": "light", "source": "R-10434.2"}, "geometry": {"type": "LineString", "coordinates": [[-122.46273796, 37.80170583], [-122.46268264, 37.80170052]]}}, {"type": "Feature", "properties": {"weight": "light", "source": "R-10434.2"}, "geometry": {"type": "LineString", "coordinates": [[-122.46268264, 37.80170052], [-122.46266295, 37.8016987]]}}, {"type": "Feature", "properties": {"weight": "light", "source": "R-10434.2"}, "geometry": {"type": "LineString", "coordinates": [[-122.46266295, 37.8016987], [-122.46262705, 37.80169568]]}}, {"type": "Feature", "properties": {"weight": "light", "source": "R-10434.2"}, "geometry": {"type": "LineString", "coordinates": [[-122.46260824, 37.80169407], [-122.46258334, 37.80169192]]}}, {"type": "Feature", "properties": {"weight": "light", "source": "R-10434.2"}, "geometry": {"type": "LineString", "coordinates": [[-122.46258334, 37.80169192], [-122.46255296, 37.8016899]]}}, {"type": "Feature", "properties": {"weight": "light", "source": "R-10434.2"}, "geometry": {"type": "LineString", "coordinates": [[-122.46255296, 37.8016899], [-122.46250319, 37.80168629]]}}, {"type": "Feature", "properties": {"weight": "light", "source": "R-10434.2"}, "geometry": {"type": "LineString", "coordinates": [[-122.46250319, 37.80168629], [-122.46249711, 37.80168575]]}}, {"type": "Feature", "properties": {"weight": "light", "source": "R-10434.2"}, "geometry": {"type": "LineString", "coordinates": [[-122.46247831, 37.8016846], [-122.46242336, 37.80168135]]}}, {"type": "Feature", "properties": {"weight": "light", "source": "R-10434.2"}, "geometry": {"type": "LineString", "coordinates": [[-122.46242336, 37.80168135], [-122.46242307, 37.80168135]]}}, {"type": "Feature", "properties": {"weight": "light", "source": "R-10434.2"}, "geometry": {"type": "LineString", "coordinates": [[-122.46242307, 37.80168135], [-122.46236698, 37.80167835]]}}, {"type": "Feature", "properties": {"weight": "light", "source": "R-10434.2"}, "geometry": {"type": "LineString", "coordinates": [[-122.4623479, 37.80167744], [-122.46234299, 37.80167733]]}}, {"type": "Feature", "properties": {"weight": "light", "source": "R-10434.2"}, "geometry": {"type": "LineString", "coordinates": [[-122.46234299, 37.80167733], [-122.4622927, 37.80167533]]}}, {"type": "Feature", "properties": {"weight": "light", "source": "R-10434.2"}, "geometry": {"type": "LineString", "coordinates": [[-122.4622927, 37.80167533], [-122.46226294, 37.80167422]]}}, {"type": "Feature", "properties": {"weight": "light", "source": "R-10434.2"}, "geometry": {"type": "LineString", "coordinates": [[-122.46226294, 37.80167422], [-122.46223665, 37.80167348]]}}, {"type": "Feature", "properties": {"weight": "light", "source": "R-10434.2"}, "geometry": {"type": "LineString", "coordinates": [[-122.46221758, 37.80167279], [-122.46218262, 37.8016718]]}}, {"type": "Feature", "properties": {"weight": "light", "source": "R-10434.2"}, "geometry": {"type": "LineString", "coordinates": [[-122.46218262, 37.8016718], [-122.46216213, 37.80167161]]}}, {"type": "Feature", "properties": {"weight": "light", "source": "R-10434.2"}, "geometry": {"type": "LineString", "coordinates": [[-122.46216213, 37.80167161], [-122.46210611, 37.80167066]]}}, {"type": "Feature", "properties": {"weight": "light", "source": "R-10434.2"}, "geometry": {"type": "LineString", "coordinates": [[-122.46208706, 37.80167044], [-122.46203165, 37.80167017]]}}, {"type": "Feature", "properties": {"weight": "light", "source": "R-10434.2"}, "geometry": {"type": "LineString", "coordinates": [[-122.46203165, 37.80167017], [-122.46202212, 37.80167017]]}}, {"type": "Feature", "properties": {"weight": "light", "source": "R-10434.2"}, "geometry": {"type": "LineString", "coordinates": [[-122.46202212, 37.80167017], [-122.46197567, 37.80167037]]}}, {"type": "Feature", "properties": {"weight": "light", "source": "R-10434.2"}, "geometry": {"type": "LineString", "coordinates": [[-122.46195664, 37.8016706], [-122.46194193, 37.80167072]]}}, {"type": "Feature", "properties": {"weight": "light", "source": "R-10434.2"}, "geometry": {"type": "LineString", "coordinates": [[-122.46194193, 37.80167072], [-122.46190126, 37.80167124]]}}, {"type": "Feature", "properties": {"weight": "light", "source": "R-10434.2"}, "geometry": {"type": "LineString", "coordinates": [[-122.46190126, 37.80167124], [-122.46186146, 37.80167197]]}}, {"type": "Feature", "properties": {"weight": "light", "source": "R-10434.2"}, "geometry": {"type": "LineString", "coordinates": [[-122.46186146, 37.80167197], [-122.46184533, 37.80167259]]}}, {"type": "Feature", "properties": {"weight": "light", "source": "R-10434.2"}, "geometry": {"type": "LineString", "coordinates": [[-122.4618263, 37.80167305], [-122.46178134, 37.80167436]]}}, {"type": "Feature", "properties": {"weight": "light", "source": "R-10434.2"}, "geometry": {"type": "LineString", "coordinates": [[-122.46178134, 37.80167436], [-122.46177067, 37.80167462]]}}, {"type": "Feature", "properties": {"weight": "light", "source": "R-10434.2"}, "geometry": {"type": "LineString", "coordinates": [[-122.46177067, 37.80167462], [-122.46171478, 37.80167688]]}}, {"type": "Feature", "properties": {"weight": "light", "source": "R-10434.2"}, "geometry": {"type": "LineString", "coordinates": [[-122.46169577, 37.80167779], [-122.46164047, 37.8016805]]}}, {"type": "Feature", "properties": {"weight": "light", "source": "R-10434.2"}, "geometry": {"type": "LineString", "coordinates": [[-122.46164047, 37.8016805], [-122.46162089, 37.80168165]]}}, {"type": "Feature", "properties": {"weight": "light", "source": "R-10434.2"}, "geometry": {"type": "LineString", "coordinates": [[-122.46162089, 37.80168165], [-122.46158462, 37.8016839]]}}, {"type": "Feature", "properties": {"weight": "light", "source": "R-10434.2"}, "geometry": {"type": "LineString", "coordinates": [[-122.46156561, 37.80168504], [-122.46154086, 37.80168656]]}}, {"type": "Feature", "properties": {"weight": "light", "source": "R-10434.2"}, "geometry": {"type": "LineString", "coordinates": [[-122.46154086, 37.80168656], [-122.46151036, 37.80168889]]}}, {"type": "Feature", "properties": {"weight": "light", "source": "R-10434.2"}, "geometry": {"type": "LineString", "coordinates": [[-122.46151036, 37.80168889], [-122.46146115, 37.80169237]]}}, {"type": "Feature", "properties": {"weight": "light", "source": "R-10434.2"}, "geometry": {"type": "LineString", "coordinates": [[-122.46146115, 37.80169237], [-122.46145453, 37.80169298]]}}, {"type": "Feature", "properties": {"weight": "light", "source": "R-10434.2"}, "geometry": {"type": "LineString", "coordinates": [[-122.46143555, 37.80169458], [-122.46138119, 37.80169933]]}}, {"type": "Feature", "properties": {"weight": "light", "source": "R-10434.2"}, "geometry": {"type": "LineString", "coordinates": [[-122.46138119, 37.80169933], [-122.46138062, 37.80169934]]}}, {"type": "Feature", "properties": {"weight": "light", "source": "R-10434.2"}, "geometry": {"type": "LineString", "coordinates": [[-122.46138062, 37.80169934], [-122.46132484, 37.80170458]]}}, {"type": "Feature", "properties": {"weight": "light", "source": "R-10434.2"}, "geometry": {"type": "LineString", "coordinates": [[-122.46130615, 37.8017064], [-122.46130155, 37.80170697]]}}, {"type": "Feature", "properties": {"weight": "light", "source": "R-10434.2"}, "geometry": {"type": "LineString", "coordinates": [[-122.46130155, 37.80170697], [-122.46125097, 37.80171231]]}}, {"type": "Feature", "properties": {"weight": "light", "source": "R-10434.2"}, "geometry": {"type": "LineString", "coordinates": [[-122.46125097, 37.80171231], [-122.46122195, 37.80171552]]}}, {"type": "Feature", "properties": {"weight": "light", "source": "R-10434.2"}, "geometry": {"type": "LineString", "coordinates": [[-122.46122195, 37.80171552], [-122.46119581, 37.80171867]]}}, {"type": "Feature", "properties": {"weight": "light", "source": "R-10434.2"}, "geometry": {"type": "LineString", "coordinates": [[-122.46117685, 37.80172073], [-122.46114267, 37.80172499]]}}, {"type": "Feature", "properties": {"weight": "light", "source": "R-10434.2"}, "geometry": {"type": "LineString", "coordinates": [[-122.46114267, 37.80172499], [-122.46112199, 37.80172754]]}}, {"type": "Feature", "properties": {"weight": "light", "source": "R-10434.2"}, "geometry": {"type": "LineString", "coordinates": [[-122.46112199, 37.80172754], [-122.46106687, 37.80173482]]}}, {"type": "Feature", "properties": {"weight": "light", "source": "R-10434.2"}, "geometry": {"type": "LineString", "coordinates": [[-122.46104793, 37.80173757], [-122.46099339, 37.80174529]]}}, {"type": "Feature", "properties": {"weight": "light", "source": "R-10434.2"}, "geometry": {"type": "LineString", "coordinates": [[-122.46099339, 37.80174529], [-122.4609842, 37.80174643]]}}, {"type": "Feature", "properties": {"weight": "light", "source": "R-10434.2"}, "geometry": {"type": "LineString", "coordinates": [[-122.4609842, 37.80174643], [-122.4609383, 37.80175348]]}}, {"type": "Feature", "properties": {"weight": "light", "source": "R-10434.2"}, "geometry": {"type": "LineString", "coordinates": [[-122.46091966, 37.80175645], [-122.46090532, 37.80175863]]}}, {"type": "Feature", "properties": {"weight": "light", "source": "R-10434.2"}, "geometry": {"type": "LineString", "coordinates": [[-122.46090532, 37.80175863], [-122.46086546, 37.80176531]]}}, {"type": "Feature", "properties": {"weight": "light", "source": "R-10434.2"}, "geometry": {"type": "LineString", "coordinates": [[-122.46086546, 37.80176531], [-122.46082675, 37.80177174]]}}, {"type": "Feature", "properties": {"weight": "light", "source": "R-10434.2"}, "geometry": {"type": "LineString", "coordinates": [[-122.46082675, 37.80177174], [-122.4608107, 37.80177464]]}}, {"type": "Feature", "properties": {"weight": "light", "source": "R-10434.2"}, "geometry": {"type": "LineString", "coordinates": [[-122.46079207, 37.80177784], [-122.4607485, 37.80178553]]}}, {"type": "Feature", "properties": {"weight": "light", "source": "R-10434.2"}, "geometry": {"type": "LineString", "coordinates": [[-122.4607485, 37.80178553], [-122.4607379, 37.80178761]]}}, {"type": "Feature", "properties": {"weight": "light", "source": "R-10434.2"}, "geometry": {"type": "LineString", "coordinates": [[-122.4607379, 37.80178761], [-122.46068347, 37.80179785]]}}, {"type": "Feature", "properties": {"weight": "light", "source": "R-10434.2"}, "geometry": {"type": "LineString", "coordinates": [[-122.46066485, 37.8018015], [-122.4606113, 37.80181218]]}}, {"type": "Feature", "properties": {"weight": "light", "source": "R-10434.2"}, "geometry": {"type": "LineString", "coordinates": [[-122.4606113, 37.80181218], [-122.46059269, 37.80181606]]}}, {"type": "Feature", "properties": {"weight": "light", "source": "R-10434.2"}, "geometry": {"type": "LineString", "coordinates": [[-122.46059269, 37.80181606], [-122.46055691, 37.80182356]]}}, {"type": "Feature", "properties": {"weight": "light", "source": "R-10434.2"}, "geometry": {"type": "LineString", "coordinates": [[-122.46053859, 37.80182744], [-122.46051512, 37.80183258]]}}, {"type": "Feature", "properties": {"weight": "light", "source": "R-10434.2"}, "geometry": {"type": "LineString", "coordinates": [[-122.46051512, 37.80183258], [-122.46048508, 37.80183926]]}}, {"type": "Feature", "properties": {"weight": "light", "source": "R-10434.2"}, "geometry": {"type": "LineString", "coordinates": [[-122.46048508, 37.80183926], [-122.46043787, 37.80184978]]}}, {"type": "Feature", "properties": {"weight": "light", "source": "R-10434.2"}, "geometry": {"type": "LineString", "coordinates": [[-122.46043787, 37.80184978], [-122.46043129, 37.80185131]]}}, {"type": "Feature", "properties": {"weight": "light", "source": "R-10434.2"}, "geometry": {"type": "LineString", "coordinates": [[-122.46041299, 37.80185564], [-122.46036095, 37.80186812]]}}, {"type": "Feature", "properties": {"weight": "light", "source": "R-10434.2"}, "geometry": {"type": "LineString", "coordinates": [[-122.46036095, 37.80186812], [-122.4603598, 37.80186837]]}}, {"type": "Feature", "properties": {"weight": "light", "source": "R-10434.2"}, "geometry": {"type": "LineString", "coordinates": [[-122.4603598, 37.80186837], [-122.46030664, 37.80188179]]}}, {"type": "Feature", "properties": {"weight": "light", "source": "R-10434.2"}, "geometry": {"type": "LineString", "coordinates": [[-122.46028834, 37.80188612], [-122.46028434, 37.80188713]]}}, {"type": "Feature", "properties": {"weight": "light", "source": "R-10434.2"}, "geometry": {"type": "LineString", "coordinates": [[-122.46028434, 37.80188713], [-122.46023577, 37.80189997]]}}, {"type": "Feature", "properties": {"weight": "light", "source": "R-10434.2"}, "geometry": {"type": "LineString", "coordinates": [[-122.46023577, 37.80189997], [-122.46020806, 37.80190728]]}}, {"type": "Feature", "properties": {"weight": "light", "source": "R-10434.2"}, "geometry": {"type": "LineString", "coordinates": [[-122.46020806, 37.80190728], [-122.46018264, 37.80191407]]}}, {"type": "Feature", "properties": {"weight": "light", "source": "R-10434.2"}, "geometry": {"type": "LineString", "coordinates": [[-122.46016465, 37.80191909], [-122.4601321, 37.80192811]]}}, {"type": "Feature", "properties": {"weight": "light", "source": "R-10434.2"}, "geometry": {"type": "LineString", "coordinates": [[-122.4601321, 37.80192811], [-122.4601124, 37.80193362]]}}, {"type": "Feature", "properties": {"weight": "light", "source": "R-10434.2"}, "geometry": {"type": "LineString", "coordinates": [[-122.4601124, 37.80193362], [-122.4600596, 37.80194886]]}}, {"type": "Feature", "properties": {"weight": "light", "source": "R-10434.2"}, "geometry": {"type": "LineString", "coordinates": [[-122.46352442, 37.80182999], [-122.46357822, 37.80184106]]}}, {"type": "Feature", "properties": {"weight": "light", "source": "R-10434.2"}, "geometry": {"type": "LineString", "coordinates": [[-122.46357822, 37.80184106], [-122.46363232, 37.80185212]]}}, {"type": "Feature", "properties": {"weight": "light", "source": "R-10434.2"}, "geometry": {"type": "LineString", "coordinates": [[-122.46365094, 37.80185603], [-122.46370445, 37.8018671]]}}, {"type": "Feature", "properties": {"weight": "light", "source": "R-10434.2"}, "geometry": {"type": "LineString", "coordinates": [[-122.46370445, 37.8018671], [-122.46375855, 37.80187816]]}}, {"type": "Feature", "properties": {"weight": "light", "source": "R-10434.2"}, "geometry": {"type": "LineString", "coordinates": [[-122.46377717, 37.80188206], [-122.46383069, 37.80189314]]}}, {"type": "Feature", "properties": {"weight": "light", "source": "R-10434.2"}, "geometry": {"type": "LineString", "coordinates": [[-122.46383069, 37.80189314], [-122.46388507, 37.80190419]]}}, {"type": "Feature", "properties": {"weight": "light", "source": "R-10434.2"}, "geometry": {"type": "LineString", "coordinates": [[-122.4639034, 37.8019081], [-122.46395721, 37.80191917]]}}, {"type": "Feature", "properties": {"weight": "light", "source": "R-10434.2"}, "geometry": {"type": "LineString", "coordinates": [[-122.46395721, 37.80191917], [-122.4640113, 37.80193023]]}}, {"type": "Feature", "properties": {"weight": "light", "source": "R-10434.2"}, "geometry": {"type": "LineString", "coordinates": [[-122.46402963, 37.80193414], [-122.46408344, 37.80194521]]}}, {"type": "Feature", "properties": {"weight": "light", "source": "R-10434.2"}, "geometry": {"type": "LineString", "coordinates": [[-122.46408344, 37.80194521], [-122.46413753, 37.80195627]]}}, {"type": "Feature", "properties": {"weight": "light", "source": "R-10434.2"}, "geometry": {"type": "LineString", "coordinates": [[-122.46415615, 37.80196017], [-122.46420967, 37.80197125]]}}, {"type": "Feature", "properties": {"weight": "light", "source": "R-10434.2"}, "geometry": {"type": "LineString", "coordinates": [[-122.46420967, 37.80197125], [-122.46426405, 37.8019823]]}}, {"type": "Feature", "properties": {"weight": "light", "source": "R-10434.2"}, "geometry": {"type": "LineString", "coordinates": [[-122.46428238, 37.80198621], [-122.46433619, 37.80199728]]}}, {"type": "Feature", "properties": {"weight": "light", "source": "R-10434.2"}, "geometry": {"type": "LineString", "coordinates": [[-122.46433619, 37.80199728], [-122.46439028, 37.80200834]]}}, {"type": "Feature", "properties": {"weight": "light", "source": "R-10434.2"}, "geometry": {"type": "LineString", "coordinates": [[-122.46440861, 37.80201225], [-122.46446242, 37.80202332]]}}, {"type": "Feature", "properties": {"weight": "light", "source": "R-10434.2"}, "geometry": {"type": "LineString", "coordinates": [[-122.46446242, 37.80202332], [-122.46451651, 37.80203438]]}}, {"type": "Feature", "properties": {"weight": "light", "source": "R-10434.2"}, "geometry": {"type": "LineString", "coordinates": [[-122.46453513, 37.80203828], [-122.46458865, 37.80204935]]}}, {"type": "Feature", "properties": {"weight": "light", "source": "R-10434.2"}, "geometry": {"type": "LineString", "coordinates": [[-122.46458865, 37.80204935], [-122.46464275, 37.80206064]]}}, {"type": "Feature", "properties": {"weight": "light", "source": "R-10434.2"}, "geometry": {"type": "LineString", "coordinates": [[-122.46466136, 37.80206432], [-122.46471488, 37.80207539]]}}, {"type": "Feature", "properties": {"weight": "light", "source": "R-10434.2"}, "geometry": {"type": "LineString", "coordinates": [[-122.46471488, 37.80207539], [-122.46476928, 37.80208667]]}}, {"type": "Feature", "properties": {"weight": "light", "source": "R-10434.2"}, "geometry": {"type": "LineString", "coordinates": [[-122.4647876, 37.80209035], [-122.4648414, 37.80210142]]}}, {"type": "Feature", "properties": {"weight": "light", "source": "R-10434.2"}, "geometry": {"type": "LineString", "coordinates": [[-122.4648414, 37.80210142], [-122.46489551, 37.80211271]]}}, {"type": "Feature", "properties": {"weight": "light", "source": "R-10434.2"}, "geometry": {"type": "LineString", "coordinates": [[-122.46491383, 37.80211639], [-122.46496763, 37.80212746]]}}, {"type": "Feature", "properties": {"weight": "light", "source": "R-10434.2"}, "geometry": {"type": "LineString", "coordinates": [[-122.46496763, 37.80212746], [-122.46502174, 37.80213875]]}}, {"type": "Feature", "properties": {"weight": "light", "source": "R-10434.2"}, "geometry": {"type": "LineString", "coordinates": [[-122.46504035, 37.80214242], [-122.46509387, 37.8021535]]}}, {"type": "Feature", "properties": {"weight": "light", "source": "R-10434.2"}, "geometry": {"type": "LineString", "coordinates": [[-122.46509387, 37.8021535], [-122.46514826, 37.80216478]]}}, {"type": "Feature", "properties": {"weight": "light", "source": "R-10434.2"}, "geometry": {"type": "LineString", "coordinates": [[-122.46516658, 37.80216846], [-122.46522039, 37.80217953]]}}, {"type": "Feature", "properties": {"weight": "light", "source": "R-10434.2"}, "geometry": {"type": "LineString", "coordinates": [[-122.46522039, 37.80217953], [-122.46527449, 37.80219081]]}}, {"type": "Feature", "properties": {"weight": "light", "source": "R-10434.2"}, "geometry": {"type": "LineString", "coordinates": [[-122.46529281, 37.80219449], [-122.46534662, 37.80220556]]}}, {"type": "Feature", "properties": {"weight": "light", "source": "R-10434.2"}, "geometry": {"type": "LineString", "coordinates": [[-122.46534662, 37.80220556], [-122.46540072, 37.80221685]]}}, {"type": "Feature", "properties": {"weight": "light", "source": "R-10434.2"}, "geometry": {"type": "LineString", "coordinates": [[-122.46541933, 37.80222052], [-122.46547285, 37.8022316]]}}, {"type": "Feature", "properties": {"weight": "light", "source": "R-10434.2"}, "geometry": {"type": "LineString", "coordinates": [[-122.46547285, 37.8022316], [-122.46552696, 37.80224289]]}}, {"type": "Feature", "properties": {"weight": "light", "source": "R-10434.2"}, "geometry": {"type": "LineString", "coordinates": [[-122.46554556, 37.80224656], [-122.46559908, 37.80225764]]}}, {"type": "Feature", "properties": {"weight": "light", "source": "R-10434.2"}, "geometry": {"type": "LineString", "coordinates": [[-122.46559908, 37.80225764], [-122.46565348, 37.80226892]]}}, {"type": "Feature", "properties": {"weight": "light", "source": "R-10434.2"}, "geometry": {"type": "LineString", "coordinates": [[-122.46567181, 37.80227283], [-122.46572561, 37.80228389]]}}, {"type": "Feature", "properties": {"weight": "light", "source": "R-10434.2"}, "geometry": {"type": "LineString", "coordinates": [[-122.46572561, 37.80228389], [-122.46577971, 37.80229495]]}}, {"type": "Feature", "properties": {"weight": "light", "source": "R-10434.2"}, "geometry": {"type": "LineString", "coordinates": [[-122.46579804, 37.80229886], [-122.46585185, 37.80230993]]}}, {"type": "Feature", "properties": {"weight": "light", "source": "R-10434.2"}, "geometry": {"type": "LineString", "coordinates": [[-122.46585185, 37.80230993], [-122.46590594, 37.80232099]]}}, {"type": "Feature", "properties": {"weight": "light", "source": "R-10434.2"}, "geometry": {"type": "LineString", "coordinates": [[-122.46592456, 37.80232489], [-122.46597808, 37.80233597]]}}, {"type": "Feature", "properties": {"weight": "light", "source": "R-10434.2"}, "geometry": {"type": "LineString", "coordinates": [[-122.46597808, 37.80233597], [-122.46603246, 37.80234702]]}}, {"type": "Feature", "properties": {"weight": "light", "source": "R-10434.2"}, "geometry": {"type": "LineString", "coordinates": [[-122.46605079, 37.80235093], [-122.4661046, 37.80236199]]}}, {"type": "Feature", "properties": {"weight": "light", "source": "R-10434.2"}, "geometry": {"type": "LineString", "coordinates": [[-122.4661046, 37.80236199], [-122.4661587, 37.80237305]]}}, {"type": "Feature", "properties": {"weight": "light", "source": "R-10434.2"}, "geometry": {"type": "LineString", "coordinates": [[-122.46617702, 37.80237696], [-122.46623083, 37.80238803]]}}, {"type": "Feature", "properties": {"weight": "light", "source": "R-10434.2"}, "geometry": {"type": "LineString", "coordinates": [[-122.46623083, 37.80238803], [-122.46628493, 37.80239909]]}}, {"type": "Feature", "properties": {"weight": "light", "source": "R-10434.2"}, "geometry": {"type": "LineString", "coordinates": [[-122.46630355, 37.80240299], [-122.46635706, 37.80241407]]}}, {"type": "Feature", "properties": {"weight": "light", "source": "R-10434.2"}, "geometry": {"type": "LineString", "coordinates": [[-122.46635706, 37.80241407], [-122.46641116, 37.80242513]]}}, {"type": "Feature", "properties": {"weight": "light", "source": "R-10434.2"}, "geometry": {"type": "LineString", "coordinates": [[-122.46642978, 37.80242903], [-122.4664833, 37.8024401]]}}, {"type": "Feature", "properties": {"weight": "light", "source": "R-10434.2"}, "geometry": {"type": "LineString", "coordinates": [[-122.4664833, 37.8024401], [-122.46653768, 37.80245115]]}}, {"type": "Feature", "properties": {"weight": "light", "source": "R-10434.2"}, "geometry": {"type": "LineString", "coordinates": [[-122.46655601, 37.80245506], [-122.46660982, 37.80246613]]}}, {"type": "Feature", "properties": {"weight": "light", "source": "R-10434.2"}, "geometry": {"type": "LineString", "coordinates": [[-122.46660982, 37.80246613], [-122.46666392, 37.80247719]]}}, {"type": "Feature", "properties": {"weight": "light", "source": "R-10434.2"}, "geometry": {"type": "LineString", "coordinates": [[-122.46668224, 37.8024811], [-122.46673605, 37.80249217]]}}, {"type": "Feature", "properties": {"weight": "light", "source": "R-10434.2"}, "geometry": {"type": "LineString", "coordinates": [[-122.46673605, 37.80249217], [-122.46679016, 37.80250345]]}}, {"type": "Feature", "properties": {"weight": "light", "source": "R-10434.2"}, "geometry": {"type": "LineString", "coordinates": [[-122.46680877, 37.80250713], [-122.46686229, 37.8025182]]}}, {"type": "Feature", "properties": {"weight": "light", "source": "R-10434.2"}, "geometry": {"type": "LineString", "coordinates": [[-122.46686229, 37.8025182], [-122.46691668, 37.80252948]]}}, {"type": "Feature", "properties": {"weight": "light", "source": "R-10434.2"}, "geometry": {"type": "LineString", "coordinates": [[-122.466935, 37.80253316], [-122.46698881, 37.80254423]]}}, {"type": "Feature", "properties": {"weight": "light", "source": "R-10434.2"}, "geometry": {"type": "LineString", "coordinates": [[-122.46698881, 37.80254423], [-122.46704291, 37.80255552]]}}, {"type": "Feature", "properties": {"weight": "light", "source": "R-10434.2"}, "geometry": {"type": "LineString", "coordinates": [[-122.46706123, 37.8025592], [-122.46711504, 37.80257026]]}}, {"type": "Feature", "properties": {"weight": "light", "source": "R-10434.2"}, "geometry": {"type": "LineString", "coordinates": [[-122.46711504, 37.80257026], [-122.46716915, 37.80258155]]}}, {"type": "Feature", "properties": {"weight": "light", "source": "R-10434.2"}, "geometry": {"type": "LineString", "coordinates": [[-122.46718775, 37.80258522], [-122.46724127, 37.8025963]]}}, {"type": "Feature", "properties": {"weight": "light", "source": "R-10434.2"}, "geometry": {"type": "LineString", "coordinates": [[-122.46724127, 37.8025963], [-122.46729538, 37.80260759]]}}, {"type": "Feature", "properties": {"weight": "light", "source": "R-10434.2"}, "geometry": {"type": "LineString", "coordinates": [[-122.46731399, 37.80261126], [-122.46736751, 37.80262233]]}}, {"type": "Feature", "properties": {"weight": "light", "source": "R-10434.2"}, "geometry": {"type": "LineString", "coordinates": [[-122.46736751, 37.80262233], [-122.4674219, 37.80263361]]}}, {"type": "Feature", "properties": {"weight": "light", "source": "R-10434.2"}, "geometry": {"type": "LineString", "coordinates": [[-122.46744022, 37.80263729], [-122.46749403, 37.80264836]]}}, {"type": "Feature", "properties": {"weight": "light", "source": "R-10434.2"}, "geometry": {"type": "LineString", "coordinates": [[-122.46749403, 37.80264836], [-122.46754813, 37.80265965]]}}, {"type": "Feature", "properties": {"weight": "light", "source": "R-10434.2"}, "geometry": {"type": "LineString", "coordinates": [[-122.46756646, 37.80266333], [-122.46762026, 37.80267439]]}}, {"type": "Feature", "properties": {"weight": "light", "source": "R-10434.2"}, "geometry": {"type": "LineString", "coordinates": [[-122.46762026, 37.80267439], [-122.46767437, 37.80268568]]}}, {"type": "Feature", "properties": {"weight": "light", "source": "R-10434.2"}, "geometry": {"type": "LineString", "coordinates": [[-122.46769298, 37.80268936], [-122.4677465, 37.80270043]]}}, {"type": "Feature", "properties": {"weight": "light", "source": "R-10434.2"}, "geometry": {"type": "LineString", "coordinates": [[-122.4677465, 37.80270043], [-122.46780089, 37.80271171]]}}, {"type": "Feature", "properties": {"weight": "light", "source": "R-10434.2"}, "geometry": {"type": "LineString", "coordinates": [[-122.46781922, 37.80271562], [-122.46787303, 37.80272668]]}}, {"type": "Feature", "properties": {"weight": "light", "source": "R-10434.2"}, "geometry": {"type": "LineString", "coordinates": [[-122.46787303, 37.80272668], [-122.46792247, 37.80273671]]}}, {"type": "Feature", "properties": {"weight": "light", "source": "R-10434.2"}, "geometry": {"type": "LineString", "coordinates": [[-122.46827518, 37.80281429], [-122.46825625, 37.80280971]]}}, {"type": "Feature", "properties": {"weight": "light", "source": "R-10434.2"}, "geometry": {"type": "LineString", "coordinates": [[-122.46825625, 37.80280971], [-122.46822219, 37.80280206]]}}, {"type": "Feature", "properties": {"weight": "light", "source": "R-10434.2"}, "geometry": {"type": "LineString", "coordinates": [[-122.46822219, 37.80280206], [-122.46816834, 37.80278985]]}}, {"type": "Feature", "properties": {"weight": "light", "source": "R-10434.2"}, "geometry": {"type": "LineString", "coordinates": [[-122.46815, 37.80278572], [-122.46814535, 37.80278468]]}}, {"type": "Feature", "properties": {"weight": "light", "source": "R-10434.2"}, "geometry": {"type": "LineString", "coordinates": [[-122.46814535, 37.80278468], [-122.46809646, 37.80277396]]}}, {"type": "Feature", "properties": {"weight": "light", "source": "R-10434.2"}, "geometry": {"type": "LineString", "coordinates": [[-122.46809646, 37.80277396], [-122.46804233, 37.80276221]]}}, {"type": "Feature", "properties": {"weight": "light", "source": "R-10434.2"}, "geometry": {"type": "LineString", "coordinates": [[-122.468024, 37.80275807], [-122.46797048, 37.802747]]}}, {"type": "Feature", "properties": {"weight": "light", "source": "R-10434.2"}, "geometry": {"type": "LineString", "coordinates": [[-122.46797048, 37.802747], [-122.46792247, 37.80273671]]}}, {"type": "Feature", "properties": {"weight": "light", "source": "R-10434.2"}, "geometry": {"type": "LineString", "coordinates": [[-122.46832004, 37.80294578], [-122.46827481, 37.80293268]]}}, {"type": "Feature", "properties": {"weight": "light", "source": "R-10434.2"}, "geometry": {"type": "LineString", "coordinates": [[-122.46827481, 37.80293268], [-122.46827189, 37.80293183]]}}, {"type": "Feature", "properties": {"weight": "light", "source": "R-10434.2"}, "geometry": {"type": "LineString", "coordinates": [[-122.46827189, 37.80293183], [-122.4682191, 37.80291708]]}}, {"type": "Feature", "properties": {"weight": "light", "source": "R-10434.2"}, "geometry": {"type": "LineString", "coordinates": [[-122.46820101, 37.80291202], [-122.46816572, 37.80290211]]}}, {"type": "Feature", "properties": {"weight": "light", "source": "R-10434.2"}, "geometry": {"type": "LineString", "coordinates": [[-122.46816572, 37.80290211], [-122.4681488, 37.80289748]]}}, {"type": "Feature", "properties": {"weight": "light", "source": "R-10434.2"}, "geometry": {"type": "LineString", "coordinates": [[-122.4681488, 37.80289748], [-122.46809574, 37.80288319]]}}, {"type": "Feature", "properties": {"weight": "light", "source": "R-10434.2"}, "geometry": {"type": "LineString", "coordinates": [[-122.46807766, 37.80287836], [-122.46805608, 37.80287247]]}}, {"type": "Feature", "properties": {"weight": "light", "source": "R-10434.2"}, "geometry": {"type": "LineString", "coordinates": [[-122.46805608, 37.80287247], [-122.46802518, 37.80286428]]}}, {"type": "Feature", "properties": {"weight": "light", "source": "R-10434.2"}, "geometry": {"type": "LineString", "coordinates": [[-122.46802518, 37.80286428], [-122.46797212, 37.80285022]]}}, {"type": "Feature", "properties": {"weight": "light", "source": "R-10434.2"}, "geometry": {"type": "LineString", "coordinates": [[-122.46795405, 37.80284562], [-122.46794647, 37.80284352]]}}, {"type": "Feature", "properties": {"weight": "light", "source": "R-10434.2"}, "geometry": {"type": "LineString", "coordinates": [[-122.46794647, 37.80284352], [-122.4679013, 37.80283201]]}}, {"type": "Feature", "properties": {"weight": "light", "source": "R-10434.2"}, "geometry": {"type": "LineString", "coordinates": [[-122.4679013, 37.80283201], [-122.46784797, 37.80281842]]}}, {"type": "Feature", "properties": {"weight": "light", "source": "R-10434.2"}, "geometry": {"type": "LineString", "coordinates": [[-122.45805018, 37.80248096], [-122.45810147, 37.80246393]]}}, {"type": "Feature", "properties": {"weight": "light", "source": "R-10434.2"}, "geometry": {"type": "LineString", "coordinates": [[-122.45810147, 37.80246393], [-122.45815304, 37.80244666]]}}, {"type": "Feature", "properties": {"weight": "light", "source": "R-10434.2"}, "geometry": {"type": "LineString", "coordinates": [[-122.45817042, 37.80244075], [-122.45822171, 37.80242372]]}}, {"type": "Feature", "properties": {"weight": "light", "source": "R-10434.2"}, "geometry": {"type": "LineString", "coordinates": [[-122.45822171, 37.80242372], [-122.45827328, 37.80240645]]}}, {"type": "Feature", "properties": {"weight": "light", "source": "R-10434.2"}, "geometry": {"type": "LineString", "coordinates": [[-122.45829094, 37.80240053], [-122.45834195, 37.80238351]]}}, {"type": "Feature", "properties": {"weight": "light", "source": "R-10434.2"}, "geometry": {"type": "LineString", "coordinates": [[-122.45834195, 37.80238351], [-122.45839353, 37.80236647]]}}, {"type": "Feature", "properties": {"weight": "light", "source": "R-10434.2"}, "geometry": {"type": "LineString", "coordinates": [[-122.45841119, 37.80236055], [-122.45846219, 37.80234353]]}}, {"type": "Feature", "properties": {"weight": "light", "source": "R-10434.2"}, "geometry": {"type": "LineString", "coordinates": [[-122.45846219, 37.80234353], [-122.45851376, 37.80232626]]}}, {"type": "Feature", "properties": {"weight": "light", "source": "R-10434.2"}, "geometry": {"type": "LineString", "coordinates": [[-122.45853143, 37.80232034], [-122.45858272, 37.80230331]]}}, {"type": "Feature", "properties": {"weight": "light", "source": "R-10434.2"}, "geometry": {"type": "LineString", "coordinates": [[-122.45858272, 37.80230331], [-122.45863429, 37.80228604]]}}, {"type": "Feature", "properties": {"weight": "light", "source": "R-10434.2"}, "geometry": {"type": "LineString", "coordinates": [[-122.45865168, 37.80228036], [-122.45870296, 37.8022631]]}}, {"type": "Feature", "properties": {"weight": "light", "source": "R-10434.2"}, "geometry": {"type": "LineString", "coordinates": [[-122.45870296, 37.8022631], [-122.45875454, 37.80224606]]}}, {"type": "Feature", "properties": {"weight": "light", "source": "R-10434.2"}, "geometry": {"type": "LineString", "coordinates": [[-122.4587722, 37.80224014], [-122.4588232, 37.80222312]]}}, {"type": "Feature", "properties": {"weight": "light", "source": "R-10434.2"}, "geometry": {"type": "LineString", "coordinates": [[-122.4588232, 37.80222312], [-122.45887477, 37.80220585]]}}, {"type": "Feature", "properties": {"weight": "light", "source": "R-10434.2"}, "geometry": {"type": "LineString", "coordinates": [[-122.45889244, 37.80219993], [-122.45894344, 37.80218291]]}}, {"type": "Feature", "properties": {"weight": "light", "source": "R-10434.2"}, "geometry": {"type": "LineString", "coordinates": [[-122.45894344, 37.80218291], [-122.45899501, 37.80216564]]}}, {"type": "Feature", "properties": {"weight": "light", "source": "R-10434.2"}, "geometry": {"type": "LineString", "coordinates": [[-122.45901268, 37.80215995], [-122.45906398, 37.80214292]]}}, {"type": "Feature", "properties": {"weight": "light", "source": "R-10434.2"}, "geometry": {"type": "LineString", "coordinates": [[-122.45906398, 37.80214292], [-122.45911555, 37.80212565]]}}, {"type": "Feature", "properties": {"weight": "light", "source": "R-10434.2"}, "geometry": {"type": "LineString", "coordinates": [[-122.45913292, 37.80211974], [-122.45918421, 37.8021027]]}}, {"type": "Feature", "properties": {"weight": "light", "source": "R-10434.2"}, "geometry": {"type": "LineString", "coordinates": [[-122.45918421, 37.8021027], [-122.45923578, 37.80208544]]}}, {"type": "Feature", "properties": {"weight": "light", "source": "R-10434.2"}, "geometry": {"type": "LineString", "coordinates": [[-122.45925345, 37.80207952], [-122.45930445, 37.80206249]]}}, {"type": "Feature", "properties": {"weight": "light", "source": "R-10434.2"}, "geometry": {"type": "LineString", "coordinates": [[-122.45930445, 37.80206249], [-122.45935603, 37.80204546]]}}, {"type": "Feature", "properties": {"weight": "light", "source": "R-10434.2"}, "geometry": {"type": "LineString", "coordinates": [[-122.45937369, 37.80203954], [-122.4594247, 37.80202251]]}}, {"type": "Feature", "properties": {"weight": "light", "source": "R-10434.2"}, "geometry": {"type": "LineString", "coordinates": [[-122.4594247, 37.80202251], [-122.45947655, 37.80200524]]}}, {"type": "Feature", "properties": {"weight": "light", "source": "R-10434.2"}, "geometry": {"type": "LineString", "coordinates": [[-122.45949393, 37.80199932], [-122.45954522, 37.80198229]]}}, {"type": "Feature", "properties": {"weight": "light", "source": "R-10434.2"}, "geometry": {"type": "LineString", "coordinates": [[-122.45954522, 37.80198229], [-122.45959679, 37.80196503]]}}, {"type": "Feature", "properties": {"weight": "light", "source": "R-10434.2"}, "geometry": {"type": "LineString", "coordinates": [[-122.45961418, 37.80195934], [-122.45966546, 37.80194208]]}}, {"type": "Feature", "properties": {"weight": "light", "source": "R-10434.2"}, "geometry": {"type": "LineString", "coordinates": [[-122.45966546, 37.80194208], [-122.45971704, 37.80192504]]}}, {"type": "Feature", "properties": {"weight": "light", "source": "R-10434.2"}, "geometry": {"type": "LineString", "coordinates": [[-122.4597347, 37.80191912], [-122.4597857, 37.8019021]]}}, {"type": "Feature", "properties": {"weight": "light", "source": "R-10434.2"}, "geometry": {"type": "LineString", "coordinates": [[-122.4597857, 37.8019021], [-122.45983727, 37.80188483]]}}, {"type": "Feature", "properties": {"weight": "light", "source": "R-10434.2"}, "geometry": {"type": "LineString", "coordinates": [[-122.45985494, 37.80187891], [-122.45990594, 37.80186189]]}}, {"type": "Feature", "properties": {"weight": "light", "source": "R-10434.2"}, "geometry": {"type": "LineString", "coordinates": [[-122.45990594, 37.80186189], [-122.4599256, 37.80185546]]}}, {"type": "Feature", "properties": {"weight": "light", "source": "R-10434.2"}, "geometry": {"type": "LineString", "coordinates": [[-122.46282709, 37.80165217], [-122.46277306, 37.80164271]]}}, {"type": "Feature", "properties": {"weight": "light", "source": "R-10434.2"}, "geometry": {"type": "LineString", "coordinates": [[-122.46277306, 37.80164271], [-122.46275593, 37.80163991]]}}, {"type": "Feature", "properties": {"weight": "light", "source": "R-10434.2"}, "geometry": {"type": "LineString", "coordinates": [[-122.46275593, 37.80163991], [-122.46271818, 37.80163372]]}}, {"type": "Feature", "properties": {"weight": "light", "source": "R-10434.2"}, "geometry": {"type": "LineString", "coordinates": [[-122.46269931, 37.80163074], [-122.46268334, 37.80162815]]}}, {"type": "Feature", "properties": {"weight": "light", "source": "R-10434.2"}, "geometry": {"type": "LineString", "coordinates": [[-122.46268334, 37.80162815], [-122.46264504, 37.80162266]]}}, {"type": "Feature", "properties": {"weight": "light", "source": "R-10434.2"}, "geometry": {"type": "LineString", "coordinates": [[-122.46264504, 37.80162266], [-122.4626105, 37.80161754]]}}, {"type": "Feature", "properties": {"weight": "light", "source": "R-10434.2"}, "geometry": {"type": "LineString", "coordinates": [[-122.4626105, 37.80161754], [-122.46258991, 37.80161483]]}}, {"type": "Feature", "properties": {"weight": "light", "source": "R-10434.2"}, "geometry": {"type": "LineString", "coordinates": [[-122.46257106, 37.80161231], [-122.46253741, 37.80160762]]}}, {"type": "Feature", "properties": {"weight": "light", "source": "R-10434.2"}, "geometry": {"type": "LineString", "coordinates": [[-122.46253741, 37.80160762], [-122.46251625, 37.80160516]]}}, {"type": "Feature", "properties": {"weight": "light", "source": "R-10434.2"}, "geometry": {"type": "LineString", "coordinates": [[-122.46251625, 37.80160516], [-122.46246436, 37.80159885]]}}, {"type": "Feature", "properties": {"weight": "light", "source": "R-10434.2"}, "geometry": {"type": "LineString", "coordinates": [[-122.46246436, 37.80159885], [-122.46246088, 37.80159847]]}}, {"type": "Feature", "properties": {"weight": "light", "source": "R-10434.2"}, "geometry": {"type": "LineString", "coordinates": [[-122.46244204, 37.80159641], [-122.46239104, 37.80159077]]}}, {"type": "Feature", "properties": {"weight": "light", "source": "R-10434.2"}, "geometry": {"type": "LineString", "coordinates": [[-122.46239104, 37.80159077], [-122.46238699, 37.80159041]]}}, {"type": "Feature", "properties": {"weight": "light", "source": "R-10434.2"}, "geometry": {"type": "LineString", "coordinates": [[-122.46238699, 37.80159041], [-122.46233167, 37.8015851]]}}, {"type": "Feature", "properties": {"weight": "light", "source": "R-10434.2"}, "geometry": {"type": "LineString", "coordinates": [[-122.46231256, 37.80158327], [-122.46225755, 37.80157864]]}}, {"type": "Feature", "properties": {"weight": "light", "source": "R-10434.2"}, "geometry": {"type": "LineString", "coordinates": [[-122.46225755, 37.80157864], [-122.46224395, 37.80157759]]}}, {"type": "Feature", "properties": {"weight": "light", "source": "R-10434.2"}, "geometry": {"type": "LineString", "coordinates": [[-122.46224395, 37.80157759], [-122.4622017, 37.80157449]]}}, {"type": "Feature", "properties": {"weight": "light", "source": "R-10434.2"}, "geometry": {"type": "LineString", "coordinates": [[-122.4621826, 37.80157312], [-122.46217016, 37.80157227]]}}, {"type": "Feature", "properties": {"weight": "light", "source": "R-10434.2"}, "geometry": {"type": "LineString", "coordinates": [[-122.46217016, 37.80157227], [-122.46212736, 37.80156964]]}}, {"type": "Feature", "properties": {"weight": "light", "source": "R-10434.2"}, "geometry": {"type": "LineString", "coordinates": [[-122.46212736, 37.80156964], [-122.46209641, 37.80156787]]}}, {"type": "Feature", "properties": {"weight": "light", "source": "R-10434.2"}, "geometry": {"type": "LineString", "coordinates": [[-122.46209641, 37.80156787], [-122.46207155, 37.80156663]]}}, {"type": "Feature", "properties": {"weight": "light", "source": "R-10434.2"}, "geometry": {"type": "LineString", "coordinates": [[-122.46205247, 37.80156572], [-122.46202241, 37.80156438]]}}, {"type": "Feature", "properties": {"weight": "light", "source": "R-10434.2"}, "geometry": {"type": "LineString", "coordinates": [[-122.46202241, 37.80156438], [-122.46199727, 37.80156338]]}}, {"type": "Feature", "properties": {"weight": "light", "source": "R-10434.2"}, "geometry": {"type": "LineString", "coordinates": [[-122.46199727, 37.80156338], [-122.46194844, 37.80156181]]}}, {"type": "Feature", "properties": {"weight": "light", "source": "R-10434.2"}, "geometry": {"type": "LineString", "coordinates": [[-122.46194844, 37.80156181], [-122.46194121, 37.80156153]]}}, {"type": "Feature", "properties": {"weight": "light", "source": "R-10434.2"}, "geometry": {"type": "LineString", "coordinates": [[-122.46192216, 37.8015613], [-122.4618745, 37.80156015]]}}, {"type": "Feature", "properties": {"weight": "light", "source": "R-10434.2"}, "geometry": {"type": "LineString", "coordinates": [[-122.4618745, 37.80156015], [-122.46186671, 37.80156011]]}}, {"type": "Feature", "properties": {"weight": "light", "source": "R-10434.2"}, "geometry": {"type": "LineString", "coordinates": [[-122.46186671, 37.80156011], [-122.4618107, 37.8015594]]}}, {"type": "Feature", "properties": {"weight": "light", "source": "R-10434.2"}, "geometry": {"type": "LineString", "coordinates": [[-122.46179166, 37.8015594], [-122.46173626, 37.80155959]]}}, {"type": "Feature", "properties": {"weight": "light", "source": "R-10434.2"}, "geometry": {"type": "LineString", "coordinates": [[-122.46173626, 37.80155959], [-122.46172645, 37.8015596]]}}, {"type": "Feature", "properties": {"weight": "light", "source": "R-10434.2"}, "geometry": {"type": "LineString", "coordinates": [[-122.46172645, 37.8015596], [-122.46168031, 37.80156025]]}}, {"type": "Feature", "properties": {"weight": "light", "source": "R-10434.2"}, "geometry": {"type": "LineString", "coordinates": [[-122.46166127, 37.80156048], [-122.46165233, 37.80156069]]}}, {"type": "Feature", "properties": {"weight": "light", "source": "R-10434.2"}, "geometry": {"type": "LineString", "coordinates": [[-122.46165233, 37.80156069], [-122.46160563, 37.80156182]]}}, {"type": "Feature", "properties": {"weight": "light", "source": "R-10434.2"}, "geometry": {"type": "LineString", "coordinates": [[-122.46160563, 37.80156182], [-122.46157853, 37.80156247]]}}, {"type": "Feature", "properties": {"weight": "light", "source": "R-10434.2"}, "geometry": {"type": "LineString", "coordinates": [[-122.46157853, 37.80156247], [-122.46154972, 37.80156362]]}}, {"type": "Feature", "properties": {"weight": "light", "source": "R-10434.2"}, "geometry": {"type": "LineString", "coordinates": [[-122.46153071, 37.80156454], [-122.46150448, 37.8015654]]}}, {"type": "Feature", "properties": {"weight": "light", "source": "R-10434.2"}, "geometry": {"type": "LineString", "coordinates": [[-122.46150448, 37.8015654], [-122.4614754, 37.80156701]]}}, {"type": "Feature", "properties": {"weight": "light", "source": "R-10434.2"}, "geometry": {"type": "LineString", "coordinates": [[-122.4614754, 37.80156701], [-122.46143076, 37.80156923]]}}, {"type": "Feature", "properties": {"weight": "light", "source": "R-10434.2"}, "geometry": {"type": "LineString", "coordinates": [[-122.46143076, 37.80156923], [-122.46141953, 37.80156996]]}}, {"type": "Feature", "properties": {"weight": "light", "source": "R-10434.2"}, "geometry": {"type": "LineString", "coordinates": [[-122.46140053, 37.8015711], [-122.46135678, 37.80157399]]}}, {"type": "Feature", "properties": {"weight": "light", "source": "R-10434.2"}, "geometry": {"type": "LineString", "coordinates": [[-122.46135678, 37.80157399], [-122.46134528, 37.80157495]]}}, {"type": "Feature", "properties": {"weight": "light", "source": "R-10434.2"}, "geometry": {"type": "LineString", "coordinates": [[-122.46134528, 37.80157495], [-122.46128945, 37.80157904]]}}, {"type": "Feature", "properties": {"weight": "light", "source": "R-10434.2"}, "geometry": {"type": "LineString", "coordinates": [[-122.46127047, 37.80158064], [-122.46121554, 37.80158563]]}}, {"type": "Feature", "properties": {"weight": "light", "source": "R-10434.2"}, "geometry": {"type": "LineString", "coordinates": [[-122.46121554, 37.80158563], [-122.4612095, 37.801586]]}}, {"type": "Feature", "properties": {"weight": "light", "source": "R-10434.2"}, "geometry": {"type": "LineString", "coordinates": [[-122.4612095, 37.801586], [-122.46116006, 37.80159108]]}}, {"type": "Feature", "properties": {"weight": "light", "source": "R-10434.2"}, "geometry": {"type": "LineString", "coordinates": [[-122.46114109, 37.80159314], [-122.4611362, 37.80159349]]}}, {"type": "Feature", "properties": {"weight": "light", "source": "R-10434.2"}, "geometry": {"type": "LineString", "coordinates": [[-122.4611362, 37.80159349], [-122.46108621, 37.80159927]]}}, {"type": "Feature", "properties": {"weight": "light", "source": "R-10434.2"}, "geometry": {"type": "LineString", "coordinates": [[-122.46108621, 37.80159927], [-122.46106294, 37.80160189]]}}, {"type": "Feature", "properties": {"weight": "light", "source": "R-10434.2"}, "geometry": {"type": "LineString", "coordinates": [[-122.46106294, 37.80160189], [-122.46103077, 37.80160587]]}}, {"type": "Feature", "properties": {"weight": "light", "source": "R-10434.2"}, "geometry": {"type": "LineString", "coordinates": [[-122.46101182, 37.80160839], [-122.4609897, 37.80161098]]}}, {"type": "Feature", "properties": {"weight": "light", "source": "R-10434.2"}, "geometry": {"type": "LineString", "coordinates": [[-122.4609897, 37.80161098], [-122.46095728, 37.80161565]]}}, {"type": "Feature", "properties": {"weight": "light", "source": "R-10434.2"}, "geometry": {"type": "LineString", "coordinates": [[-122.46095728, 37.80161565], [-122.4609168, 37.8016212]]}}, {"type": "Feature", "properties": {"weight": "light", "source": "R-10434.2"}, "geometry": {"type": "LineString", "coordinates": [[-122.4609168, 37.8016212], [-122.46090217, 37.80162339]]}}, {"type": "Feature", "properties": {"weight": "light", "source": "R-10434.2"}, "geometry": {"type": "LineString", "coordinates": [[-122.46088353, 37.80162636], [-122.46084421, 37.80163211]]}}, {"type": "Feature", "properties": {"weight": "light", "source": "R-10434.2"}, "geometry": {"type": "LineString", "coordinates": [[-122.46084421, 37.80163211], [-122.46082902, 37.80163476]]}}, {"type": "Feature", "properties": {"weight": "light", "source": "R-10434.2"}, "geometry": {"type": "LineString", "coordinates": [[-122.46082902, 37.80163476], [-122.46077424, 37.80164364]]}}, {"type": "Feature", "properties": {"weight": "light", "source": "R-10434.2"}, "geometry": {"type": "LineString", "coordinates": [[-122.46075562, 37.80164706], [-122.46070145, 37.80165661]]}}, {"type": "Feature", "properties": {"weight": "light", "source": "R-10434.2"}, "geometry": {"type": "LineString", "coordinates": [[-122.46070145, 37.80165661], [-122.46069944, 37.80165689]]}}, {"type": "Feature", "properties": {"weight": "light", "source": "R-10434.2"}, "geometry": {"type": "LineString", "coordinates": [[-122.46069944, 37.80165689], [-122.46064701, 37.80166685]]}}, {"type": "Feature", "properties": {"weight": "light", "source": "R-10434.2"}, "geometry": {"type": "LineString", "coordinates": [[-122.46062839, 37.8016705], [-122.46062753, 37.80167052]]}}, {"type": "Feature", "properties": {"weight": "light", "source": "R-10434.2"}, "geometry": {"type": "LineString", "coordinates": [[-122.46062753, 37.80167052], [-122.46057485, 37.8016814]]}}, {"type": "Feature", "properties": {"weight": "light", "source": "R-10434.2"}, "geometry": {"type": "LineString", "coordinates": [[-122.46057485, 37.8016814], [-122.46055567, 37.8016853]]}}, {"type": "Feature", "properties": {"weight": "light", "source": "R-10434.2"}, "geometry": {"type": "LineString", "coordinates": [[-122.46055567, 37.8016853], [-122.46052075, 37.80169278]]}}, {"type": "Feature", "properties": {"weight": "light", "source": "R-10434.2"}, "geometry": {"type": "LineString", "coordinates": [[-122.46050214, 37.80169666], [-122.4604844, 37.80170052]]}}, {"type": "Feature", "properties": {"weight": "light", "source": "R-10434.2"}, "geometry": {"type": "LineString", "coordinates": [[-122.4604844, 37.80170052], [-122.46044893, 37.8017087]]}}, {"type": "Feature", "properties": {"weight": "light", "source": "R-10434.2"}, "geometry": {"type": "LineString", "coordinates": [[-122.46044893, 37.8017087], [-122.46041317, 37.80171689]]}}, {"type": "Feature", "properties": {"weight": "light", "source": "R-10434.2"}, "geometry": {"type": "LineString", "coordinates": [[-122.46041317, 37.80171689], [-122.46039517, 37.80172144]]}}, {"type": "Feature", "properties": {"weight": "light", "source": "R-10434.2"}, "geometry": {"type": "LineString", "coordinates": [[-122.46037686, 37.80172578], [-122.46034256, 37.80173416]]}}, {"type": "Feature", "properties": {"weight": "light", "source": "R-10434.2"}, "geometry": {"type": "LineString", "coordinates": [[-122.46034256, 37.80173416], [-122.46032398, 37.80173895]]}}, {"type": "Feature", "properties": {"weight": "light", "source": "R-10434.2"}, "geometry": {"type": "LineString", "coordinates": [[-122.46032398, 37.80173895], [-122.46027198, 37.80175234]]}}, {"type": "Feature", "properties": {"weight": "light", "source": "R-10434.2"}, "geometry": {"type": "LineString", "coordinates": [[-122.46027198, 37.80175234], [-122.46027083, 37.8017526]]}}, {"type": "Feature", "properties": {"weight": "light", "source": "R-10434.2"}, "geometry": {"type": "LineString", "coordinates": [[-122.46025284, 37.80175738], [-122.460202, 37.8017712]]}}, {"type": "Feature", "properties": {"weight": "light", "source": "R-10434.2"}, "geometry": {"type": "LineString", "coordinates": [[-122.460202, 37.8017712], [-122.46020029, 37.80177169]]}}, {"type": "Feature", "properties": {"weight": "light", "source": "R-10434.2"}, "geometry": {"type": "LineString", "coordinates": [[-122.46020029, 37.80177169], [-122.46014748, 37.8017867]]}}, {"type": "Feature", "properties": {"weight": "light", "source": "R-10434.2"}, "geometry": {"type": "LineString", "coordinates": [[-122.46012949, 37.80179171], [-122.46007756, 37.80180716]]}}, {"type": "Feature", "properties": {"weight": "light", "source": "R-10434.2"}, "geometry": {"type": "LineString", "coordinates": [[-122.46007756, 37.80180716], [-122.46006302, 37.80181163]]}}, {"type": "Feature", "properties": {"weight": "light", "source": "R-10434.2"}, "geometry": {"type": "LineString", "coordinates": [[-122.46006302, 37.80181163], [-122.46002537, 37.8018233]]}}, {"type": "Feature", "properties": {"weight": "light", "source": "R-10434.2"}, "geometry": {"type": "LineString", "coordinates": [[-122.46000769, 37.80182876], [-122.459994, 37.80183298]]}}, {"type": "Feature", "properties": {"weight": "light", "source": "R-10434.2"}, "geometry": {"type": "LineString", "coordinates": [[-122.459994, 37.80183298], [-122.45995638, 37.80184533]]}}, {"type": "Feature", "properties": {"weight": "light", "source": "R-10434.2"}, "geometry": {"type": "LineString", "coordinates": [[-122.45995638, 37.80184533], [-122.4599256, 37.80185546]]}}, {"type": "Feature", "properties": {"weight": "light", "source": "R-10434.2"}, "geometry": {"type": "LineString", "coordinates": [[-122.46297329, 37.80167979], [-122.46302707, 37.80169017]]}}, {"type": "Feature", "properties": {"weight": "light", "source": "R-10434.2"}, "geometry": {"type": "LineString", "coordinates": [[-122.46302707, 37.80169017], [-122.46308143, 37.80170054]]}}, {"type": "Feature", "properties": {"weight": "light", "source": "R-10434.2"}, "geometry": {"type": "LineString", "coordinates": [[-122.46310003, 37.80170398], [-122.46315381, 37.80171436]]}}, {"type": "Feature", "properties": {"weight": "light", "source": "R-10434.2"}, "geometry": {"type": "LineString", "coordinates": [[-122.46315381, 37.80171436], [-122.46320818, 37.80172496]]}}, {"type": "Feature", "properties": {"weight": "light", "source": "R-10434.2"}, "geometry": {"type": "LineString", "coordinates": [[-122.46322678, 37.8017284], [-122.46328085, 37.80173878]]}}, {"type": "Feature", "properties": {"weight": "light", "source": "R-10434.2"}, "geometry": {"type": "LineString", "coordinates": [[-122.46328085, 37.80173878], [-122.4633352, 37.80174915]]}}, {"type": "Feature", "properties": {"weight": "light", "source": "R-10434.2"}, "geometry": {"type": "LineString", "coordinates": [[-122.46335381, 37.80175282], [-122.46340759, 37.8017632]]}}, {"type": "Feature", "properties": {"weight": "light", "source": "R-10434.2"}, "geometry": {"type": "LineString", "coordinates": [[-122.46340759, 37.8017632], [-122.46346195, 37.80177357]]}}, {"type": "Feature", "properties": {"weight": "light", "source": "R-10434.2"}, "geometry": {"type": "LineString", "coordinates": [[-122.46348056, 37.80177724], [-122.46353433, 37.8017874]]}}, {"type": "Feature", "properties": {"weight": "light", "source": "R-10434.2"}, "geometry": {"type": "LineString", "coordinates": [[-122.46353433, 37.8017874], [-122.46358898, 37.80179799]]}}, {"type": "Feature", "properties": {"weight": "light", "source": "R-10434.2"}, "geometry": {"type": "LineString", "coordinates": [[-122.4636073, 37.80180144], [-122.46366136, 37.80181181]]}}, {"type": "Feature", "properties": {"weight": "light", "source": "R-10434.2"}, "geometry": {"type": "LineString", "coordinates": [[-122.46366136, 37.80181181], [-122.46371573, 37.80182241]]}}, {"type": "Feature", "properties": {"weight": "light", "source": "R-10434.2"}, "geometry": {"type": "LineString", "coordinates": [[-122.46373433, 37.80182586], [-122.46378811, 37.80183624]]}}, {"type": "Feature", "properties": {"weight": "light", "source": "R-10434.2"}, "geometry": {"type": "LineString", "coordinates": [[-122.46378811, 37.80183624], [-122.46384247, 37.80184661]]}}, {"type": "Feature", "properties": {"weight": "light", "source": "R-10434.2"}, "geometry": {"type": "LineString", "coordinates": [[-122.46386108, 37.80185028], [-122.46391486, 37.80186066]]}}, {"type": "Feature", "properties": {"weight": "light", "source": "R-10434.2"}, "geometry": {"type": "LineString", "coordinates": [[-122.46391486, 37.80186066], [-122.4639695, 37.80187102]]}}, {"type": "Feature", "properties": {"weight": "light", "source": "R-10434.2"}, "geometry": {"type": "LineString", "coordinates": [[-122.46398782, 37.8018747], [-122.46404188, 37.80188485]]}}, {"type": "Feature", "properties": {"weight": "light", "source": "R-10434.2"}, "geometry": {"type": "LineString", "coordinates": [[-122.46404188, 37.80188485], [-122.46409625, 37.80189545]]}}, {"type": "Feature", "properties": {"weight": "light", "source": "R-10434.2"}, "geometry": {"type": "LineString", "coordinates": [[-122.46411485, 37.80189889], [-122.46416863, 37.80190927]]}}, {"type": "Feature", "properties": {"weight": "light", "source": "R-10434.2"}, "geometry": {"type": "LineString", "coordinates": [[-122.46416863, 37.80190927], [-122.464223, 37.80191987]]}}, {"type": "Feature", "properties": {"weight": "light", "source": "R-10434.2"}, "geometry": {"type": "LineString", "coordinates": [[-122.4642416, 37.80192331], [-122.46429566, 37.80193369]]}}, {"type": "Feature", "properties": {"weight": "light", "source": "R-10434.2"}, "geometry": {"type": "LineString", "coordinates": [[-122.46429566, 37.80193369], [-122.46435002, 37.80194405]]}}, {"type": "Feature", "properties": {"weight": "light", "source": "R-10434.2"}, "geometry": {"type": "LineString", "coordinates": [[-122.46436863, 37.80194773], [-122.46442241, 37.80195811]]}}, {"type": "Feature", "properties": {"weight": "light", "source": "R-10434.2"}, "geometry": {"type": "LineString", "coordinates": [[-122.46442241, 37.80195811], [-122.46447677, 37.80196848]]}}, {"type": "Feature", "properties": {"weight": "light", "source": "R-10434.2"}, "geometry": {"type": "LineString", "coordinates": [[-122.46449538, 37.80197215], [-122.46454915, 37.8019823]]}}, {"type": "Feature", "properties": {"weight": "light", "source": "R-10434.2"}, "geometry": {"type": "LineString", "coordinates": [[-122.46454915, 37.8019823], [-122.46460352, 37.8019929]]}}, {"type": "Feature", "properties": {"weight": "light", "source": "R-10434.2"}, "geometry": {"type": "LineString", "coordinates": [[-122.46462212, 37.80199634], [-122.46467618, 37.80200672]]}}, {"type": "Feature", "properties": {"weight": "light", "source": "R-10434.2"}, "geometry": {"type": "LineString", "coordinates": [[-122.46467618, 37.80200672], [-122.46473054, 37.80201709]]}}, {"type": "Feature", "properties": {"weight": "light", "source": "R-10434.2"}, "geometry": {"type": "LineString", "coordinates": [[-122.46474915, 37.80202076], [-122.46480293, 37.80203114]]}}, {"type": "Feature", "properties": {"weight": "light", "source": "R-10434.2"}, "geometry": {"type": "LineString", "coordinates": [[-122.46480293, 37.80203114], [-122.46485729, 37.80204151]]}}, {"type": "Feature", "properties": {"weight": "light", "source": "R-10434.2"}, "geometry": {"type": "LineString", "coordinates": [[-122.4648759, 37.80204518], [-122.46492968, 37.80205556]]}}, {"type": "Feature", "properties": {"weight": "light", "source": "R-10434.2"}, "geometry": {"type": "LineString", "coordinates": [[-122.46492968, 37.80205556], [-122.46498433, 37.80206592]]}}, {"type": "Feature", "properties": {"weight": "light", "source": "R-10434.2"}, "geometry": {"type": "LineString", "coordinates": [[-122.46500264, 37.80206937], [-122.46505671, 37.80207975]]}}, {"type": "Feature", "properties": {"weight": "light", "source": "R-10434.2"}, "geometry": {"type": "LineString", "coordinates": [[-122.46505671, 37.80207975], [-122.46511107, 37.80209035]]}}, {"type": "Feature", "properties": {"weight": "light", "source": "R-10434.2"}, "geometry": {"type": "LineString", "coordinates": [[-122.46512967, 37.80209379], [-122.46518345, 37.80210417]]}}, {"type": "Feature", "properties": {"weight": "light", "source": "R-10434.2"}, "geometry": {"type": "LineString", "coordinates": [[-122.46518345, 37.80210417], [-122.46523781, 37.80211454]]}}, {"type": "Feature", "properties": {"weight": "light", "source": "R-10434.2"}, "geometry": {"type": "LineString", "coordinates": [[-122.46525642, 37.80211821], [-122.4653102, 37.80212859]]}}, {"type": "Feature", "properties": {"weight": "light", "source": "R-10434.2"}, "geometry": {"type": "LineString", "coordinates": [[-122.4653102, 37.80212859], [-122.46536485, 37.80213895]]}}, {"type": "Feature", "properties": {"weight": "light", "source": "R-10434.2"}, "geometry": {"type": "LineString", "coordinates": [[-122.46538317, 37.80214263], [-122.46543724, 37.80215301]]}}, {"type": "Feature", "properties": {"weight": "light", "source": "R-10434.2"}, "geometry": {"type": "LineString", "coordinates": [[-122.46543724, 37.80215301], [-122.46549159, 37.80216337]]}}, {"type": "Feature", "properties": {"weight": "light", "source": "R-10434.2"}, "geometry": {"type": "LineString", "coordinates": [[-122.46551019, 37.80216682], [-122.46556397, 37.8021772]]}}, {"type": "Feature", "properties": {"weight": "light", "source": "R-10434.2"}, "geometry": {"type": "LineString", "coordinates": [[-122.46556397, 37.8021772], [-122.46561834, 37.8021878]]}}, {"type": "Feature", "properties": {"weight": "light", "source": "R-10434.2"}, "geometry": {"type": "LineString", "coordinates": [[-122.46563694, 37.80219124], [-122.46569101, 37.80220161]]}}, {"type": "Feature", "properties": {"weight": "light", "source": "R-10434.2"}, "geometry": {"type": "LineString", "coordinates": [[-122.46569101, 37.80220161], [-122.46574537, 37.80221198]]}}, {"type": "Feature", "properties": {"weight": "light", "source": "R-10434.2"}, "geometry": {"type": "LineString", "coordinates": [[-122.46576369, 37.80221566], [-122.46581776, 37.80222604]]}}, {"type": "Feature", "properties": {"weight": "light", "source": "R-10434.2"}, "geometry": {"type": "LineString", "coordinates": [[-122.46581776, 37.80222604], [-122.46587212, 37.8022364]]}}, {"type": "Feature", "properties": {"weight": "light", "source": "R-10434.2"}, "geometry": {"type": "LineString", "coordinates": [[-122.46589072, 37.80224008], [-122.46594451, 37.80225046]]}}, {"type": "Feature", "properties": {"weight": "light", "source": "R-10434.2"}, "geometry": {"type": "LineString", "coordinates": [[-122.46594451, 37.80225046], [-122.46599886, 37.80226082]]}}, {"type": "Feature", "properties": {"weight": "light", "source": "R-10434.2"}, "geometry": {"type": "LineString", "coordinates": [[-122.46601746, 37.80226427], [-122.46607153, 37.80227464]]}}, {"type": "Feature", "properties": {"weight": "light", "source": "R-10434.2"}, "geometry": {"type": "LineString", "coordinates": [[-122.46607153, 37.80227464], [-122.4661259, 37.80228524]]}}, {"type": "Feature", "properties": {"weight": "light", "source": "R-10434.2"}, "geometry": {"type": "LineString", "coordinates": [[-122.4661445, 37.80228868], [-122.46619828, 37.80229906]]}}, {"type": "Feature", "properties": {"weight": "light", "source": "R-10434.2"}, "geometry": {"type": "LineString", "coordinates": [[-122.46619828, 37.80229906], [-122.46625264, 37.80230943]]}}, {"type": "Feature", "properties": {"weight": "light", "source": "R-10434.2"}, "geometry": {"type": "LineString", "coordinates": [[-122.46627125, 37.8023131], [-122.46632503, 37.80232348]]}}, {"type": "Feature", "properties": {"weight": "light", "source": "R-10434.2"}, "geometry": {"type": "LineString", "coordinates": [[-122.46632503, 37.80232348], [-122.46637939, 37.80233385]]}}, {"type": "Feature", "properties": {"weight": "light", "source": "R-10434.2"}, "geometry": {"type": "LineString", "coordinates": [[-122.466398, 37.80233752], [-122.46645206, 37.80234767]]}}, {"type": "Feature", "properties": {"weight": "light", "source": "R-10434.2"}, "geometry": {"type": "LineString", "coordinates": [[-122.46645206, 37.80234767], [-122.46650642, 37.80235826]]}}, {"type": "Feature", "properties": {"weight": "light", "source": "R-10434.2"}, "geometry": {"type": "LineString", "coordinates": [[-122.46652502, 37.80236171], [-122.46657881, 37.80237209]]}}, {"type": "Feature", "properties": {"weight": "light", "source": "R-10434.2"}, "geometry": {"type": "LineString", "coordinates": [[-122.46657881, 37.80237209], [-122.46663317, 37.80238268]]}}, {"type": "Feature", "properties": {"weight": "light", "source": "R-10434.2"}, "geometry": {"type": "LineString", "coordinates": [[-122.46665177, 37.80238613], [-122.46670555, 37.80239651]]}}, {"type": "Feature", "properties": {"weight": "light", "source": "R-10434.2"}, "geometry": {"type": "LineString", "coordinates": [[-122.46670555, 37.80239651], [-122.4667602, 37.80240687]]}}, {"type": "Feature", "properties": {"weight": "light", "source": "R-10434.2"}, "geometry": {"type": "LineString", "coordinates": [[-122.46677852, 37.80241055], [-122.46683259, 37.80242092]]}}, {"type": "Feature", "properties": {"weight": "light", "source": "R-10434.2"}, "geometry": {"type": "LineString", "coordinates": [[-122.46683259, 37.80242092], [-122.46688695, 37.80243129]]}}, {"type": "Feature", "properties": {"weight": "light", "source": "R-10434.2"}, "geometry": {"type": "LineString", "coordinates": [[-122.46690556, 37.80243496], [-122.46695933, 37.80244511]]}}, {"type": "Feature", "properties": {"weight": "light", "source": "R-10434.2"}, "geometry": {"type": "LineString", "coordinates": [[-122.46695933, 37.80244511], [-122.4670137, 37.80245571]]}}, {"type": "Feature", "properties": {"weight": "light", "source": "R-10434.2"}, "geometry": {"type": "LineString", "coordinates": [[-122.4670323, 37.80245915], [-122.46708608, 37.80246953]]}}, {"type": "Feature", "properties": {"weight": "light", "source": "R-10434.2"}, "geometry": {"type": "LineString", "coordinates": [[-122.46708608, 37.80246953], [-122.46714073, 37.80248012]]}}, {"type": "Feature", "properties": {"weight": "light", "source": "R-10434.2"}, "geometry": {"type": "LineString", "coordinates": [[-122.46715905, 37.80248357], [-122.46721312, 37.80249394]]}}, {"type": "Feature", "properties": {"weight": "light", "source": "R-10434.2"}, "geometry": {"type": "LineString", "coordinates": [[-122.46721312, 37.80249394], [-122.46726747, 37.80250431]]}}, {"type": "Feature", "properties": {"weight": "light", "source": "R-10434.2"}, "geometry": {"type": "LineString", "coordinates": [[-122.46728608, 37.80250798], [-122.46733986, 37.80251836]]}}, {"type": "Feature", "properties": {"weight": "light", "source": "R-10434.2"}, "geometry": {"type": "LineString", "coordinates": [[-122.46733986, 37.80251836], [-122.46739422, 37.80252873]]}}, {"type": "Feature", "properties": {"weight": "light", "source": "R-10434.2"}, "geometry": {"type": "LineString", "coordinates": [[-122.46741283, 37.8025324], [-122.46746689, 37.80254255]]}}, {"type": "Feature", "properties": {"weight": "light", "source": "R-10434.2"}, "geometry": {"type": "LineString", "coordinates": [[-122.46746689, 37.80254255], [-122.46752126, 37.80255314]]}}, {"type": "Feature", "properties": {"weight": "light", "source": "R-10434.2"}, "geometry": {"type": "LineString", "coordinates": [[-122.46753986, 37.80255659], [-122.46759364, 37.80256697]]}}, {"type": "Feature", "properties": {"weight": "light", "source": "R-10434.2"}, "geometry": {"type": "LineString", "coordinates": [[-122.46759364, 37.80256697], [-122.46764801, 37.80257756]]}}, {"type": "Feature", "properties": {"weight": "light", "source": "R-10434.2"}, "geometry": {"type": "LineString", "coordinates": [[-122.46766661, 37.80258101], [-122.46772039, 37.80259139]]}}, {"type": "Feature", "properties": {"weight": "light", "source": "R-10434.2"}, "geometry": {"type": "LineString", "coordinates": [[-122.46772039, 37.80259139], [-122.46777475, 37.80260175]]}}, {"type": "Feature", "properties": {"weight": "light", "source": "R-10434.2"}, "geometry": {"type": "LineString", "coordinates": [[-122.46779336, 37.80260542], [-122.46784743, 37.8026158]]}}, {"type": "Feature", "properties": {"weight": "light", "source": "R-10434.2"}, "geometry": {"type": "LineString", "coordinates": [[-122.46784743, 37.8026158], [-122.46790179, 37.80262616]]}}, {"type": "Feature", "properties": {"weight": "light", "source": "R-10434.2"}, "geometry": {"type": "LineString", "coordinates": [[-122.46792039, 37.80262961], [-122.46797417, 37.80263999]]}}, {"type": "Feature", "properties": {"weight": "light", "source": "R-10434.2"}, "geometry": {"type": "LineString", "coordinates": [[-122.46797417, 37.80263999], [-122.46802853, 37.80265058]]}}, {"type": "Feature", "properties": {"weight": "light", "source": "R-10434.2"}, "geometry": {"type": "LineString", "coordinates": [[-122.46831093, 37.80270788], [-122.46828182, 37.80270149]]}}, {"type": "Feature", "properties": {"weight": "light", "source": "R-10434.2"}, "geometry": {"type": "LineString", "coordinates": [[-122.46828182, 37.80270149], [-122.46825797, 37.80269657]]}}, {"type": "Feature", "properties": {"weight": "light", "source": "R-10434.2"}, "geometry": {"type": "LineString", "coordinates": [[-122.46825797, 37.80269657], [-122.46822772, 37.8026902]]}}, {"type": "Feature", "properties": {"weight": "light", "source": "R-10434.2"}, "geometry": {"type": "LineString", "coordinates": [[-122.4682094, 37.80268652], [-122.46815559, 37.80267545]]}}, {"type": "Feature", "properties": {"weight": "light", "source": "R-10434.2"}, "geometry": {"type": "LineString", "coordinates": [[-122.46815559, 37.80267545], [-122.4681521, 37.80267462]]}}, {"type": "Feature", "properties": {"weight": "light", "source": "R-10434.2"}, "geometry": {"type": "LineString", "coordinates": [[-122.4681521, 37.80267462], [-122.46810121, 37.80266463]]}}, {"type": "Feature", "properties": {"weight": "light", "source": "R-10434.2"}, "geometry": {"type": "LineString", "coordinates": [[-122.46666367, 37.80236523], [-122.46665678, 37.80235853]]}}, {"type": "Feature", "properties": {"weight": "light", "source": "R-10434.2"}, "geometry": {"type": "LineString", "coordinates": [[-122.46665678, 37.80235853], [-122.4666529, 37.80235519]]}}, {"type": "Feature", "properties": {"weight": "light", "source": "R-10434.2"}, "geometry": {"type": "LineString", "coordinates": [[-122.4666529, 37.80235519], [-122.46664931, 37.80235184]]}}, {"type": "Feature", "properties": {"weight": "light", "source": "R-10434.2"}, "geometry": {"type": "LineString", "coordinates": [[-122.46664931, 37.80235184], [-122.46664516, 37.80234897]]}}, {"type": "Feature", "properties": {"weight": "light", "source": "R-10434.2"}, "geometry": {"type": "LineString", "coordinates": [[-122.46664516, 37.80234897], [-122.46664101, 37.80234609]]}}, {"type": "Feature", "properties": {"weight": "light", "source": "R-10434.2"}, "geometry": {"type": "LineString", "coordinates": [[-122.46664101, 37.80234609], [-122.46663658, 37.80234368]]}}, {"type": "Feature", "properties": {"weight": "light", "source": "R-10434.2"}, "geometry": {"type": "LineString", "coordinates": [[-122.46663658, 37.80234368], [-122.46663216, 37.80234127]]}}, {"type": "Feature", "properties": {"weight": "light", "source": "R-10434.2"}, "geometry": {"type": "LineString", "coordinates": [[-122.46663216, 37.80234127], [-122.46662746, 37.80233909]]}}, {"type": "Feature", "properties": {"weight": "light", "source": "R-10434.2"}, "geometry": {"type": "LineString", "coordinates": [[-122.46662746, 37.80233909], [-122.46662248, 37.80233715]]}}, {"type": "Feature", "properties": {"weight": "light", "source": "R-10434.2"}, "geometry": {"type": "LineString", "coordinates": [[-122.46662248, 37.80233715], [-122.46661751, 37.80233544]]}}, {"type": "Feature", "properties": {"weight": "light", "source": "R-10434.2"}, "geometry": {"type": "LineString", "coordinates": [[-122.46661751, 37.80233544], [-122.46661225, 37.80233373]]}}, {"type": "Feature", "properties": {"weight": "light", "source": "R-10434.2"}, "geometry": {"type": "LineString", "coordinates": [[-122.46661225, 37.80233373], [-122.46660175, 37.80233078]]}}, {"type": "Feature", "properties": {"weight": "light", "source": "R-10434.2"}, "geometry": {"type": "LineString", "coordinates": [[-122.46660175, 37.80233078], [-122.46659096, 37.80232783]]}}, {"type": "Feature", "properties": {"weight": "light", "source": "R-10434.2"}, "geometry": {"type": "LineString", "coordinates": [[-122.46718099, 37.80255929], [-122.4671741, 37.80255258]]}}, {"type": "Feature", "properties": {"weight": "light", "source": "R-10434.2"}, "geometry": {"type": "LineString", "coordinates": [[-122.4671741, 37.80255258], [-122.46717022, 37.80254924]]}}, {"type": "Feature", "properties": {"weight": "light", "source": "R-10434.2"}, "geometry": {"type": "LineString", "coordinates": [[-122.46717022, 37.80254924], [-122.46716663, 37.80254612]]}}, {"type": "Feature", "properties": {"weight": "light", "source": "R-10434.2"}, "geometry": {"type": "LineString", "coordinates": [[-122.46716663, 37.80254612], [-122.46716248, 37.80254302]]}}, {"type": "Feature", "properties": {"weight": "light", "source": "R-10434.2"}, "geometry": {"type": "LineString", "coordinates": [[-122.46716248, 37.80254302], [-122.46715833, 37.80254014]]}}, {"type": "Feature", "properties": {"weight": "light", "source": "R-10434.2"}, "geometry": {"type": "LineString", "coordinates": [[-122.46715833, 37.80254014], [-122.46715419, 37.80253772]]}}, {"type": "Feature", "properties": {"weight": "light", "source": "R-10434.2"}, "geometry": {"type": "LineString", "coordinates": [[-122.46715419, 37.80253772], [-122.46714948, 37.80253532]]}}, {"type": "Feature", "properties": {"weight": "light", "source": "R-10434.2"}, "geometry": {"type": "LineString", "coordinates": [[-122.46714948, 37.80253532], [-122.46714479, 37.80253337]]}}, {"type": "Feature", "properties": {"weight": "light", "source": "R-10434.2"}, "geometry": {"type": "LineString", "coordinates": [[-122.46714479, 37.80253337], [-122.46713981, 37.80253143]]}}, {"type": "Feature", "properties": {"weight": "light", "source": "R-10434.2"}, "geometry": {"type": "LineString", "coordinates": [[-122.46713981, 37.80253143], [-122.46713483, 37.80252949]]}}, {"type": "Feature", "properties": {"weight": "light", "source": "R-10434.2"}, "geometry": {"type": "LineString", "coordinates": [[-122.46713483, 37.80252949], [-122.46712957, 37.80252778]]}}, {"type": "Feature", "properties": {"weight": "light", "source": "R-10434.2"}, "geometry": {"type": "LineString", "coordinates": [[-122.46712957, 37.80252778], [-122.46711907, 37.80252483]]}}, {"type": "Feature", "properties": {"weight": "light", "source": "R-10434.2"}, "geometry": {"type": "LineString", "coordinates": [[-122.46711907, 37.80252483], [-122.46710828, 37.80252189]]}}, {"type": "Feature", "properties": {"weight": "light", "source": "R-10434.2"}, "geometry": {"type": "LineString", "coordinates": [[-122.45827356, 37.80237599], [-122.45827906, 37.80236899]]}}, {"type": "Feature", "properties": {"weight": "light", "source": "R-10434.2"}, "geometry": {"type": "LineString", "coordinates": [[-122.45827906, 37.80236899], [-122.45828181, 37.80236549]]}}, {"type": "Feature", "properties": {"weight": "light", "source": "R-10434.2"}, "geometry": {"type": "LineString", "coordinates": [[-122.45828181, 37.80236549], [-122.45828428, 37.802362]]}}, {"type": "Feature", "properties": {"weight": "light", "source": "R-10434.2"}, "geometry": {"type": "LineString", "coordinates": [[-122.45828428, 37.802362], [-122.45828673, 37.80235828]]}}, {"type": "Feature", "properties": {"weight": "light", "source": "R-10434.2"}, "geometry": {"type": "LineString", "coordinates": [[-122.45828673, 37.80235828], [-122.4582889, 37.80235456]]}}, {"type": "Feature", "properties": {"weight": "light", "source": "R-10434.2"}, "geometry": {"type": "LineString", "coordinates": [[-122.4582889, 37.80235456], [-122.45829078, 37.80235085]]}}, {"type": "Feature", "properties": {"weight": "light", "source": "R-10434.2"}, "geometry": {"type": "LineString", "coordinates": [[-122.45829078, 37.80235085], [-122.45829236, 37.80234692]]}}, {"type": "Feature", "properties": {"weight": "light", "source": "R-10434.2"}, "geometry": {"type": "LineString", "coordinates": [[-122.45829236, 37.80234692], [-122.45829365, 37.802343]]}}, {"type": "Feature", "properties": {"weight": "light", "source": "R-10434.2"}, "geometry": {"type": "LineString", "coordinates": [[-122.45829365, 37.802343], [-122.45829494, 37.80233885]]}}, {"type": "Feature", "properties": {"weight": "light", "source": "R-10434.2"}, "geometry": {"type": "LineString", "coordinates": [[-122.45829494, 37.80233885], [-122.45829663, 37.80233033]]}}, {"type": "Feature", "properties": {"weight": "light", "source": "R-10434.2"}, "geometry": {"type": "LineString", "coordinates": [[-122.45829663, 37.80233033], [-122.45829804, 37.80232183]]}}, {"type": "Feature", "properties": {"weight": "light", "source": "R-10434.2"}, "geometry": {"type": "LineString", "coordinates": [[-122.45829804, 37.80232183], [-122.45829875, 37.80231769]]}}, {"type": "Feature", "properties": {"weight": "light", "source": "R-10434.2"}, "geometry": {"type": "LineString", "coordinates": [[-122.45829875, 37.80231769], [-122.45829975, 37.80231377]]}}, {"type": "Feature", "properties": {"weight": "light", "source": "R-10434.2"}, "geometry": {"type": "LineString", "coordinates": [[-122.45829975, 37.80231377], [-122.45830104, 37.80230985]]}}, {"type": "Feature", "properties": {"weight": "light", "source": "R-10434.2"}, "geometry": {"type": "LineString", "coordinates": [[-122.45830104, 37.80230985], [-122.45830235, 37.80230616]]}}, {"type": "Feature", "properties": {"weight": "light", "source": "R-10434.2"}, "geometry": {"type": "LineString", "coordinates": [[-122.45830235, 37.80230616], [-122.45830422, 37.80230245]]}}, {"type": "Feature", "properties": {"weight": "light", "source": "R-10434.2"}, "geometry": {"type": "LineString", "coordinates": [[-122.45830422, 37.80230245], [-122.45830532, 37.80230082]]}}, {"type": "Feature", "properties": {"weight": "light", "source": "R-10434.2"}, "geometry": {"type": "LineString", "coordinates": [[-122.45830532, 37.80230082], [-122.45830641, 37.80229919]]}}, {"type": "Feature", "properties": {"weight": "light", "source": "R-10434.2"}, "geometry": {"type": "LineString", "coordinates": [[-122.45830641, 37.80229919], [-122.45830779, 37.80229755]]}}, {"type": "Feature", "properties": {"weight": "light", "source": "R-10434.2"}, "geometry": {"type": "LineString", "coordinates": [[-122.45830779, 37.80229755], [-122.45830918, 37.80229615]]}}, {"type": "Feature", "properties": {"weight": "light", "source": "R-10434.2"}, "geometry": {"type": "LineString", "coordinates": [[-122.45830918, 37.80229615], [-122.45831225, 37.80229332]]}}, {"type": "Feature", "properties": {"weight": "light", "source": "R-10434.2"}, "geometry": {"type": "LineString", "coordinates": [[-122.45831225, 37.80229332], [-122.4583159, 37.80229072]]}}, {"type": "Feature", "properties": {"weight": "light", "source": "R-10434.2"}, "geometry": {"type": "LineString", "coordinates": [[-122.4583159, 37.80229072], [-122.45831956, 37.80228834]]}}, {"type": "Feature", "properties": {"weight": "light", "source": "R-10434.2"}, "geometry": {"type": "LineString", "coordinates": [[-122.45831956, 37.80228834], [-122.4583238, 37.80228618]]}}, {"type": "Feature", "properties": {"weight": "light", "source": "R-10434.2"}, "geometry": {"type": "LineString", "coordinates": [[-122.4583238, 37.80228618], [-122.45832835, 37.80228424]]}}, {"type": "Feature", "properties": {"weight": "light", "source": "R-10434.2"}, "geometry": {"type": "LineString", "coordinates": [[-122.45832835, 37.80228424], [-122.45833318, 37.80228229]]}}, {"type": "Feature", "properties": {"weight": "light", "source": "R-10434.2"}, "geometry": {"type": "LineString", "coordinates": [[-122.45833318, 37.80228229], [-122.4583383, 37.80228056]]}}, {"type": "Feature", "properties": {"weight": "light", "source": "R-10434.2"}, "geometry": {"type": "LineString", "coordinates": [[-122.4583383, 37.80228056], [-122.45834343, 37.80227884]]}}, {"type": "Feature", "properties": {"weight": "light", "source": "R-10434.2"}, "geometry": {"type": "LineString", "coordinates": [[-122.45834343, 37.80227884], [-122.45834857, 37.80227734]]}}, {"type": "Feature", "properties": {"weight": "light", "source": "R-10434.2"}, "geometry": {"type": "LineString", "coordinates": [[-122.45834857, 37.80227734], [-122.45835942, 37.80227433]]}}, {"type": "Feature", "properties": {"weight": "light", "source": "R-10434.2"}, "geometry": {"type": "LineString", "coordinates": [[-122.46819957, 37.80288183], [-122.46819504, 37.80287667]]}}, {"type": "Feature", "properties": {"weight": "light", "source": "R-10434.2"}, "geometry": {"type": "LineString", "coordinates": [[-122.46819504, 37.80287667], [-122.46819051, 37.80287152]]}}, {"type": "Feature", "properties": {"weight": "light", "source": "R-10434.2"}, "geometry": {"type": "LineString", "coordinates": [[-122.46819051, 37.80287152], [-122.46818628, 37.80286635]]}}, {"type": "Feature", "properties": {"weight": "light", "source": "R-10434.2"}, "geometry": {"type": "LineString", "coordinates": [[-122.46818628, 37.80286635], [-122.46818232, 37.80286095]]}}, {"type": "Feature", "properties": {"weight": "light", "source": "R-10434.2"}, "geometry": {"type": "LineString", "coordinates": [[-122.46818232, 37.80286095], [-122.46818076, 37.80285801]]}}, {"type": "Feature", "properties": {"weight": "light", "source": "R-10434.2"}, "geometry": {"type": "LineString", "coordinates": [[-122.46818076, 37.80285801], [-122.46817893, 37.80285531]]}}, {"type": "Feature", "properties": {"weight": "light", "source": "R-10434.2"}, "geometry": {"type": "LineString", "coordinates": [[-122.46817893, 37.80285531], [-122.46817766, 37.80285236]]}}, {"type": "Feature", "properties": {"weight": "light", "source": "R-10434.2"}, "geometry": {"type": "LineString", "coordinates": [[-122.46817766, 37.80285236], [-122.46817639, 37.80284942]]}}, {"type": "Feature", "properties": {"weight": "light", "source": "R-10434.2"}, "geometry": {"type": "LineString", "coordinates": [[-122.46817639, 37.80284942], [-122.46817513, 37.80284647]]}}, {"type": "Feature", "properties": {"weight": "light", "source": "R-10434.2"}, "geometry": {"type": "LineString", "coordinates": [[-122.46817513, 37.80284647], [-122.46817415, 37.80284352]]}}, {"type": "Feature", "properties": {"weight": "light", "source": "R-10434.2"}, "geometry": {"type": "LineString", "coordinates": [[-122.46817415, 37.80284352], [-122.46817345, 37.80284033]]}}, {"type": "Feature", "properties": {"weight": "light", "source": "R-10434.2"}, "geometry": {"type": "LineString", "coordinates": [[-122.46817345, 37.80284033], [-122.46817275, 37.80283714]]}}, {"type": "Feature", "properties": {"weight": "light", "source": "R-10434.2"}, "geometry": {"type": "LineString", "coordinates": [[-122.46817275, 37.80283714], [-122.46817234, 37.80283395]]}}, {"type": "Feature", "properties": {"weight": "light", "source": "R-10434.2"}, "geometry": {"type": "LineString", "coordinates": [[-122.46817234, 37.80283395], [-122.46817192, 37.80283052]]}}, {"type": "Feature", "properties": {"weight": "light", "source": "R-10434.2"}, "geometry": {"type": "LineString", "coordinates": [[-122.46817192, 37.80283052], [-122.46817138, 37.8028239]]}}, {"type": "Feature", "properties": {"weight": "light", "source": "R-10434.2"}, "geometry": {"type": "LineString", "coordinates": [[-122.46817138, 37.8028239], [-122.46817141, 37.80281726]]}}, {"type": "Feature", "properties": {"weight": "light", "source": "R-10434.2"}, "geometry": {"type": "LineString", "coordinates": [[-122.46817141, 37.80281726], [-122.46817144, 37.80281039]]}}, {"type": "Feature", "properties": {"weight": "light", "source": "R-10434.2"}, "geometry": {"type": "LineString", "coordinates": [[-122.46817144, 37.80281039], [-122.46817235, 37.80279663]]}}, {"type": "Feature", "properties": {"weight": "light", "source": "R-10434.2"}, "geometry": {"type": "LineString", "coordinates": [[-122.46817235, 37.80279663], [-122.46817267, 37.80278998]]}}, {"type": "Feature", "properties": {"weight": "light", "source": "R-10434.2"}, "geometry": {"type": "LineString", "coordinates": [[-122.46817267, 37.80278998], [-122.468173, 37.80278333]]}}, {"type": "Feature", "properties": {"weight": "light", "source": "R-10434.2"}, "geometry": {"type": "LineString", "coordinates": [[-122.468173, 37.80278333], [-122.46817303, 37.80277669]]}}, {"type": "Feature", "properties": {"weight": "light", "source": "R-10434.2"}, "geometry": {"type": "LineString", "coordinates": [[-122.46817303, 37.80277669], [-122.46817279, 37.80277028]]}}, {"type": "Feature", "properties": {"weight": "light", "source": "R-10434.2"}, "geometry": {"type": "LineString", "coordinates": [[-122.46817279, 37.80277028], [-122.46817238, 37.80276732]]}}, {"type": "Feature", "properties": {"weight": "light", "source": "R-10434.2"}, "geometry": {"type": "LineString", "coordinates": [[-122.46817238, 37.80276732], [-122.46817198, 37.80276435]]}}, {"type": "Feature", "properties": {"weight": "light", "source": "R-10434.2"}, "geometry": {"type": "LineString", "coordinates": [[-122.46817198, 37.80276435], [-122.46817158, 37.80276138]]}}, {"type": "Feature", "properties": {"weight": "light", "source": "R-10434.2"}, "geometry": {"type": "LineString", "coordinates": [[-122.46817158, 37.80276138], [-122.46817089, 37.80275842]]}}, {"type": "Feature", "properties": {"weight": "light", "source": "R-10434.2"}, "geometry": {"type": "LineString", "coordinates": [[-122.46817089, 37.80275842], [-122.46817021, 37.80275569]]}}, {"type": "Feature", "properties": {"weight": "light", "source": "R-10434.2"}, "geometry": {"type": "LineString", "coordinates": [[-122.46817021, 37.80275569], [-122.46816924, 37.80275297]]}}, {"type": "Feature", "properties": {"weight": "light", "source": "R-10434.2"}, "geometry": {"type": "LineString", "coordinates": [[-122.46816924, 37.80275297], [-122.46816827, 37.80275024]]}}, {"type": "Feature", "properties": {"weight": "light", "source": "R-10434.2"}, "geometry": {"type": "LineString", "coordinates": [[-122.46816827, 37.80275024], [-122.46816702, 37.80274776]]}}, {"type": "Feature", "properties": {"weight": "light", "source": "R-10434.2"}, "geometry": {"type": "LineString", "coordinates": [[-122.46816702, 37.80274776], [-122.46816548, 37.80274528]]}}, {"type": "Feature", "properties": {"weight": "light", "source": "R-10434.2"}, "geometry": {"type": "LineString", "coordinates": [[-122.46816548, 37.80274528], [-122.46816395, 37.80274302]]}}, {"type": "Feature", "properties": {"weight": "light", "source": "R-10434.2"}, "geometry": {"type": "LineString", "coordinates": [[-122.46816395, 37.80274302], [-122.46816184, 37.80274078]]}}, {"type": "Feature", "properties": {"weight": "light", "source": "R-10434.2"}, "geometry": {"type": "LineString", "coordinates": [[-122.46816184, 37.80274078], [-122.46815974, 37.80273854]]}}, {"type": "Feature", "properties": {"weight": "light", "source": "R-10434.2"}, "geometry": {"type": "LineString", "coordinates": [[-122.46815974, 37.80273854], [-122.46815764, 37.80273653]]}}, {"type": "Feature", "properties": {"weight": "light", "source": "R-10434.2"}, "geometry": {"type": "LineString", "coordinates": [[-122.46815764, 37.80273653], [-122.46815498, 37.80273477]]}}, {"type": "Feature", "properties": {"weight": "light", "source": "R-10434.2"}, "geometry": {"type": "LineString", "coordinates": [[-122.46815498, 37.80273477], [-122.46815231, 37.802733]]}}, {"type": "Feature", "properties": {"weight": "light", "source": "R-10434.2"}, "geometry": {"type": "LineString", "coordinates": [[-122.46815231, 37.802733], [-122.46814936, 37.80273124]]}}, {"type": "Feature", "properties": {"weight": "light", "source": "R-10434.2"}, "geometry": {"type": "LineString", "coordinates": [[-122.46814936, 37.80273124], [-122.46814613, 37.80272971]]}}, {"type": "Feature", "properties": {"weight": "light", "source": "R-10434.2"}, "geometry": {"type": "LineString", "coordinates": [[-122.46814613, 37.80272971], [-122.46814289, 37.80272819]]}}, {"type": "Feature", "properties": {"weight": "light", "source": "R-10434.2"}, "geometry": {"type": "LineString", "coordinates": [[-122.46814289, 37.80272819], [-122.46813937, 37.80272667]]}}, {"type": "Feature", "properties": {"weight": "light", "source": "R-10434.2"}, "geometry": {"type": "LineString", "coordinates": [[-122.46813937, 37.80272667], [-122.46813586, 37.80272538]]}}, {"type": "Feature", "properties": {"weight": "light", "source": "R-10434.2"}, "geometry": {"type": "LineString", "coordinates": [[-122.46813586, 37.80272538], [-122.46812826, 37.80272282]]}}, {"type": "Feature", "properties": {"weight": "light", "source": "R-10434.2"}, "geometry": {"type": "LineString", "coordinates": [[-122.46812826, 37.80272282], [-122.46812038, 37.80272049]]}}, {"type": "Feature", "properties": {"weight": "light", "source": "R-10434.2"}, "geometry": {"type": "LineString", "coordinates": [[-122.46812038, 37.80272049], [-122.4681125, 37.80271816]]}}, {"type": "Feature", "properties": {"weight": "light", "source": "R-10434.2"}, "geometry": {"type": "LineString", "coordinates": [[-122.4681125, 37.80271816], [-122.46810433, 37.80271584]]}}, {"type": "Feature", "properties": {"weight": "light", "source": "R-10434.2"}, "geometry": {"type": "LineString", "coordinates": [[-122.46409159, 37.80212063], [-122.4641632, 37.80223498]]}}, {"type": "Feature", "properties": {"weight": "light", "source": "R-10434.2"}, "geometry": {"type": "LineString", "coordinates": [[-122.46086889, 37.80313899], [-122.46084335, 37.80311992]]}}, {"type": "Feature", "properties": {"weight": "light", "source": "R-10434.2"}, "geometry": {"type": "LineString", "coordinates": [[-122.46084335, 37.80311992], [-122.46085049, 37.80329169]]}}, {"type": "Feature", "properties": {"weight": "light", "source": "R-10434.2"}, "geometry": {"type": "LineString", "coordinates": [[-122.46085049, 37.80329169], [-122.46087485, 37.80330988]]}}, {"type": "Feature", "properties": {"weight": "light", "source": "R-10434.2"}, "geometry": {"type": "LineString", "coordinates": [[-122.46088861, 37.80369283], [-122.46090465, 37.80350081]]}}, {"type": "Feature", "properties": {"weight": "light", "source": "R-10434.2"}, "geometry": {"type": "LineString", "coordinates": [[-122.46090465, 37.80350081], [-122.46088257, 37.80351965]]}}, {"type": "Feature", "properties": {"weight": "light", "source": "R-10434.2"}, "geometry": {"type": "LineString", "coordinates": [[-122.46087485, 37.80330988], [-122.46087705, 37.80336753]]}}, {"type": "Feature", "properties": {"weight": "light", "source": "R-10434.2"}, "geometry": {"type": "LineString", "coordinates": [[-122.46088011, 37.80345515], [-122.46088257, 37.80351965]]}}, {"type": "Feature", "properties": {"weight": "light", "source": "R-10434.2"}, "geometry": {"type": "LineString", "coordinates": [[-122.46085794, 37.80350193], [-122.46088257, 37.80351965]]}}, {"type": "Feature", "properties": {"weight": "light", "source": "R-10434.2"}, "geometry": {"type": "LineString", "coordinates": [[-122.46088257, 37.80351965], [-122.46088861, 37.80369283]]}}, {"type": "Feature", "properties": {"weight": "light", "source": "R-10434.2"}, "geometry": {"type": "LineString", "coordinates": [[-122.46088861, 37.80369283], [-122.46085794, 37.80350193]]}}, {"type": "Feature", "properties": {"weight": "light", "source": "R-10434.2"}, "geometry": {"type": "LineString", "coordinates": [[-122.46088861, 37.80369283], [-122.46086094, 37.80351995]]}}, {"type": "Feature", "properties": {"weight": "light", "source": "R-10434.2"}, "geometry": {"type": "LineString", "coordinates": [[-122.46086094, 37.80351995], [-122.46088257, 37.80351965]]}}, {"type": "Feature", "properties": {"weight": "light", "source": "R-10434.2"}, "geometry": {"type": "LineString", "coordinates": [[-122.46088257, 37.80351965], [-122.46088861, 37.80369283]]}}, {"type": "Feature", "properties": {"weight": "light", "source": "R-10434.2"}, "geometry": {"type": "LineString", "coordinates": [[-122.46086094, 37.80351995], [-122.46088257, 37.80351965]]}}, {"type": "Feature", "properties": {"weight": "light", "source": "R-10434.2"}, "geometry": {"type": "LineString", "coordinates": [[-122.46088257, 37.80351965], [-122.46085794, 37.80350193]]}}, {"type": "Feature", "properties": {"weight": "light", "source": "R-10434.2"}, "geometry": {"type": "LineString", "coordinates": [[-122.46085794, 37.80350193], [-122.46086094, 37.80351995]]}}, {"type": "Feature", "properties": {"weight": "light", "source": "R-10434.2"}, "geometry": {"type": "LineString", "coordinates": [[-122.46089719, 37.80329057], [-122.46089167, 37.80313845]]}}, {"type": "Feature", "properties": {"weight": "light", "source": "R-10434.2"}, "geometry": {"type": "LineString", "coordinates": [[-122.46089167, 37.80313845], [-122.46086889, 37.80313899]]}}, {"type": "Feature", "properties": {"weight": "light", "source": "R-10434.2"}, "geometry": {"type": "LineString", "coordinates": [[-122.46086889, 37.80313899], [-122.46089719, 37.80329057]]}}, {"type": "Feature", "properties": {"weight": "light", "source": "R-10434.2"}, "geometry": {"type": "LineString", "coordinates": [[-122.46089167, 37.80313845], [-122.46086889, 37.80313899]]}}, {"type": "Feature", "properties": {"weight": "light", "source": "R-10434.2"}, "geometry": {"type": "LineString", "coordinates": [[-122.46086889, 37.80313899], [-122.46089092, 37.80311877]]}}, {"type": "Feature", "properties": {"weight": "light", "source": "R-10434.2"}, "geometry": {"type": "LineString", "coordinates": [[-122.46089092, 37.80311877], [-122.46089167, 37.80313845]]}}, {"type": "Feature", "properties": {"weight": "light", "source": "R-10434.2"}, "geometry": {"type": "LineString", "coordinates": [[-122.46089719, 37.80329057], [-122.46087413, 37.80329113]]}}, {"type": "Feature", "properties": {"weight": "light", "source": "R-10434.2"}, "geometry": {"type": "LineString", "coordinates": [[-122.46087413, 37.80329113], [-122.46086889, 37.80313899]]}}, {"type": "Feature", "properties": {"weight": "light", "source": "R-10434.2"}, "geometry": {"type": "LineString", "coordinates": [[-122.46086889, 37.80313899], [-122.46089719, 37.80329057]]}}, {"type": "Feature", "properties": {"weight": "light", "source": "R-10434.2"}, "geometry": {"type": "LineString", "coordinates": [[-122.46092422, 37.80344653], [-122.4609248, 37.80344674]]}}, {"type": "Feature", "properties": {"weight": "light", "source": "R-10434.2"}, "geometry": {"type": "LineString", "coordinates": [[-122.4609248, 37.80344674], [-122.46087117, 37.80344781]]}}, {"type": "Feature", "properties": {"weight": "light", "source": "R-10434.2"}, "geometry": {"type": "LineString", "coordinates": [[-122.46087117, 37.80344781], [-122.4608804, 37.80343247]]}}, {"type": "Feature", "properties": {"weight": "light", "source": "R-10434.2"}, "geometry": {"type": "LineString", "coordinates": [[-122.4608804, 37.80343247], [-122.4609173, 37.80343159]]}}, {"type": "Feature", "properties": {"weight": "light", "source": "R-10434.2"}, "geometry": {"type": "LineString", "coordinates": [[-122.4609173, 37.80343159], [-122.4609327, 37.8034042]]}}, {"type": "Feature", "properties": {"weight": "light", "source": "R-10434.2"}, "geometry": {"type": "LineString", "coordinates": [[-122.4609327, 37.8034042], [-122.46089464, 37.80340488]]}}, {"type": "Feature", "properties": {"weight": "light", "source": "R-10434.2"}, "geometry": {"type": "LineString", "coordinates": [[-122.46087144, 37.80344734], [-122.46092738, 37.80344623]]}}, {"type": "Feature", "properties": {"weight": "light", "source": "R-10434.2"}, "geometry": {"type": "LineString", "coordinates": [[-122.46092738, 37.80344623], [-122.46087199, 37.80344664]]}}, {"type": "Feature", "properties": {"weight": "light", "source": "R-10434.2"}, "geometry": {"type": "LineString", "coordinates": [[-122.46087199, 37.80344664], [-122.46087144, 37.80344734]]}}, {"type": "Feature", "properties": {"weight": "light", "source": "R-10434.2"}, "geometry": {"type": "LineString", "coordinates": [[-122.46092738, 37.80344623], [-122.46087199, 37.80344664]]}}, {"type": "Feature", "properties": {"weight": "light", "source": "R-10434.2"}, "geometry": {"type": "LineString", "coordinates": [[-122.46087199, 37.80344664], [-122.46093024, 37.80344547]]}}, {"type": "Feature", "properties": {"weight": "light", "source": "R-10434.2"}, "geometry": {"type": "LineString", "coordinates": [[-122.46093024, 37.80344547], [-122.46092738, 37.80344623]]}}, {"type": "Feature", "properties": {"weight": "light", "source": "R-10434.2"}, "geometry": {"type": "LineString", "coordinates": [[-122.46087199, 37.80344664], [-122.46093024, 37.80344547]]}}, {"type": "Feature", "properties": {"weight": "light", "source": "R-10434.2"}, "geometry": {"type": "LineString", "coordinates": [[-122.46093024, 37.80344547], [-122.46087253, 37.80344571]]}}, {"type": "Feature", "properties": {"weight": "light", "source": "R-10434.2"}, "geometry": {"type": "LineString", "coordinates": [[-122.46087253, 37.80344571], [-122.46087199, 37.80344664]]}}, {"type": "Feature", "properties": {"weight": "light", "source": "R-10434.2"}, "geometry": {"type": "LineString", "coordinates": [[-122.46093024, 37.80344547], [-122.46087253, 37.80344571]]}}, {"type": "Feature", "properties": {"weight": "light", "source": "R-10434.2"}, "geometry": {"type": "LineString", "coordinates": [[-122.46087253, 37.80344571], [-122.46093308, 37.80344426]]}}, {"type": "Feature", "properties": {"weight": "light", "source": "R-10434.2"}, "geometry": {"type": "LineString", "coordinates": [[-122.46093308, 37.80344426], [-122.46093024, 37.80344547]]}}, {"type": "Feature", "properties": {"weight": "light", "source": "R-10434.2"}, "geometry": {"type": "LineString", "coordinates": [[-122.46087253, 37.80344571], [-122.46093308, 37.80344426]]}}, {"type": "Feature", "properties": {"weight": "light", "source": "R-10434.2"}, "geometry": {"type": "LineString", "coordinates": [[-122.46093308, 37.80344426], [-122.46087363, 37.80344408]]}}, {"type": "Feature", "properties": {"weight": "light", "source": "R-10434.2"}, "geometry": {"type": "LineString", "coordinates": [[-122.46087363, 37.80344408], [-122.46087253, 37.80344571]]}}, {"type": "Feature", "properties": {"weight": "light", "source": "R-10434.2"}, "geometry": {"type": "LineString", "coordinates": [[-122.46093308, 37.80344426], [-122.46087363, 37.80344408]]}}, {"type": "Feature", "properties": {"weight": "light", "source": "R-10434.2"}, "geometry": {"type": "LineString", "coordinates": [[-122.46087363, 37.80344408], [-122.46093561, 37.80344259]]}}, {"type": "Feature", "properties": {"weight": "light", "source": "R-10434.2"}, "geometry": {"type": "LineString", "coordinates": [[-122.46093561, 37.80344259], [-122.46093308, 37.80344426]]}}, {"type": "Feature", "properties": {"weight": "light", "source": "R-10434.2"}, "geometry": {"type": "LineString", "coordinates": [[-122.46087363, 37.80344408], [-122.46093561, 37.80344259]]}}, {"type": "Feature", "properties": {"weight": "light", "source": "R-10434.2"}, "geometry": {"type": "LineString", "coordinates": [[-122.46093561, 37.80344259], [-122.46087471, 37.80344223]]}}, {"type": "Feature", "properties": {"weight": "light", "source": "R-10434.2"}, "geometry": {"type": "LineString", "coordinates": [[-122.46087471, 37.80344223], [-122.46087363, 37.80344408]]}}, {"type": "Feature", "properties": {"weight": "light", "source": "R-10434.2"}, "geometry": {"type": "LineString", "coordinates": [[-122.46093561, 37.80344259], [-122.46087471, 37.80344223]]}}, {"type": "Feature", "properties": {"weight": "light", "source": "R-10434.2"}, "geometry": {"type": "LineString", "coordinates": [[-122.46087471, 37.80344223], [-122.46093756, 37.80344071]]}}, {"type": "Feature", "properties": {"weight": "light", "source": "R-10434.2"}, "geometry": {"type": "LineString", "coordinates": [[-122.46093756, 37.80344071], [-122.46093561, 37.80344259]]}}, {"type": "Feature", "properties": {"weight": "light", "source": "R-10434.2"}, "geometry": {"type": "LineString", "coordinates": [[-122.46087471, 37.80344223], [-122.46093756, 37.80344071]]}}, {"type": "Feature", "properties": {"weight": "light", "source": "R-10434.2"}, "geometry": {"type": "LineString", "coordinates": [[-122.46093756, 37.80344071], [-122.46087577, 37.80343991]]}}, {"type": "Feature", "properties": {"weight": "light", "source": "R-10434.2"}, "geometry": {"type": "LineString", "coordinates": [[-122.46087577, 37.80343991], [-122.46087471, 37.80344223]]}}, {"type": "Feature", "properties": {"weight": "light", "source": "R-10434.2"}, "geometry": {"type": "LineString", "coordinates": [[-122.46093756, 37.80344071], [-122.46087577, 37.80343991]]}}, {"type": "Feature", "properties": {"weight": "light", "source": "R-10434.2"}, "geometry": {"type": "LineString", "coordinates": [[-122.46087577, 37.80343991], [-122.46093921, 37.80343861]]}}, {"type": "Feature", "properties": {"weight": "light", "source": "R-10434.2"}, "geometry": {"type": "LineString", "coordinates": [[-122.46093921, 37.80343861], [-122.46093756, 37.80344071]]}}, {"type": "Feature", "properties": {"weight": "light", "source": "R-10434.2"}, "geometry": {"type": "LineString", "coordinates": [[-122.46087577, 37.80343991], [-122.46093979, 37.8034386]]}}, {"type": "Feature", "properties": {"weight": "light", "source": "R-10434.2"}, "geometry": {"type": "LineString", "coordinates": [[-122.46093979, 37.8034386], [-122.4608804, 37.80343247]]}}, {"type": "Feature", "properties": {"weight": "light", "source": "R-10434.2"}, "geometry": {"type": "LineString", "coordinates": [[-122.4608804, 37.80343247], [-122.46087577, 37.80343991]]}}, {"type": "Feature", "properties": {"weight": "light", "source": "R-10434.2"}, "geometry": {"type": "LineString", "coordinates": [[-122.46093979, 37.8034386], [-122.4608804, 37.80343247]]}}, {"type": "Feature", "properties": {"weight": "light", "source": "R-10434.2"}, "geometry": {"type": "LineString", "coordinates": [[-122.4608804, 37.80343247], [-122.46094412, 37.80343117]]}}, {"type": "Feature", "properties": {"weight": "light", "source": "R-10434.2"}, "geometry": {"type": "LineString", "coordinates": [[-122.46094412, 37.80343117], [-122.46093979, 37.8034386]]}}, {"type": "Feature", "properties": {"weight": "light", "source": "R-10434.2"}, "geometry": {"type": "LineString", "coordinates": [[-122.46089464, 37.80340488], [-122.46096038, 37.80340353]]}}, {"type": "Feature", "properties": {"weight": "light", "source": "R-10434.2"}, "geometry": {"type": "LineString", "coordinates": [[-122.46096038, 37.80340353], [-122.46089463, 37.80340466]]}}, {"type": "Feature", "properties": {"weight": "light", "source": "R-10434.2"}, "geometry": {"type": "LineString", "coordinates": [[-122.46089463, 37.80340466], [-122.46089464, 37.80340488]]}}, {"type": "Feature", "properties": {"weight": "light", "source": "R-10434.2"}, "geometry": {"type": "LineString", "coordinates": [[-122.46096038, 37.80340353], [-122.46089463, 37.80340466]]}}, {"type": "Feature", "properties": {"weight": "light", "source": "R-10434.2"}, "geometry": {"type": "LineString", "coordinates": [[-122.46089463, 37.80340466], [-122.46095979, 37.80340332]]}}, {"type": "Feature", "properties": {"weight": "light", "source": "R-10434.2"}, "geometry": {"type": "LineString", "coordinates": [[-122.46095979, 37.80340332], [-122.46096038, 37.80340353]]}}, {"type": "Feature", "properties": {"weight": "light", "source": "R-10434.2"}, "geometry": {"type": "LineString", "coordinates": [[-122.46089463, 37.80340466], [-122.46095979, 37.80340332]]}}, {"type": "Feature", "properties": {"weight": "light", "source": "R-10434.2"}, "geometry": {"type": "LineString", "coordinates": [[-122.46095979, 37.80340332], [-122.46089573, 37.80340326]]}}, {"type": "Feature", "properties": {"weight": "light", "source": "R-10434.2"}, "geometry": {"type": "LineString", "coordinates": [[-122.46089573, 37.80340326], [-122.46089463, 37.80340466]]}}, {"type": "Feature", "properties": {"weight": "light", "source": "R-10434.2"}, "geometry": {"type": "LineString", "coordinates": [[-122.46095979, 37.80340332], [-122.46089573, 37.80340326]]}}, {"type": "Feature", "properties": {"weight": "light", "source": "R-10434.2"}, "geometry": {"type": "LineString", "coordinates": [[-122.46089573, 37.80340326], [-122.46096088, 37.80340169]]}}, {"type": "Feature", "properties": {"weight": "light", "source": "R-10434.2"}, "geometry": {"type": "LineString", "coordinates": [[-122.46096088, 37.80340169], [-122.46095979, 37.80340332]]}}, {"type": "Feature", "properties": {"weight": "light", "source": "R-10434.2"}, "geometry": {"type": "LineString", "coordinates": [[-122.46089573, 37.80340326], [-122.46096088, 37.80340169]]}}, {"type": "Feature", "properties": {"weight": "light", "source": "R-10434.2"}, "geometry": {"type": "LineString", "coordinates": [[-122.46096088, 37.80340169], [-122.46089652, 37.8034014]]}}, {"type": "Feature", "properties": {"weight": "light", "source": "R-10434.2"}, "geometry": {"type": "LineString", "coordinates": [[-122.46089652, 37.8034014], [-122.46089573, 37.80340326]]}}, {"type": "Feature", "properties": {"weight": "light", "source": "R-10434.2"}, "geometry": {"type": "LineString", "coordinates": [[-122.46096088, 37.80340169], [-122.46089652, 37.8034014]]}}, {"type": "Feature", "properties": {"weight": "light", "source": "R-10434.2"}, "geometry": {"type": "LineString", "coordinates": [[-122.46089652, 37.8034014], [-122.46096168, 37.80339984]]}}, {"type": "Feature", "properties": {"weight": "light", "source": "R-10434.2"}, "geometry": {"type": "LineString", "coordinates": [[-122.46096168, 37.80339984], [-122.46096088, 37.80340169]]}}, {"type": "Feature", "properties": {"weight": "light", "source": "R-10434.2"}, "geometry": {"type": "LineString", "coordinates": [[-122.46089652, 37.8034014], [-122.46096168, 37.80339984]]}}, {"type": "Feature", "properties": {"weight": "light", "source": "R-10434.2"}, "geometry": {"type": "LineString", "coordinates": [[-122.46096168, 37.80339984], [-122.46089761, 37.80339955]]}}, {"type": "Feature", "properties": {"weight": "light", "source": "R-10434.2"}, "geometry": {"type": "LineString", "coordinates": [[-122.46089761, 37.80339955], [-122.46089652, 37.8034014]]}}, {"type": "Feature", "properties": {"weight": "light", "source": "R-10434.2"}, "geometry": {"type": "LineString", "coordinates": [[-122.46096168, 37.80339984], [-122.46089761, 37.80339955]]}}, {"type": "Feature", "properties": {"weight": "light", "source": "R-10434.2"}, "geometry": {"type": "LineString", "coordinates": [[-122.46089761, 37.80339955], [-122.46096191, 37.80339823]]}}, {"type": "Feature", "properties": {"weight": "light", "source": "R-10434.2"}, "geometry": {"type": "LineString", "coordinates": [[-122.46096191, 37.80339823], [-122.46096168, 37.80339984]]}}, {"type": "Feature", "properties": {"weight": "light", "source": "R-10434.2"}, "geometry": {"type": "LineString", "coordinates": [[-122.46089761, 37.80339955], [-122.46096191, 37.80339823]]}}, {"type": "Feature", "properties": {"weight": "light", "source": "R-10434.2"}, "geometry": {"type": "LineString", "coordinates": [[-122.46096191, 37.80339823], [-122.46089869, 37.80339769]]}}, {"type": "Feature", "properties": {"weight": "light", "source": "R-10434.2"}, "geometry": {"type": "LineString", "coordinates": [[-122.46089869, 37.80339769], [-122.46089761, 37.80339955]]}}, {"type": "Feature", "properties": {"weight": "light", "source": "R-10434.2"}, "geometry": {"type": "LineString", "coordinates": [[-122.46096191, 37.80339823], [-122.46089869, 37.80339769]]}}, {"type": "Feature", "properties": {"weight": "light", "source": "R-10434.2"}, "geometry": {"type": "LineString", "coordinates": [[-122.46089869, 37.80339769], [-122.46096155, 37.80339641]]}}, {"type": "Feature", "properties": {"weight": "light", "source": "R-10434.2"}, "geometry": {"type": "LineString", "coordinates": [[-122.46096155, 37.80339641], [-122.46096191, 37.80339823]]}}, {"type": "Feature", "properties": {"weight": "light", "source": "R-10434.2"}, "geometry": {"type": "LineString", "coordinates": [[-122.46089869, 37.80339769], [-122.46096155, 37.80339641]]}}, {"type": "Feature", "properties": {"weight": "light", "source": "R-10434.2"}, "geometry": {"type": "LineString", "coordinates": [[-122.46096155, 37.80339641], [-122.46089978, 37.80339606]]}}, {"type": "Feature", "properties": {"weight": "light", "source": "R-10434.2"}, "geometry": {"type": "LineString", "coordinates": [[-122.46089978, 37.80339606], [-122.46089869, 37.80339769]]}}, {"type": "Feature", "properties": {"weight": "light", "source": "R-10434.2"}, "geometry": {"type": "LineString", "coordinates": [[-122.46096155, 37.80339641], [-122.46089978, 37.80339606]]}}, {"type": "Feature", "properties": {"weight": "light", "source": "R-10434.2"}, "geometry": {"type": "LineString", "coordinates": [[-122.46089978, 37.80339606], [-122.4609609, 37.80339459]]}}, {"type": "Feature", "properties": {"weight": "light", "source": "R-10434.2"}, "geometry": {"type": "LineString", "coordinates": [[-122.4609609, 37.80339459], [-122.46096155, 37.80339641]]}}, {"type": "Feature", "properties": {"weight": "light", "source": "R-10434.2"}, "geometry": {"type": "LineString", "coordinates": [[-122.46089978, 37.80339606], [-122.4609609, 37.80339459]]}}, {"type": "Feature", "properties": {"weight": "light", "source": "R-10434.2"}, "geometry": {"type": "LineString", "coordinates": [[-122.4609609, 37.80339459], [-122.46090087, 37.80339443]]}}, {"type": "Feature", "properties": {"weight": "light", "source": "R-10434.2"}, "geometry": {"type": "LineString", "coordinates": [[-122.46090087, 37.80339443], [-122.46089978, 37.80339606]]}}, {"type": "Feature", "properties": {"weight": "light", "source": "R-10434.2"}, "geometry": {"type": "LineString", "coordinates": [[-122.4609609, 37.80339459], [-122.46090087, 37.80339443]]}}, {"type": "Feature", "properties": {"weight": "light", "source": "R-10434.2"}, "geometry": {"type": "LineString", "coordinates": [[-122.46090087, 37.80339443], [-122.46095998, 37.80339301]]}}, {"type": "Feature", "properties": {"weight": "light", "source": "R-10434.2"}, "geometry": {"type": "LineString", "coordinates": [[-122.46095998, 37.80339301], [-122.4609609, 37.80339459]]}}, {"type": "Feature", "properties": {"weight": "light", "source": "R-10434.2"}, "geometry": {"type": "LineString", "coordinates": [[-122.46090087, 37.80339443], [-122.46095998, 37.80339301]]}}, {"type": "Feature", "properties": {"weight": "light", "source": "R-10434.2"}, "geometry": {"type": "LineString", "coordinates": [[-122.46095998, 37.80339301], [-122.46090168, 37.80339281]]}}, {"type": "Feature", "properties": {"weight": "light", "source": "R-10434.2"}, "geometry": {"type": "LineString", "coordinates": [[-122.46090168, 37.80339281], [-122.46090087, 37.80339443]]}}, {"type": "Feature", "properties": {"weight": "light", "source": "R-10434.2"}, "geometry": {"type": "LineString", "coordinates": [[-122.46095998, 37.80339301], [-122.46090168, 37.80339281]]}}, {"type": "Feature", "properties": {"weight": "light", "source": "R-10434.2"}, "geometry": {"type": "LineString", "coordinates": [[-122.46090168, 37.80339281], [-122.46095877, 37.80339166]]}}, {"type": "Feature", "properties": {"weight": "light", "source": "R-10434.2"}, "geometry": {"type": "LineString", "coordinates": [[-122.46095877, 37.80339166], [-122.46095998, 37.80339301]]}}, {"type": "Feature", "properties": {"weight": "light", "source": "R-10434.2"}, "geometry": {"type": "LineString", "coordinates": [[-122.46083311, 37.80344872], [-122.46086166, 37.80344803]]}}, {"type": "Feature", "properties": {"weight": "light", "source": "R-10434.2"}, "geometry": {"type": "LineString", "coordinates": [[-122.46086166, 37.80344803], [-122.4608733, 37.80342806]]}}, {"type": "Feature", "properties": {"weight": "light", "source": "R-10434.2"}, "geometry": {"type": "LineString", "coordinates": [[-122.4608733, 37.80342806], [-122.46091165, 37.80342737]]}}, {"type": "Feature", "properties": {"weight": "light", "source": "R-10434.2"}, "geometry": {"type": "LineString", "coordinates": [[-122.46091165, 37.80342737], [-122.46092058, 37.80341182]]}}, {"type": "Feature", "properties": {"weight": "light", "source": "R-10434.2"}, "geometry": {"type": "LineString", "coordinates": [[-122.46092058, 37.80341182], [-122.46088137, 37.80341276]]}}, {"type": "Feature", "properties": {"weight": "light", "source": "R-10434.2"}, "geometry": {"type": "LineString", "coordinates": [[-122.46088137, 37.80341276], [-122.46089683, 37.80338674]]}}, {"type": "Feature", "properties": {"weight": "light", "source": "R-10434.2"}, "geometry": {"type": "LineString", "coordinates": [[-122.46089683, 37.80338674], [-122.46089627, 37.80338721]]}}, {"type": "Feature", "properties": {"weight": "light", "source": "R-10434.2"}, "geometry": {"type": "LineString", "coordinates": [[-122.46083498, 37.80338434], [-122.46083556, 37.80338432]]}}, {"type": "Feature", "properties": {"weight": "light", "source": "R-10434.2"}, "geometry": {"type": "LineString", "coordinates": [[-122.46083556, 37.80338432], [-122.460824, 37.80340658]]}}, {"type": "Feature", "properties": {"weight": "light", "source": "R-10434.2"}, "geometry": {"type": "LineString", "coordinates": [[-122.460824, 37.80340658], [-122.46085081, 37.80340594]]}}, {"type": "Feature", "properties": {"weight": "light", "source": "R-10434.2"}, "geometry": {"type": "LineString", "coordinates": [[-122.46085081, 37.80340594], [-122.46085975, 37.80339061]]}}, {"type": "Feature", "properties": {"weight": "light", "source": "R-10434.2"}, "geometry": {"type": "LineString", "coordinates": [[-122.46085975, 37.80339061], [-122.46086926, 37.80339038]]}}, {"type": "Feature", "properties": {"weight": "light", "source": "R-10434.2"}, "geometry": {"type": "LineString", "coordinates": [[-122.46086926, 37.80339038], [-122.46085571, 37.80341338]]}}, {"type": "Feature", "properties": {"weight": "light", "source": "R-10434.2"}, "geometry": {"type": "LineString", "coordinates": [[-122.46085571, 37.80341338], [-122.46081766, 37.80341429]]}}, {"type": "Feature", "properties": {"weight": "light", "source": "R-10434.2"}, "geometry": {"type": "LineString", "coordinates": [[-122.46081766, 37.80341429], [-122.46081045, 37.80342958]]}}, {"type": "Feature", "properties": {"weight": "light", "source": "R-10434.2"}, "geometry": {"type": "LineString", "coordinates": [[-122.46081045, 37.80342958], [-122.46084476, 37.80342875]]}}, {"type": "Feature", "properties": {"weight": "light", "source": "R-10434.2"}, "geometry": {"type": "LineString", "coordinates": [[-122.46084476, 37.80342875], [-122.46083311, 37.80344872]]}}, {"type": "Feature", "properties": {"weight": "light", "source": "R-10434.2"}, "geometry": {"type": "LineString", "coordinates": [[-122.46081045, 37.80342958], [-122.46091165, 37.80342737]]}}, {"type": "Feature", "properties": {"weight": "light", "source": "R-10434.2"}, "geometry": {"type": "LineString", "coordinates": [[-122.46091165, 37.80342737], [-122.46081766, 37.80341429]]}}, {"type": "Feature", "properties": {"weight": "light", "source": "R-10434.2"}, "geometry": {"type": "LineString", "coordinates": [[-122.46081766, 37.80341429], [-122.46081045, 37.80342958]]}}, {"type": "Feature", "properties": {"weight": "light", "source": "R-10434.2"}, "geometry": {"type": "LineString", "coordinates": [[-122.46091165, 37.80342737], [-122.46081766, 37.80341429]]}}, {"type": "Feature", "properties": {"weight": "light", "source": "R-10434.2"}, "geometry": {"type": "LineString", "coordinates": [[-122.46081766, 37.80341429], [-122.46092058, 37.80341182]]}}, {"type": "Feature", "properties": {"weight": "light", "source": "R-10434.2"}, "geometry": {"type": "LineString", "coordinates": [[-122.46092058, 37.80341182], [-122.46091165, 37.80342737]]}}, {"type": "Feature", "properties": {"weight": "light", "source": "R-10434.2"}, "geometry": {"type": "LineString", "coordinates": [[-122.46083207, 37.80339128], [-122.46089492, 37.80338977]]}}, {"type": "Feature", "properties": {"weight": "light", "source": "R-10434.2"}, "geometry": {"type": "LineString", "coordinates": [[-122.46089492, 37.80338977], [-122.46083342, 37.80338873]]}}, {"type": "Feature", "properties": {"weight": "light", "source": "R-10434.2"}, "geometry": {"type": "LineString", "coordinates": [[-122.46083342, 37.80338873], [-122.46083207, 37.80339128]]}}, {"type": "Feature", "properties": {"weight": "light", "source": "R-10434.2"}, "geometry": {"type": "LineString", "coordinates": [[-122.46089492, 37.80338977], [-122.46083342, 37.80338873]]}}, {"type": "Feature", "properties": {"weight": "light", "source": "R-10434.2"}, "geometry": {"type": "LineString", "coordinates": [[-122.46083342, 37.80338873], [-122.46089627, 37.80338721]]}}, {"type": "Feature", "properties": {"weight": "light", "source": "R-10434.2"}, "geometry": {"type": "LineString", "coordinates": [[-122.46089627, 37.80338721], [-122.46089492, 37.80338977]]}}, {"type": "Feature", "properties": {"weight": "light", "source": "R-10434.2"}, "geometry": {"type": "LineString", "coordinates": [[-122.46083342, 37.80338873], [-122.46089627, 37.80338721]]}}, {"type": "Feature", "properties": {"weight": "light", "source": "R-10434.2"}, "geometry": {"type": "LineString", "coordinates": [[-122.46089627, 37.80338721], [-122.46083394, 37.80338734]]}}, {"type": "Feature", "properties": {"weight": "light", "source": "R-10434.2"}, "geometry": {"type": "LineString", "coordinates": [[-122.46083394, 37.80338734], [-122.46083342, 37.80338873]]}}, {"type": "Feature", "properties": {"weight": "light", "source": "R-10434.2"}, "geometry": {"type": "LineString", "coordinates": [[-122.46089627, 37.80338721], [-122.46083394, 37.80338734]]}}, {"type": "Feature", "properties": {"weight": "light", "source": "R-10434.2"}, "geometry": {"type": "LineString", "coordinates": [[-122.46083394, 37.80338734], [-122.46089708, 37.80338582]]}}, {"type": "Feature", "properties": {"weight": "light", "source": "R-10434.2"}, "geometry": {"type": "LineString", "coordinates": [[-122.46089708, 37.80338582], [-122.46089627, 37.80338721]]}}, {"type": "Feature", "properties": {"weight": "light", "source": "R-10434.2"}, "geometry": {"type": "LineString", "coordinates": [[-122.46083394, 37.80338734], [-122.46089708, 37.80338582]]}}, {"type": "Feature", "properties": {"weight": "light", "source": "R-10434.2"}, "geometry": {"type": "LineString", "coordinates": [[-122.46089708, 37.80338582], [-122.46083475, 37.80338572]]}}, {"type": "Feature", "properties": {"weight": "light", "source": "R-10434.2"}, "geometry": {"type": "LineString", "coordinates": [[-122.46083475, 37.80338572], [-122.46083394, 37.80338734]]}}, {"type": "Feature", "properties": {"weight": "light", "source": "R-10434.2"}, "geometry": {"type": "LineString", "coordinates": [[-122.46089708, 37.80338582], [-122.46083475, 37.80338572]]}}, {"type": "Feature", "properties": {"weight": "light", "source": "R-10434.2"}, "geometry": {"type": "LineString", "coordinates": [[-122.46083475, 37.80338572], [-122.4608976, 37.80338421]]}}, {"type": "Feature", "properties": {"weight": "light", "source": "R-10434.2"}, "geometry": {"type": "LineString", "coordinates": [[-122.4608976, 37.80338421], [-122.46089708, 37.80338582]]}}, {"type": "Feature", "properties": {"weight": "light", "source": "R-10434.2"}, "geometry": {"type": "LineString", "coordinates": [[-122.46083475, 37.80338572], [-122.4608976, 37.80338421]]}}, {"type": "Feature", "properties": {"weight": "light", "source": "R-10434.2"}, "geometry": {"type": "LineString", "coordinates": [[-122.4608976, 37.80338421], [-122.46083556, 37.80338432]]}}, {"type": "Feature", "properties": {"weight": "light", "source": "R-10434.2"}, "geometry": {"type": "LineString", "coordinates": [[-122.46083556, 37.80338432], [-122.46083475, 37.80338572]]}}, {"type": "Feature", "properties": {"weight": "light", "source": "R-10434.2"}, "geometry": {"type": "LineString", "coordinates": [[-122.4608976, 37.80338421], [-122.46083556, 37.80338432]]}}, {"type": "Feature", "properties": {"weight": "light", "source": "R-10434.2"}, "geometry": {"type": "LineString", "coordinates": [[-122.46083556, 37.80338432], [-122.46089754, 37.80338283]]}}, {"type": "Feature", "properties": {"weight": "light", "source": "R-10434.2"}, "geometry": {"type": "LineString", "coordinates": [[-122.46089754, 37.80338283], [-122.4608976, 37.80338421]]}}, {"type": "Feature", "properties": {"weight": "light", "source": "R-10434.2"}, "geometry": {"type": "LineString", "coordinates": [[-122.46083498, 37.80338434], [-122.46083498, 37.80338434]]}}, {"type": "Feature", "properties": {"weight": "light", "source": "R-10434.2"}, "geometry": {"type": "LineString", "coordinates": [[-122.46083498, 37.80338434], [-122.46089754, 37.80338283]]}}, {"type": "Feature", "properties": {"weight": "light", "source": "R-10434.2"}, "geometry": {"type": "LineString", "coordinates": [[-122.46089754, 37.80338283], [-122.46083498, 37.80338434]]}}, {"type": "Feature", "properties": {"weight": "light", "source": "R-10434.2"}, "geometry": {"type": "LineString", "coordinates": [[-122.46083498, 37.80338434], [-122.46089754, 37.80338283]]}}, {"type": "Feature", "properties": {"weight": "light", "source": "R-10434.2"}, "geometry": {"type": "LineString", "coordinates": [[-122.46089754, 37.80338283], [-122.46083556, 37.80338432]]}}, {"type": "Feature", "properties": {"weight": "light", "source": "R-10434.2"}, "geometry": {"type": "LineString", "coordinates": [[-122.46083556, 37.80338432], [-122.46083498, 37.80338434]]}}, {"type": "Feature", "properties": {"weight": "light", "source": "R-10434.2"}, "geometry": {"type": "LineString", "coordinates": [[-122.46083526, 37.8033841], [-122.46083526, 37.8033841]]}}, {"type": "Feature", "properties": {"weight": "light", "source": "R-10434.2"}, "geometry": {"type": "LineString", "coordinates": [[-122.46083526, 37.8033841], [-122.46089754, 37.80338283]]}}, {"type": "Feature", "properties": {"weight": "light", "source": "R-10434.2"}, "geometry": {"type": "LineString", "coordinates": [[-122.46089754, 37.80338283], [-122.46083526, 37.8033841]]}}, {"type": "Feature", "properties": {"weight": "light", "source": "R-10434.2"}, "geometry": {"type": "LineString", "coordinates": [[-122.46083526, 37.8033841], [-122.46089754, 37.80338283]]}}, {"type": "Feature", "properties": {"weight": "light", "source": "R-10434.2"}, "geometry": {"type": "LineString", "coordinates": [[-122.46089754, 37.80338283], [-122.46083498, 37.80338434]]}}, {"type": "Feature", "properties": {"weight": "light", "source": "R-10434.2"}, "geometry": {"type": "LineString", "coordinates": [[-122.46083498, 37.80338434], [-122.46083526, 37.8033841]]}}, {"type": "Feature", "properties": {"weight": "light", "source": "R-10434.2"}, "geometry": {"type": "LineString", "coordinates": [[-122.46083526, 37.8033841], [-122.46089754, 37.80338283]]}}, {"type": "Feature", "properties": {"weight": "light", "source": "R-10434.2"}, "geometry": {"type": "LineString", "coordinates": [[-122.46089754, 37.80338283], [-122.46083636, 37.80338247]]}}, {"type": "Feature", "properties": {"weight": "light", "source": "R-10434.2"}, "geometry": {"type": "LineString", "coordinates": [[-122.46083636, 37.80338247], [-122.46083526, 37.8033841]]}}, {"type": "Feature", "properties": {"weight": "light", "source": "R-10434.2"}, "geometry": {"type": "LineString", "coordinates": [[-122.46089754, 37.80338283], [-122.46083636, 37.80338247]]}}, {"type": "Feature", "properties": {"weight": "light", "source": "R-10434.2"}, "geometry": {"type": "LineString", "coordinates": [[-122.46083636, 37.80338247], [-122.46089748, 37.80338123]]}}, {"type": "Feature", "properties": {"weight": "light", "source": "R-10434.2"}, "geometry": {"type": "LineString", "coordinates": [[-122.46089748, 37.80338123], [-122.46089754, 37.80338283]]}}, {"type": "Feature", "properties": {"weight": "light", "source": "R-10434.2"}, "geometry": {"type": "LineString", "coordinates": [[-122.46083636, 37.80338247], [-122.46089748, 37.80338123]]}}, {"type": "Feature", "properties": {"weight": "light", "source": "R-10434.2"}, "geometry": {"type": "LineString", "coordinates": [[-122.46089748, 37.80338123], [-122.46083691, 37.80338177]]}}, {"type": "Feature", "properties": {"weight": "light", "source": "R-10434.2"}, "geometry": {"type": "LineString", "coordinates": [[-122.46083691, 37.80338177], [-122.46083636, 37.80338247]]}}, {"type": "Feature", "properties": {"weight": "light", "source": "R-10434.2"}, "geometry": {"type": "LineString", "coordinates": [[-122.46089748, 37.80338123], [-122.46083691, 37.80338177]]}}, {"type": "Feature", "properties": {"weight": "light", "source": "R-10434.2"}, "geometry": {"type": "LineString", "coordinates": [[-122.46083691, 37.80338177], [-122.46089717, 37.80338055]]}}, {"type": "Feature", "properties": {"weight": "light", "source": "R-10434.2"}, "geometry": {"type": "LineString", "coordinates": [[-122.46089717, 37.80338055], [-122.46089748, 37.80338123]]}}, {"type": "Feature", "properties": {"weight": "light", "source": "R-10434.2"}, "geometry": {"type": "LineString", "coordinates": [[-122.46083691, 37.80338177], [-122.46089717, 37.80338055]]}}, {"type": "Feature", "properties": {"weight": "light", "source": "R-10434.2"}, "geometry": {"type": "LineString", "coordinates": [[-122.46089717, 37.80338055], [-122.46083774, 37.80338107]]}}, {"type": "Feature", "properties": {"weight": "light", "source": "R-10434.2"}, "geometry": {"type": "LineString", "coordinates": [[-122.46083774, 37.80338107], [-122.46083691, 37.80338177]]}}, {"type": "Feature", "properties": {"weight": "light", "source": "R-10434.2"}, "geometry": {"type": "LineString", "coordinates": [[-122.46089717, 37.80338055], [-122.46083774, 37.80338107]]}}, {"type": "Feature", "properties": {"weight": "light", "source": "R-10434.2"}, "geometry": {"type": "LineString", "coordinates": [[-122.46083774, 37.80338107], [-122.46089656, 37.80337965]]}}, {"type": "Feature", "properties": {"weight": "light", "source": "R-10434.2"}, "geometry": {"type": "LineString", "coordinates": [[-122.46089656, 37.80337965], [-122.46089717, 37.80338055]]}}, {"type": "Feature", "properties": {"weight": "light", "source": "R-10434.2"}, "geometry": {"type": "LineString", "coordinates": [[-122.46083774, 37.80338107], [-122.46089656, 37.80337965]]}}, {"type": "Feature", "properties": {"weight": "light", "source": "R-10434.2"}, "geometry": {"type": "LineString", "coordinates": [[-122.46089656, 37.80337965], [-122.46083913, 37.80337966]]}}, {"type": "Feature", "properties": {"weight": "light", "source": "R-10434.2"}, "geometry": {"type": "LineString", "coordinates": [[-122.46083913, 37.80337966], [-122.46083774, 37.80338107]]}}, {"type": "Feature", "properties": {"weight": "light", "source": "R-10434.2"}, "geometry": {"type": "LineString", "coordinates": [[-122.46089656, 37.80337965], [-122.46083913, 37.80337966]]}}, {"type": "Feature", "properties": {"weight": "light", "source": "R-10434.2"}, "geometry": {"type": "LineString", "coordinates": [[-122.46083913, 37.80337966], [-122.46089594, 37.80337852]]}}, {"type": "Feature", "properties": {"weight": "light", "source": "R-10434.2"}, "geometry": {"type": "LineString", "coordinates": [[-122.46089594, 37.80337852], [-122.46089656, 37.80337965]]}}, {"type": "Feature", "properties": {"weight": "light", "source": "R-10434.2"}, "geometry": {"type": "LineString", "coordinates": [[-122.46779341, 37.80133354], [-122.467412, 37.80134274]]}}, {"type": "Feature", "properties": {"weight": "light", "source": "R-10434.2"}, "geometry": {"type": "LineString", "coordinates": [[-122.45854989, 37.80276614], [-122.45854282, 37.80276678], [-122.45853611, 37.80276819], [-122.45852983, 37.80277031], [-122.45852406, 37.80277309], [-122.45851887, 37.80277647], [-122.45851432, 37.80278037], [-122.45851049, 37.80278474], [-122.45850745, 37.80278953], [-122.45850528, 37.80279466], [-122.45850403, 37.80280007], [-122.45850379, 37.80280572]]}}, {"type": "Feature", "properties": {"weight": "light", "source": "R-10434.2"}, "geometry": {"type": "LineString", "coordinates": [[-122.45850379, 37.80280572], [-122.45850459, 37.80281133], [-122.45850637, 37.80281665], [-122.45850905, 37.80282163], [-122.45851255, 37.80282621], [-122.4585168, 37.80283033], [-122.45852172, 37.80283394], [-122.45852724, 37.80283697], [-122.45853326, 37.80283939], [-122.45853973, 37.80284111], [-122.45854656, 37.8028421], [-122.45855367, 37.80284229]]}}, {"type": "Feature", "properties": {"weight": "light", "source": "R-10434.2"}, "geometry": {"type": "LineString", "coordinates": [[-122.45854989, 37.80276614], [-122.45882975, 37.80275735]]}}, {"type": "Feature", "properties": {"weight": "light", "source": "R-10434.2"}, "geometry": {"type": "LineString", "coordinates": [[-122.45883324, 37.80283351], [-122.45884031, 37.80283288], [-122.45884702, 37.80283147], [-122.45885329, 37.80282934], [-122.45885907, 37.80282656], [-122.45886426, 37.80282319], [-122.45886881, 37.80281928], [-122.45887263, 37.80281491], [-122.45887567, 37.80281013], [-122.45887785, 37.802805], [-122.45887909, 37.80279958], [-122.45887934, 37.80279394]]}}, {"type": "Feature", "properties": {"weight": "light", "source": "R-10434.2"}, "geometry": {"type": "LineString", "coordinates": [[-122.45887934, 37.80279394], [-122.45887854, 37.80278833], [-122.45887676, 37.802783], [-122.45887408, 37.80277802], [-122.45887057, 37.80277344], [-122.45886632, 37.80276932], [-122.4588614, 37.80276572], [-122.45885589, 37.80276268], [-122.45884986, 37.80276027], [-122.4588434, 37.80275854], [-122.45883657, 37.80275755], [-122.45882946, 37.80275736]]}}, {"type": "Feature", "properties": {"weight": "light", "source": "R-10434.2"}, "geometry": {"type": "LineString", "coordinates": [[-122.45883352, 37.80283351], [-122.45855366, 37.80284206]]}}, {"type": "Feature", "properties": {"weight": "light", "source": "R-10434.2"}, "geometry": {"type": "LineString", "coordinates": [[-122.45796489, 37.8024616], [-122.45796538, 37.80246536], [-122.45796653, 37.80246893], [-122.45796829, 37.80247228], [-122.4579706, 37.80247536], [-122.45797341, 37.80247814], [-122.45797668, 37.80248058], [-122.45798035, 37.80248265], [-122.45798437, 37.80248429], [-122.45798868, 37.80248548], [-122.45799325, 37.80248617], [-122.45799801, 37.80248633]]}}, {"type": "Feature", "properties": {"weight": "light", "source": "R-10434.2"}, "geometry": {"type": "LineString", "coordinates": [[-122.45799801, 37.80248633], [-122.45800275, 37.80248594], [-122.45800725, 37.80248503], [-122.45801147, 37.80248364], [-122.45801536, 37.8024818], [-122.45801886, 37.80247957], [-122.45802194, 37.80247698], [-122.45802453, 37.80247407], [-122.4580266, 37.80247088], [-122.4580281, 37.80246745], [-122.45802898, 37.80246383], [-122.45802918, 37.80246006]]}}, {"type": "Feature", "properties": {"weight": "light", "source": "R-10434.2"}, "geometry": {"type": "LineString", "coordinates": [[-122.45802918, 37.80246006], [-122.45802869, 37.8024563], [-122.45802754, 37.80245272], [-122.45802578, 37.80244937], [-122.45802347, 37.80244629], [-122.45802066, 37.80244351], [-122.45801739, 37.80244107], [-122.45801372, 37.80243901], [-122.45800971, 37.80243737], [-122.45800539, 37.80243618], [-122.45800082, 37.80243548], [-122.45799606, 37.80243532]]}}, {"type": "Feature", "properties": {"weight": "light", "source": "R-10434.2"}, "geometry": {"type": "LineString", "coordinates": [[-122.45799606, 37.80243532], [-122.45799132, 37.80243571], [-122.45798682, 37.80243663], [-122.4579826, 37.80243802], [-122.45797872, 37.80243985], [-122.45797521, 37.80244209], [-122.45797214, 37.80244468], [-122.45796954, 37.80244759], [-122.45796747, 37.80245078], [-122.45796597, 37.8024542], [-122.4579651, 37.80245782], [-122.45796489, 37.8024616]]}}, {"type": "Feature", "properties": {"weight": "light", "source": "R-10434.2"}, "geometry": {"type": "LineString", "coordinates": [[-122.45989976, 37.80182094], [-122.45990025, 37.8018247], [-122.4599014, 37.80182827], [-122.45990316, 37.80183162], [-122.45990547, 37.8018347], [-122.45990828, 37.80183748], [-122.45991155, 37.80183992], [-122.45991522, 37.80184198], [-122.45991923, 37.80184362], [-122.45992355, 37.80184481], [-122.45992812, 37.80184551], [-122.45993288, 37.80184567]]}}, {"type": "Feature", "properties": {"weight": "light", "source": "R-10434.2"}, "geometry": {"type": "LineString", "coordinates": [[-122.45993288, 37.80184567], [-122.45993762, 37.80184528], [-122.45994212, 37.80184437], [-122.45994634, 37.80184297], [-122.45995022, 37.80184114], [-122.45995373, 37.80183891], [-122.4599568, 37.80183631], [-122.4599594, 37.8018334], [-122.45996147, 37.80183021], [-122.45996297, 37.80182679], [-122.45996384, 37.80182317], [-122.45996405, 37.80181939]]}}, {"type": "Feature", "properties": {"weight": "light", "source": "R-10434.2"}, "geometry": {"type": "LineString", "coordinates": [[-122.45996405, 37.80181939], [-122.45996355, 37.80181563], [-122.4599624, 37.80181206], [-122.45996065, 37.80180871], [-122.45995834, 37.80180563], [-122.45995552, 37.80180285], [-122.45995226, 37.80180041], [-122.45994859, 37.80179835], [-122.45994457, 37.8017967], [-122.45994025, 37.80179551], [-122.45993569, 37.80179482], [-122.45993093, 37.80179466]]}}, {"type": "Feature", "properties": {"weight": "light", "source": "R-10434.2"}, "geometry": {"type": "LineString", "coordinates": [[-122.45993093, 37.80179466], [-122.45992619, 37.80179505], [-122.45992169, 37.80179596], [-122.45991747, 37.80179735], [-122.45991358, 37.80179919], [-122.45991008, 37.80180142], [-122.459907, 37.80180401], [-122.45990441, 37.80180692], [-122.45990233, 37.80181011], [-122.45990084, 37.80181354], [-122.45989996, 37.80181716], [-122.45989976, 37.80182094]]}}, {"type": "Feature", "properties": {"weight": "light", "source": "R-10434.2"}, "geometry": {"type": "LineString", "coordinates": [[-122.46290156, 37.80163767], [-122.46290206, 37.80164143], [-122.46290321, 37.801645], [-122.46290496, 37.80164835], [-122.46290727, 37.80165143], [-122.46291009, 37.80165421], [-122.46291336, 37.80165665], [-122.46291702, 37.80165871], [-122.46292104, 37.80166035], [-122.46292536, 37.80166154], [-122.46292992, 37.80166224], [-122.46293468, 37.8016624]]}}, {"type": "Feature", "properties": {"weight": "light", "source": "R-10434.2"}, "geometry": {"type": "LineString", "coordinates": [[-122.46293468, 37.8016624], [-122.46293942, 37.80166201], [-122.46294393, 37.80166109], [-122.46294814, 37.8016597], [-122.46295203, 37.80165787], [-122.46295553, 37.80165563], [-122.46295861, 37.80165304], [-122.46296121, 37.80165013], [-122.46296328, 37.80164694], [-122.46296477, 37.80164352], [-122.46296565, 37.8016399], [-122.46296585, 37.80163612]]}}, {"type": "Feature", "properties": {"weight": "light", "source": "R-10434.2"}, "geometry": {"type": "LineString", "coordinates": [[-122.46296585, 37.80163612], [-122.46296536, 37.80163236], [-122.46296421, 37.80162878], [-122.46296245, 37.80162544], [-122.46296014, 37.80162236], [-122.46295733, 37.80161957], [-122.46295406, 37.80161714], [-122.46295039, 37.80161507], [-122.46294638, 37.80161343], [-122.46294206, 37.80161224], [-122.46293749, 37.80161155], [-122.46293273, 37.80161139]]}}, {"type": "Feature", "properties": {"weight": "light", "source": "R-10434.2"}, "geometry": {"type": "LineString", "coordinates": [[-122.46293273, 37.80161139], [-122.46292799, 37.80161178], [-122.46292349, 37.80161269], [-122.46291927, 37.80161408], [-122.46291539, 37.80161592], [-122.46291188, 37.80161815], [-122.46290881, 37.80162074], [-122.46290621, 37.80162365], [-122.46290414, 37.80162684], [-122.46290264, 37.80163027], [-122.46290177, 37.80163389], [-122.46290156, 37.80163767]]}}, {"type": "Feature", "properties": {"weight": "light", "source": "R-10434.2"}, "geometry": {"type": "LineString", "coordinates": [[-122.4600242, 37.80190586], [-122.46002469, 37.80190963], [-122.46002584, 37.8019132], [-122.46002759, 37.80191655], [-122.46002991, 37.80191963], [-122.46003272, 37.80192241], [-122.46003599, 37.80192485], [-122.46003966, 37.80192691], [-122.46004367, 37.80192855], [-122.46004799, 37.80192974], [-122.46005255, 37.80193043], [-122.46005732, 37.8019306]]}}, {"type": "Feature", "properties": {"weight": "light", "source": "R-10434.2"}, "geometry": {"type": "LineString", "coordinates": [[-122.46005732, 37.8019306], [-122.46006206, 37.80193021], [-122.46006656, 37.80192929], [-122.46007078, 37.8019279], [-122.46007466, 37.80192607], [-122.46007817, 37.80192383], [-122.46008124, 37.80192124], [-122.46008384, 37.80191833], [-122.46008591, 37.80191514], [-122.46008741, 37.80191172], [-122.46008828, 37.8019081], [-122.46008849, 37.80190432]]}}, {"type": "Feature", "properties": {"weight": "light", "source": "R-10434.2"}, "geometry": {"type": "LineString", "coordinates": [[-122.46008849, 37.80190432], [-122.46008799, 37.80190056], [-122.46008684, 37.80189698], [-122.46008509, 37.80189364], [-122.46008278, 37.80189055], [-122.46007996, 37.80188777], [-122.4600767, 37.80188533], [-122.46007303, 37.80188327], [-122.46006901, 37.80188163], [-122.46006469, 37.80188044], [-122.46006013, 37.80187975], [-122.46005537, 37.80187959]]}}, {"type": "Feature", "properties": {"weight": "light", "source": "R-10434.2"}, "geometry": {"type": "LineString", "coordinates": [[-122.46005537, 37.80187959], [-122.46005063, 37.80187998], [-122.46004612, 37.80188089], [-122.46004191, 37.80188228], [-122.46003802, 37.80188412], [-122.46003452, 37.80188635], [-122.46003144, 37.80188894], [-122.46002884, 37.80189185], [-122.46002677, 37.80189504], [-122.46002528, 37.80189847], [-122.4600244, 37.80190209], [-122.4600242, 37.80190586]]}}, {"type": "Feature", "properties": {"weight": "light", "source": "R-10434.2"}, "geometry": {"type": "LineString", "coordinates": [[-122.46343772, 37.8018567], [-122.46343821, 37.80186046], [-122.46343936, 37.80186403], [-122.46344111, 37.80186738], [-122.46344343, 37.80187046], [-122.46344624, 37.80187324], [-122.46344951, 37.80187568], [-122.46345318, 37.80187774], [-122.46345719, 37.80187938], [-122.46346151, 37.80188057], [-122.46346608, 37.80188126], [-122.46347084, 37.80188143]]}}, {"type": "Feature", "properties": {"weight": "light", "source": "R-10434.2"}, "geometry": {"type": "LineString", "coordinates": [[-122.46347084, 37.80188143], [-122.46347558, 37.80188104], [-122.46348008, 37.80188012], [-122.4634843, 37.80187873], [-122.46348818, 37.8018769], [-122.46349169, 37.80187466], [-122.46349476, 37.80187207], [-122.46349736, 37.80186916], [-122.46349943, 37.80186597], [-122.46350093, 37.80186255], [-122.4635018, 37.80185892], [-122.463502, 37.80185515]]}}, {"type": "Feature", "properties": {"weight": "light", "source": "R-10434.2"}, "geometry": {"type": "LineString", "coordinates": [[-122.463502, 37.80185515], [-122.46350151, 37.80185139], [-122.46350036, 37.80184781], [-122.46349861, 37.80184447], [-122.4634963, 37.80184138], [-122.46349348, 37.8018386], [-122.46349021, 37.80183616], [-122.46348655, 37.8018341], [-122.46348253, 37.80183246], [-122.46347821, 37.80183127], [-122.46347365, 37.80183058], [-122.46346888, 37.80183042]]}}, {"type": "Feature", "properties": {"weight": "light", "source": "R-10434.2"}, "geometry": {"type": "LineString", "coordinates": [[-122.46346888, 37.80183042], [-122.46346415, 37.80183081], [-122.46345964, 37.80183172], [-122.46345542, 37.80183311], [-122.46345154, 37.80183495], [-122.46344803, 37.80183718], [-122.46344496, 37.80183977], [-122.46344236, 37.80184268], [-122.46344029, 37.80184587], [-122.4634388, 37.8018493], [-122.46343792, 37.80185292], [-122.46343772, 37.8018567]]}}, {"type": "Feature", "properties": {"weight": "light", "source": "R-10434.2"}, "geometry": {"type": "LineString", "coordinates": [[-122.46776295, 37.80283615], [-122.46776344, 37.80283991], [-122.46776459, 37.80284348], [-122.46776635, 37.80284683], [-122.46776866, 37.80284991], [-122.46777148, 37.80285269], [-122.46777474, 37.80285513], [-122.46777841, 37.80285719], [-122.46778243, 37.80285884], [-122.46778675, 37.80286002], [-122.46779131, 37.80286072], [-122.46779607, 37.80286088]]}}, {"type": "Feature", "properties": {"weight": "light", "source": "R-10434.2"}, "geometry": {"type": "LineString", "coordinates": [[-122.46779607, 37.80286088], [-122.46780081, 37.80286049], [-122.46780531, 37.80285958], [-122.46780953, 37.80285818], [-122.46781342, 37.80285635], [-122.46781692, 37.80285412], [-122.46782, 37.80285152], [-122.46782259, 37.80284861], [-122.46782466, 37.80284542], [-122.46782616, 37.802842], [-122.46782704, 37.80283838], [-122.46782724, 37.8028346]]}}, {"type": "Feature", "properties": {"weight": "light", "source": "R-10434.2"}, "geometry": {"type": "LineString", "coordinates": [[-122.46782724, 37.8028346], [-122.46782675, 37.80283084], [-122.4678256, 37.80282727], [-122.46782384, 37.80282392], [-122.46782153, 37.80282084], [-122.46781871, 37.80281806], [-122.46781545, 37.80281562], [-122.46781178, 37.80281356], [-122.46780776, 37.80281191], [-122.46780344, 37.80281072], [-122.46779888, 37.80281003], [-122.46779412, 37.80280987]]}}, {"type": "Feature", "properties": {"weight": "light", "source": "R-10434.2"}, "geometry": {"type": "LineString", "coordinates": [[-122.46779412, 37.80280987], [-122.46778938, 37.80281026], [-122.46778488, 37.80281117], [-122.46778066, 37.80281257], [-122.46777677, 37.8028144], [-122.46777327, 37.80281663], [-122.46777019, 37.80281923], [-122.4677676, 37.80282214], [-122.46776553, 37.80282532], [-122.46776403, 37.80282875], [-122.46776315, 37.80283237], [-122.46776295, 37.80283615]]}}, {"type": "Feature", "properties": {"weight": "light", "source": "R-10434.2"}, "geometry": {"type": "LineString", "coordinates": [[-122.46786049, 37.80270077], [-122.46786099, 37.80270453], [-122.46786214, 37.8027081], [-122.46786389, 37.80271145], [-122.4678662, 37.80271453], [-122.46786902, 37.80271731], [-122.46787229, 37.80271975], [-122.46787595, 37.80272181], [-122.46787997, 37.80272346], [-122.46788429, 37.80272465], [-122.46788885, 37.80272534], [-122.46789362, 37.8027255]]}}, {"type": "Feature", "properties": {"weight": "light", "source": "R-10434.2"}, "geometry": {"type": "LineString", "coordinates": [[-122.46789362, 37.8027255], [-122.46789836, 37.80272511], [-122.46790286, 37.8027242], [-122.46790708, 37.8027228], [-122.46791096, 37.80272097], [-122.46791447, 37.80271874], [-122.46791754, 37.80271614], [-122.46792014, 37.80271323], [-122.46792221, 37.80271004], [-122.4679237, 37.80270662], [-122.46792458, 37.802703], [-122.46792478, 37.80269922]]}}, {"type": "Feature", "properties": {"weight": "light", "source": "R-10434.2"}, "geometry": {"type": "LineString", "coordinates": [[-122.46792478, 37.80269922], [-122.46792429, 37.80269546], [-122.46792314, 37.80269189], [-122.46792138, 37.80268854], [-122.46791907, 37.80268546], [-122.46791626, 37.80268268], [-122.46791299, 37.80268024], [-122.46790932, 37.80267818], [-122.4679053, 37.80267653], [-122.46790099, 37.80267535], [-122.46789642, 37.80267465], [-122.46789166, 37.80267449]]}}, {"type": "Feature", "properties": {"weight": "light", "source": "R-10434.2"}, "geometry": {"type": "LineString", "coordinates": [[-122.46789166, 37.80267449], [-122.46788692, 37.80267488], [-122.46788242, 37.80267579], [-122.4678782, 37.80267719], [-122.46787432, 37.80267902], [-122.46787081, 37.80268125], [-122.46786774, 37.80268385], [-122.46786514, 37.80268676], [-122.46786307, 37.80268995], [-122.46786157, 37.80269337], [-122.4678607, 37.80269699], [-122.46786049, 37.80270077]]}}, {"type": "Feature", "properties": {"weight": "light", "source": "R-10434.2"}, "geometry": {"type": "LineString", "coordinates": [[-122.46803022, 37.80261173], [-122.46803071, 37.80261549], [-122.46803186, 37.80261907], [-122.46803362, 37.80262241], [-122.46803593, 37.8026255], [-122.46803875, 37.80262828], [-122.46804201, 37.80263072], [-122.46804568, 37.80263278], [-122.4680497, 37.80263442], [-122.46805402, 37.80263561], [-122.46805858, 37.8026363], [-122.46806334, 37.80263646]]}}, {"type": "Feature", "properties": {"weight": "light", "source": "R-10434.2"}, "geometry": {"type": "LineString", "coordinates": [[-122.46806334, 37.80263646], [-122.46806808, 37.80263607], [-122.46807259, 37.80263516], [-122.4680768, 37.80263377], [-122.46808069, 37.80263193], [-122.46808419, 37.8026297], [-122.46808727, 37.80262711], [-122.46808986, 37.8026242], [-122.46809194, 37.80262101], [-122.46809343, 37.80261758], [-122.46809431, 37.80261396], [-122.46809451, 37.80261018]]}}, {"type": "Feature", "properties": {"weight": "light", "source": "R-10434.2"}, "geometry": {"type": "LineString", "coordinates": [[-122.46809451, 37.80261018], [-122.46809402, 37.80260642], [-122.46809287, 37.80260285], [-122.46809111, 37.8025995], [-122.4680888, 37.80259642], [-122.46808599, 37.80259364], [-122.46808272, 37.8025912], [-122.46807905, 37.80258914], [-122.46807503, 37.8025875], [-122.46807071, 37.80258631], [-122.46806615, 37.80258561], [-122.46806139, 37.80258545]]}}, {"type": "Feature", "properties": {"weight": "light", "source": "R-10434.2"}, "geometry": {"type": "LineString", "coordinates": [[-122.46806139, 37.80258545], [-122.46805665, 37.80258584], [-122.46805215, 37.80258676], [-122.46804793, 37.80258815], [-122.46804404, 37.80258998], [-122.46804054, 37.80259222], [-122.46803746, 37.80259481], [-122.46803487, 37.80259772], [-122.4680328, 37.80260091], [-122.4680313, 37.80260433], [-122.46803043, 37.80260796], [-122.46803022, 37.80261173]]}}]}